 T(K), V (V), Iel(T;V) (A), 
 100.0000000000000, -.5847885853785946E-02, -.1744163981427547E-06, 
 100.0000000000000, -.5789113131637344E-02, -.1726645057358119E-06, 
 100.0000000000000, -.5730340409488741E-02, -.1709125819496362E-06, 
 100.0000000000000, -.5671567687340139E-02, -.1691606271017207E-06, 
 100.0000000000000, -.5612794965191536E-02, -.1674086415095849E-06, 
 100.0000000000000, -.5554022243042933E-02, -.1656566254907866E-06, 
 100.0000000000000, -.5495249520894332E-02, -.1639045793629132E-06, 
 100.0000000000000, -.5436476798745729E-02, -.1621525034435842E-06, 
 100.0000000000000, -.5377704076597127E-02, -.1604003980504524E-06, 
 100.0000000000000, -.5318931354448524E-02, -.1586482635012014E-06, 
 100.0000000000000, -.5260158632299922E-02, -.1568961001135457E-06, 
 100.0000000000000, -.5201385910151319E-02, -.1551439082052278E-06, 
 100.0000000000000, -.5142613188002717E-02, -.1533916880940269E-06, 
 100.0000000000000, -.5083840465854114E-02, -.1516394400977445E-06, 
 100.0000000000000, -.5025067743705511E-02, -.1498871645342200E-06, 
 100.0000000000000, -.4966295021556909E-02, -.1481348617213125E-06, 
 100.0000000000000, -.4907522299408306E-02, -.1463825319769205E-06, 
 100.0000000000000, -.4848749577259704E-02, -.1446301756189638E-06, 
 100.0000000000000, -.4789976855111101E-02, -.1428777929653934E-06, 
 100.0000000000000, -.4731204132962500E-02, -.1411253843341862E-06, 
 100.0000000000000, -.4672431410813896E-02, -.1393729500433489E-06, 
 100.0000000000000, -.4613658688665295E-02, -.1376204904109158E-06, 
 100.0000000000000, -.4554885966516692E-02, -.1358680057549474E-06, 
 100.0000000000000, -.4496113244368089E-02, -.1341154963935306E-06, 
 100.0000000000000, -.4437340522219487E-02, -.1323629626447756E-06, 
 100.0000000000000, -.4378567800070884E-02, -.1306104048268262E-06, 
 100.0000000000000, -.4319795077922282E-02, -.1288578232578437E-06, 
 100.0000000000000, -.4261022355773679E-02, -.1271052182560210E-06, 
 100.0000000000000, -.4202249633625077E-02, -.1253525901395723E-06, 
 100.0000000000000, -.4143476911476474E-02, -.1235999392267367E-06, 
 100.0000000000000, -.4084704189327872E-02, -.1218472658357794E-06, 
 100.0000000000000, -.4025931467179269E-02, -.1200945702849865E-06, 
 100.0000000000000, -.3967158745030668E-02, -.1183418528926706E-06, 
 100.0000000000000, -.3908386022882064E-02, -.1165891139771653E-06, 
 100.0000000000000, -.3849613300733462E-02, -.1148363538568308E-06, 
 100.0000000000000, -.3790840578584859E-02, -.1130835728500451E-06, 
 100.0000000000000, -.3732067856436257E-02, -.1113307712752120E-06, 
 100.0000000000000, -.3673295134287655E-02, -.1095779494507544E-06, 
 100.0000000000000, -.3614522412139052E-02, -.1078251076951192E-06, 
 100.0000000000000, -.3555749689990450E-02, -.1060722463267736E-06, 
 100.0000000000000, -.3496976967841847E-02, -.1043193656642058E-06, 
 100.0000000000000, -.3438204245693245E-02, -.1025664660259241E-06, 
 100.0000000000000, -.3379431523544643E-02, -.1008135477304569E-06, 
 100.0000000000000, -.3320658801396040E-02, -.9906061109635374E-07, 
 100.0000000000000, -.3261886079247437E-02, -.9730765644218164E-07, 
 100.0000000000000, -.3203113357098835E-02, -.9555468408652910E-07, 
 100.0000000000000, -.3144340634950232E-02, -.9380169434800143E-07, 
 100.0000000000000, -.3085567912801630E-02, -.9204868754522499E-07, 
 100.0000000000000, -.3026795190653028E-02, -.9029566399683946E-07, 
 100.0000000000000, -.2968022468504425E-02, -.8854262402150807E-07, 
 100.0000000000000, -.2909249746355823E-02, -.8678956793790849E-07, 
 100.0000000000000, -.2850477024207220E-02, -.8503649606473593E-07, 
 100.0000000000000, -.2791704302058618E-02, -.8328340872070313E-07, 
 100.0000000000000, -.2732931579910015E-02, -.8153030622453764E-07, 
 100.0000000000000, -.2674158857761413E-02, -.7977718889498521E-07, 
 100.0000000000000, -.2615386135612810E-02, -.7802405705080588E-07, 
 100.0000000000000, -.2556613413464208E-02, -.7627091101077615E-07, 
 100.0000000000000, -.2497840691315605E-02, -.7451775109368733E-07, 
 100.0000000000000, -.2439067969167003E-02, -.7276457761834341E-07, 
 100.0000000000000, -.2380295247018400E-02, -.7101139090356627E-07, 
 100.0000000000000, -.2321522524869798E-02, -.6925819126819042E-07, 
 100.0000000000000, -.2262749802721196E-02, -.6750497903106410E-07, 
 100.0000000000000, -.2203977080572593E-02, -.6575175451104863E-07, 
 100.0000000000000, -.2145204358423991E-02, -.6399851802701842E-07, 
 100.0000000000000, -.2086431636275388E-02, -.6224526989786203E-07, 
 100.0000000000000, -.2027658914126785E-02, -.6049201044247783E-07, 
 100.0000000000000, -.1968886191978183E-02, -.5873873997977842E-07, 
 100.0000000000000, -.1910113469829580E-02, -.5698545882868738E-07, 
 100.0000000000000, -.1851340747680978E-02, -.5523216730814016E-07, 
 100.0000000000000, -.1792568025532375E-02, -.5347886573708156E-07, 
 100.0000000000000, -.1733795303383773E-02, -.5172555443447016E-07, 
 100.0000000000000, -.1675022581235171E-02, -.4997223371927096E-07, 
 100.0000000000000, -.1616249859086569E-02, -.4821890391046277E-07, 
 100.0000000000000, -.1557477136937966E-02, -.4646556532703145E-07, 
 100.0000000000000, -.1498704414789363E-02, -.4471221828797373E-07, 
 100.0000000000000, -.1439931692640761E-02, -.4295886311229437E-07, 
 100.0000000000000, -.1381158970492158E-02, -.4120550011900761E-07, 
 100.0000000000000, -.1322386248343556E-02, -.3945212962713453E-07, 
 100.0000000000000, -.1263613526194953E-02, -.3769875195570664E-07, 
 100.0000000000000, -.1204840804046351E-02, -.3594536742376146E-07, 
 100.0000000000000, -.1146068081897748E-02, -.3419197635034312E-07, 
 100.0000000000000, -.1087295359749146E-02, -.3243857905450438E-07, 
 100.0000000000000, -.1028522637600543E-02, -.3068517585530402E-07, 
 100.0000000000000, -.9697499154519406E-03, -.2893176707180660E-07, 
 100.0000000000000, -.9109771933033389E-03, -.2717835302308330E-07, 
 100.0000000000000, -.8522044711547364E-03, -.2542493402821047E-07, 
 100.0000000000000, -.7934317490061338E-03, -.2367151040627041E-07, 
 100.0000000000000, -.7346590268575313E-03, -.2191808247634885E-07, 
 100.0000000000000, -.6758863047089288E-03, -.2016465055753779E-07, 
 100.0000000000000, -.6171135825603262E-03, -.1841121496893247E-07, 
 100.0000000000000, -.5583408604117237E-03, -.1665777602963276E-07, 
 100.0000000000000, -.4995681382631212E-03, -.1490433405874131E-07, 
 100.0000000000000, -.4407954161145186E-03, -.1315088937536440E-07, 
 100.0000000000000, -.3820226939659161E-03, -.1139744229861110E-07, 
 100.0000000000000, -.3232499718173135E-03, -.9643993147593406E-08, 
 100.0000000000000, -.2644772496687110E-03, -.7890542241424893E-08, 
 100.0000000000000, -.2057045275201093E-03, -.6137089899221525E-08, 
 100.0000000000000, -.1469318053715068E-03, -.4383636440100413E-08, 
 100.0000000000000, -.8815908322290424E-04, -.2630182183180156E-08, 
 100.0000000000000, -.2938636107430170E-04, -.8767274475800735E-09, 
 100.0000000000000, .2938636107430084E-04, .8767274475800639E-09, 
 100.0000000000000, .8815908322290338E-04, .2630182183180131E-08, 
 100.0000000000000, .1469318053715059E-03, .4383636440100410E-08, 
 100.0000000000000, .2057045275201085E-03, .6137089899221507E-08, 
 100.0000000000000, .2644772496687110E-03, .7890542241424893E-08, 
 100.0000000000000, .3232499718173135E-03, .9643993147593406E-08, 
 100.0000000000000, .3820226939659161E-03, .1139744229861110E-07, 
 100.0000000000000, .4407954161145186E-03, .1315088937536440E-07, 
 100.0000000000000, .4995681382631212E-03, .1490433405874131E-07, 
 100.0000000000000, .5583408604117228E-03, .1665777602963274E-07, 
 100.0000000000000, .6171135825603254E-03, .1841121496893246E-07, 
 100.0000000000000, .6758863047089279E-03, .2016465055753776E-07, 
 100.0000000000000, .7346590268575304E-03, .2191808247634883E-07, 
 100.0000000000000, .7934317490061330E-03, .2367151040627037E-07, 
 100.0000000000000, .8522044711547355E-03, .2542493402821046E-07, 
 100.0000000000000, .9109771933033381E-03, .2717835302308330E-07, 
 100.0000000000000, .9697499154519406E-03, .2893176707180660E-07, 
 100.0000000000000, .1028522637600543E-02, .3068517585530402E-07, 
 100.0000000000000, .1087295359749146E-02, .3243857905450438E-07, 
 100.0000000000000, .1146068081897748E-02, .3419197635034312E-07, 
 100.0000000000000, .1204840804046351E-02, .3594536742376146E-07, 
 100.0000000000000, .1263613526194953E-02, .3769875195570664E-07, 
 100.0000000000000, .1322386248343555E-02, .3945212962713453E-07, 
 100.0000000000000, .1381158970492158E-02, .4120550011900757E-07, 
 100.0000000000000, .1439931692640760E-02, .4295886311229433E-07, 
 100.0000000000000, .1498704414789363E-02, .4471221828797373E-07, 
 100.0000000000000, .1557477136937965E-02, .4646556532703144E-07, 
 100.0000000000000, .1616249859086568E-02, .4821890391046273E-07, 
 100.0000000000000, .1675022581235170E-02, .4997223371927094E-07, 
 100.0000000000000, .1733795303383773E-02, .5172555443447016E-07, 
 100.0000000000000, .1792568025532375E-02, .5347886573708156E-07, 
 100.0000000000000, .1851340747680978E-02, .5523216730814016E-07, 
 100.0000000000000, .1910113469829580E-02, .5698545882868738E-07, 
 100.0000000000000, .1968886191978182E-02, .5873873997977834E-07, 
 100.0000000000000, .2027658914126785E-02, .6049201044247783E-07, 
 100.0000000000000, .2086431636275387E-02, .6224526989786197E-07, 
 100.0000000000000, .2145204358423991E-02, .6399851802701842E-07, 
 100.0000000000000, .2203977080572592E-02, .6575175451104862E-07, 
 100.0000000000000, .2262749802721196E-02, .6750497903106410E-07, 
 100.0000000000000, .2321522524869797E-02, .6925819126819042E-07, 
 100.0000000000000, .2380295247018401E-02, .7101139090356628E-07, 
 100.0000000000000, .2439067969167002E-02, .7276457761834343E-07, 
 100.0000000000000, .2497840691315604E-02, .7451775109368729E-07, 
 100.0000000000000, .2556613413464207E-02, .7627091101077612E-07, 
 100.0000000000000, .2615386135612809E-02, .7802405705080581E-07, 
 100.0000000000000, .2674158857761413E-02, .7977718889498521E-07, 
 100.0000000000000, .2732931579910014E-02, .8153030622453764E-07, 
 100.0000000000000, .2791704302058618E-02, .8328340872070313E-07, 
 100.0000000000000, .2850477024207219E-02, .8503649606473590E-07, 
 100.0000000000000, .2909249746355823E-02, .8678956793790849E-07, 
 100.0000000000000, .2968022468504424E-02, .8854262402150806E-07, 
 100.0000000000000, .3026795190653028E-02, .9029566399683946E-07, 
 100.0000000000000, .3085567912801629E-02, .9204868754522495E-07, 
 100.0000000000000, .3144340634950233E-02, .9380169434800143E-07, 
 100.0000000000000, .3203113357098834E-02, .9555468408652910E-07, 
 100.0000000000000, .3261886079247436E-02, .9730765644218157E-07, 
 100.0000000000000, .3320658801396040E-02, .9906061109635374E-07, 
 100.0000000000000, .3379431523544641E-02, .1008135477304569E-06, 
 100.0000000000000, .3438204245693245E-02, .1025664660259241E-06, 
 100.0000000000000, .3496976967841846E-02, .1043193656642057E-06, 
 100.0000000000000, .3555749689990450E-02, .1060722463267736E-06, 
 100.0000000000000, .3614522412139051E-02, .1078251076951191E-06, 
 100.0000000000000, .3673295134287655E-02, .1095779494507544E-06, 
 100.0000000000000, .3732067856436256E-02, .1113307712752120E-06, 
 100.0000000000000, .3790840578584860E-02, .1130835728500451E-06, 
 100.0000000000000, .3849613300733462E-02, .1148363538568308E-06, 
 100.0000000000000, .3908386022882065E-02, .1165891139771653E-06, 
 100.0000000000000, .3967158745030667E-02, .1183418528926705E-06, 
 100.0000000000000, .4025931467179268E-02, .1200945702849865E-06, 
 100.0000000000000, .4084704189327872E-02, .1218472658357794E-06, 
 100.0000000000000, .4143476911476473E-02, .1235999392267367E-06, 
 100.0000000000000, .4202249633625077E-02, .1253525901395723E-06, 
 100.0000000000000, .4261022355773678E-02, .1271052182560210E-06, 
 100.0000000000000, .4319795077922282E-02, .1288578232578437E-06, 
 100.0000000000000, .4378567800070884E-02, .1306104048268262E-06, 
 100.0000000000000, .4437340522219487E-02, .1323629626447756E-06, 
 100.0000000000000, .4496113244368089E-02, .1341154963935305E-06, 
 100.0000000000000, .4554885966516692E-02, .1358680057549474E-06, 
 100.0000000000000, .4613658688665294E-02, .1376204904109158E-06, 
 100.0000000000000, .4672431410813897E-02, .1393729500433489E-06, 
 100.0000000000000, .4731204132962499E-02, .1411253843341862E-06, 
 100.0000000000000, .4789976855111100E-02, .1428777929653934E-06, 
 100.0000000000000, .4848749577259704E-02, .1446301756189638E-06, 
 100.0000000000000, .4907522299408306E-02, .1463825319769205E-06, 
 100.0000000000000, .4966295021556909E-02, .1481348617213125E-06, 
 100.0000000000000, .5025067743705511E-02, .1498871645342199E-06, 
 100.0000000000000, .5083840465854114E-02, .1516394400977445E-06, 
 100.0000000000000, .5142613188002716E-02, .1533916880940268E-06, 
 100.0000000000000, .5201385910151319E-02, .1551439082052278E-06, 
 100.0000000000000, .5260158632299921E-02, .1568961001135457E-06, 
 100.0000000000000, .5318931354448524E-02, .1586482635012014E-06, 
 100.0000000000000, .5377704076597126E-02, .1604003980504523E-06, 
 100.0000000000000, .5436476798745728E-02, .1621525034435841E-06, 
 100.0000000000000, .5495249520894331E-02, .1639045793629132E-06, 
 100.0000000000000, .5554022243042933E-02, .1656566254907865E-06, 
 100.0000000000000, .5612794965191536E-02, .1674086415095849E-06, 
 100.0000000000000, .5671567687340138E-02, .1691606271017208E-06, 
 100.0000000000000, .5730340409488741E-02, .1709125819496362E-06, 
 100.0000000000000, .5789113131637343E-02, .1726645057358119E-06, 
 100.0000000000000, .5847885853785946E-02, .1744163981427547E-06, 
 150.0000000000000, -.5847885853785946E-02, -.1696093053064004E-06, 
 150.0000000000000, -.5789113131637344E-02, -.1679055786990324E-06, 
 150.0000000000000, -.5730340409488741E-02, -.1662018251523521E-06, 
 150.0000000000000, -.5671567687340139E-02, -.1644980449390376E-06, 
 150.0000000000000, -.5612794965191536E-02, -.1627942383317978E-06, 
 150.0000000000000, -.5554022243042933E-02, -.1610904056033639E-06, 
 150.0000000000000, -.5495249520894332E-02, -.1593865470264941E-06, 
 150.0000000000000, -.5436476798745729E-02, -.1576826628739658E-06, 
 150.0000000000000, -.5377704076597127E-02, -.1559787534185825E-06, 
 150.0000000000000, -.5318931354448524E-02, -.1542748189331779E-06, 
 150.0000000000000, -.5260158632299922E-02, -.1525708596905958E-06, 
 150.0000000000000, -.5201385910151319E-02, -.1508668759637140E-06, 
 150.0000000000000, -.5142613188002717E-02, -.1491628680254303E-06, 
 150.0000000000000, -.5083840465854114E-02, -.1474588361486619E-06, 
 150.0000000000000, -.5025067743705511E-02, -.1457547806063518E-06, 
 150.0000000000000, -.4966295021556909E-02, -.1440507016714634E-06, 
 150.0000000000000, -.4907522299408306E-02, -.1423465996169848E-06, 
 150.0000000000000, -.4848749577259704E-02, -.1406424747159201E-06, 
 150.0000000000000, -.4789976855111101E-02, -.1389383272412995E-06, 
 150.0000000000000, -.4731204132962500E-02, -.1372341574661728E-06, 
 150.0000000000000, -.4672431410813896E-02, -.1355299656636114E-06, 
 150.0000000000000, -.4613658688665295E-02, -.1338257521067028E-06, 
 150.0000000000000, -.4554885966516692E-02, -.1321215170685637E-06, 
 150.0000000000000, -.4496113244368089E-02, -.1304172608223217E-06, 
 150.0000000000000, -.4437340522219487E-02, -.1287129836411292E-06, 
 150.0000000000000, -.4378567800070884E-02, -.1270086857981561E-06, 
 150.0000000000000, -.4319795077922282E-02, -.1253043675665937E-06, 
 150.0000000000000, -.4261022355773679E-02, -.1236000292196517E-06, 
 150.0000000000000, -.4202249633625077E-02, -.1218956710305560E-06, 
 150.0000000000000, -.4143476911476474E-02, -.1201912932725540E-06, 
 150.0000000000000, -.4084704189327872E-02, -.1184868962189090E-06, 
 150.0000000000000, -.4025931467179269E-02, -.1167824801429056E-06, 
 150.0000000000000, -.3967158745030668E-02, -.1150780453178428E-06, 
 150.0000000000000, -.3908386022882064E-02, -.1133735920170384E-06, 
 150.0000000000000, -.3849613300733462E-02, -.1116691205138278E-06, 
 150.0000000000000, -.3790840578584859E-02, -.1099646310815637E-06, 
 150.0000000000000, -.3732067856436257E-02, -.1082601239936143E-06, 
 150.0000000000000, -.3673295134287655E-02, -.1065555995233643E-06, 
 150.0000000000000, -.3614522412139052E-02, -.1048510579442165E-06, 
 150.0000000000000, -.3555749689990450E-02, -.1031464995295879E-06, 
 150.0000000000000, -.3496976967841847E-02, -.1014419245529105E-06, 
 150.0000000000000, -.3438204245693245E-02, -.9973733328763451E-07, 
 150.0000000000000, -.3379431523544643E-02, -.9803272600722409E-07, 
 150.0000000000000, -.3320658801396040E-02, -.9632810298515607E-07, 
 150.0000000000000, -.3261886079247437E-02, -.9462346449492571E-07, 
 150.0000000000000, -.3203113357098835E-02, -.9291881081003981E-07, 
 150.0000000000000, -.3144340634950232E-02, -.9121414220402128E-07, 
 150.0000000000000, -.3085567912801630E-02, -.8950945895040577E-07, 
 150.0000000000000, -.3026795190653028E-02, -.8780476132274233E-07, 
 150.0000000000000, -.2968022468504425E-02, -.8610004959459642E-07, 
 150.0000000000000, -.2909249746355823E-02, -.8439532403954285E-07, 
 150.0000000000000, -.2850477024207220E-02, -.8269058493116984E-07, 
 150.0000000000000, -.2791704302058618E-02, -.8098583254308049E-07, 
 150.0000000000000, -.2732931579910015E-02, -.7928106714888884E-07, 
 150.0000000000000, -.2674158857761413E-02, -.7757628902222132E-07, 
 150.0000000000000, -.2615386135612810E-02, -.7587149843671588E-07, 
 150.0000000000000, -.2556613413464208E-02, -.7416669566602194E-07, 
 150.0000000000000, -.2497840691315605E-02, -.7246188098380319E-07, 
 150.0000000000000, -.2439067969167003E-02, -.7075705466372934E-07, 
 150.0000000000000, -.2380295247018400E-02, -.6905221697948586E-07, 
 150.0000000000000, -.2321522524869798E-02, -.6734736820476414E-07, 
 150.0000000000000, -.2262749802721196E-02, -.6564250861327035E-07, 
 150.0000000000000, -.2203977080572593E-02, -.6393763847871860E-07, 
 150.0000000000000, -.2145204358423991E-02, -.6223275807483255E-07, 
 150.0000000000000, -.2086431636275388E-02, -.6052786767534614E-07, 
 150.0000000000000, -.2027658914126785E-02, -.5882296755400238E-07, 
 150.0000000000000, -.1968886191978183E-02, -.5711805798455414E-07, 
 150.0000000000000, -.1910113469829580E-02, -.5541313924076182E-07, 
 150.0000000000000, -.1851340747680978E-02, -.5370821159639464E-07, 
 150.0000000000000, -.1792568025532375E-02, -.5200327532523133E-07, 
 150.0000000000000, -.1733795303383773E-02, -.5029833070105726E-07, 
 150.0000000000000, -.1675022581235171E-02, -.4859337799766693E-07, 
 150.0000000000000, -.1616249859086569E-02, -.4688841748886083E-07, 
 150.0000000000000, -.1557477136937966E-02, -.4518344944844731E-07, 
 150.0000000000000, -.1498704414789363E-02, -.4347847415024308E-07, 
 150.0000000000000, -.1439931692640761E-02, -.4177349186806993E-07, 
 150.0000000000000, -.1381158970492158E-02, -.4006850287575622E-07, 
 150.0000000000000, -.1322386248343556E-02, -.3836350744713820E-07, 
 150.0000000000000, -.1263613526194953E-02, -.3665850585605640E-07, 
 150.0000000000000, -.1204840804046351E-02, -.3495349837635772E-07, 
 150.0000000000000, -.1146068081897748E-02, -.3324848528189500E-07, 
 150.0000000000000, -.1087295359749146E-02, -.3154346684652584E-07, 
 150.0000000000000, -.1028522637600543E-02, -.2983844334411266E-07, 
 150.0000000000000, -.9697499154519406E-03, -.2813341504852309E-07, 
 150.0000000000000, -.9109771933033389E-03, -.2642838223362862E-07, 
 150.0000000000000, -.8522044711547364E-03, -.2472334517330581E-07, 
 150.0000000000000, -.7934317490061338E-03, -.2301830414143470E-07, 
 150.0000000000000, -.7346590268575313E-03, -.2131325941189889E-07, 
 150.0000000000000, -.6758863047089288E-03, -.1960821125858551E-07, 
 150.0000000000000, -.6171135825603262E-03, -.1790315995538496E-07, 
 150.0000000000000, -.5583408604117237E-03, -.1619810577619121E-07, 
 150.0000000000000, -.4995681382631212E-03, -.1449304899489975E-07, 
 150.0000000000000, -.4407954161145186E-03, -.1278798988540924E-07, 
 150.0000000000000, -.3820226939659161E-03, -.1108292872162010E-07, 
 150.0000000000000, -.3232499718173135E-03, -.9377865777435208E-08, 
 150.0000000000000, -.2644772496687110E-03, -.7672801326758740E-08, 
 150.0000000000000, -.2057045275201093E-03, -.5967735643496317E-08, 
 150.0000000000000, -.1469318053715068E-03, -.4262669001554676E-08, 
 150.0000000000000, -.8815908322290424E-04, -.2557601674841559E-08, 
 150.0000000000000, -.2938636107430170E-04, -.8525339372653487E-09, 
 150.0000000000000, .2938636107430084E-04, .8525339372653422E-09, 
 150.0000000000000, .8815908322290338E-04, .2557601674841544E-08, 
 150.0000000000000, .1469318053715059E-03, .4262669001554675E-08, 
 150.0000000000000, .2057045275201085E-03, .5967735643496301E-08, 
 150.0000000000000, .2644772496687110E-03, .7672801326758740E-08, 
 150.0000000000000, .3232499718173135E-03, .9377865777435208E-08, 
 150.0000000000000, .3820226939659161E-03, .1108292872162010E-07, 
 150.0000000000000, .4407954161145186E-03, .1278798988540924E-07, 
 150.0000000000000, .4995681382631212E-03, .1449304899489975E-07, 
 150.0000000000000, .5583408604117228E-03, .1619810577619120E-07, 
 150.0000000000000, .6171135825603254E-03, .1790315995538495E-07, 
 150.0000000000000, .6758863047089279E-03, .1960821125858548E-07, 
 150.0000000000000, .7346590268575304E-03, .2131325941189886E-07, 
 150.0000000000000, .7934317490061330E-03, .2301830414143461E-07, 
 150.0000000000000, .8522044711547355E-03, .2472334517330578E-07, 
 150.0000000000000, .9109771933033381E-03, .2642838223362862E-07, 
 150.0000000000000, .9697499154519406E-03, .2813341504852309E-07, 
 150.0000000000000, .1028522637600543E-02, .2983844334411266E-07, 
 150.0000000000000, .1087295359749146E-02, .3154346684652584E-07, 
 150.0000000000000, .1146068081897748E-02, .3324848528189500E-07, 
 150.0000000000000, .1204840804046351E-02, .3495349837635772E-07, 
 150.0000000000000, .1263613526194953E-02, .3665850585605640E-07, 
 150.0000000000000, .1322386248343555E-02, .3836350744713816E-07, 
 150.0000000000000, .1381158970492158E-02, .4006850287575618E-07, 
 150.0000000000000, .1439931692640760E-02, .4177349186806989E-07, 
 150.0000000000000, .1498704414789363E-02, .4347847415024307E-07, 
 150.0000000000000, .1557477136937965E-02, .4518344944844730E-07, 
 150.0000000000000, .1616249859086568E-02, .4688841748886080E-07, 
 150.0000000000000, .1675022581235170E-02, .4859337799766692E-07, 
 150.0000000000000, .1733795303383773E-02, .5029833070105726E-07, 
 150.0000000000000, .1792568025532375E-02, .5200327532523133E-07, 
 150.0000000000000, .1851340747680978E-02, .5370821159639464E-07, 
 150.0000000000000, .1910113469829580E-02, .5541313924076182E-07, 
 150.0000000000000, .1968886191978182E-02, .5711805798455408E-07, 
 150.0000000000000, .2027658914126785E-02, .5882296755400238E-07, 
 150.0000000000000, .2086431636275387E-02, .6052786767534604E-07, 
 150.0000000000000, .2145204358423991E-02, .6223275807483255E-07, 
 150.0000000000000, .2203977080572592E-02, .6393763847871857E-07, 
 150.0000000000000, .2262749802721196E-02, .6564250861327035E-07, 
 150.0000000000000, .2321522524869797E-02, .6734736820476413E-07, 
 150.0000000000000, .2380295247018401E-02, .6905221697948597E-07, 
 150.0000000000000, .2439067969167002E-02, .7075705466372933E-07, 
 150.0000000000000, .2497840691315604E-02, .7246188098380319E-07, 
 150.0000000000000, .2556613413464207E-02, .7416669566602192E-07, 
 150.0000000000000, .2615386135612809E-02, .7587149843671584E-07, 
 150.0000000000000, .2674158857761413E-02, .7757628902222132E-07, 
 150.0000000000000, .2732931579910014E-02, .7928106714888884E-07, 
 150.0000000000000, .2791704302058618E-02, .8098583254308049E-07, 
 150.0000000000000, .2850477024207219E-02, .8269058493116981E-07, 
 150.0000000000000, .2909249746355823E-02, .8439532403954285E-07, 
 150.0000000000000, .2968022468504424E-02, .8610004959459641E-07, 
 150.0000000000000, .3026795190653028E-02, .8780476132274233E-07, 
 150.0000000000000, .3085567912801629E-02, .8950945895040571E-07, 
 150.0000000000000, .3144340634950233E-02, .9121414220402128E-07, 
 150.0000000000000, .3203113357098834E-02, .9291881081003981E-07, 
 150.0000000000000, .3261886079247436E-02, .9462346449492569E-07, 
 150.0000000000000, .3320658801396040E-02, .9632810298515607E-07, 
 150.0000000000000, .3379431523544641E-02, .9803272600722403E-07, 
 150.0000000000000, .3438204245693245E-02, .9973733328763451E-07, 
 150.0000000000000, .3496976967841846E-02, .1014419245529105E-06, 
 150.0000000000000, .3555749689990450E-02, .1031464995295879E-06, 
 150.0000000000000, .3614522412139051E-02, .1048510579442165E-06, 
 150.0000000000000, .3673295134287655E-02, .1065555995233643E-06, 
 150.0000000000000, .3732067856436256E-02, .1082601239936142E-06, 
 150.0000000000000, .3790840578584860E-02, .1099646310815637E-06, 
 150.0000000000000, .3849613300733462E-02, .1116691205138278E-06, 
 150.0000000000000, .3908386022882065E-02, .1133735920170384E-06, 
 150.0000000000000, .3967158745030667E-02, .1150780453178427E-06, 
 150.0000000000000, .4025931467179268E-02, .1167824801429056E-06, 
 150.0000000000000, .4084704189327872E-02, .1184868962189090E-06, 
 150.0000000000000, .4143476911476473E-02, .1201912932725540E-06, 
 150.0000000000000, .4202249633625077E-02, .1218956710305560E-06, 
 150.0000000000000, .4261022355773678E-02, .1236000292196517E-06, 
 150.0000000000000, .4319795077922282E-02, .1253043675665937E-06, 
 150.0000000000000, .4378567800070884E-02, .1270086857981560E-06, 
 150.0000000000000, .4437340522219487E-02, .1287129836411292E-06, 
 150.0000000000000, .4496113244368089E-02, .1304172608223215E-06, 
 150.0000000000000, .4554885966516692E-02, .1321215170685637E-06, 
 150.0000000000000, .4613658688665294E-02, .1338257521067028E-06, 
 150.0000000000000, .4672431410813897E-02, .1355299656636115E-06, 
 150.0000000000000, .4731204132962499E-02, .1372341574661728E-06, 
 150.0000000000000, .4789976855111100E-02, .1389383272412994E-06, 
 150.0000000000000, .4848749577259704E-02, .1406424747159201E-06, 
 150.0000000000000, .4907522299408306E-02, .1423465996169848E-06, 
 150.0000000000000, .4966295021556909E-02, .1440507016714634E-06, 
 150.0000000000000, .5025067743705511E-02, .1457547806063517E-06, 
 150.0000000000000, .5083840465854114E-02, .1474588361486619E-06, 
 150.0000000000000, .5142613188002716E-02, .1491628680254303E-06, 
 150.0000000000000, .5201385910151319E-02, .1508668759637140E-06, 
 150.0000000000000, .5260158632299921E-02, .1525708596905957E-06, 
 150.0000000000000, .5318931354448524E-02, .1542748189331779E-06, 
 150.0000000000000, .5377704076597126E-02, .1559787534185825E-06, 
 150.0000000000000, .5436476798745728E-02, .1576826628739658E-06, 
 150.0000000000000, .5495249520894331E-02, .1593865470264941E-06, 
 150.0000000000000, .5554022243042933E-02, .1610904056033638E-06, 
 150.0000000000000, .5612794965191536E-02, .1627942383317978E-06, 
 150.0000000000000, .5671567687340138E-02, .1644980449390377E-06, 
 150.0000000000000, .5730340409488741E-02, .1662018251523521E-06, 
 150.0000000000000, .5789113131637343E-02, .1679055786990324E-06, 
 150.0000000000000, .5847885853785946E-02, .1696093053064004E-06, 
 200.0000000000000, -.5847885853785946E-02, -.1641101115129790E-06, 
 200.0000000000000, -.5789113131637344E-02, -.1624615130522650E-06, 
 200.0000000000000, -.5730340409488741E-02, -.1608128918942249E-06, 
 200.0000000000000, -.5671567687340139E-02, -.1591642482687010E-06, 
 200.0000000000000, -.5612794965191536E-02, -.1575155824055551E-06, 
 200.0000000000000, -.5554022243042933E-02, -.1558668945346634E-06, 
 200.0000000000000, -.5495249520894332E-02, -.1542181848859254E-06, 
 200.0000000000000, -.5436476798745729E-02, -.1525694536892491E-06, 
 200.0000000000000, -.5377704076597127E-02, -.1509207011745689E-06, 
 200.0000000000000, -.5318931354448524E-02, -.1492719275718294E-06, 
 200.0000000000000, -.5260158632299922E-02, -.1476231331109986E-06, 
 200.0000000000000, -.5201385910151319E-02, -.1459743180220540E-06, 
 200.0000000000000, -.5142613188002717E-02, -.1443254825349937E-06, 
 200.0000000000000, -.5083840465854114E-02, -.1426766268798318E-06, 
 200.0000000000000, -.5025067743705511E-02, -.1410277512866007E-06, 
 200.0000000000000, -.4966295021556909E-02, -.1393788559853436E-06, 
 200.0000000000000, -.4907522299408306E-02, -.1377299412061226E-06, 
 200.0000000000000, -.4848749577259704E-02, -.1360810071790153E-06, 
 200.0000000000000, -.4789976855111101E-02, -.1344320541341124E-06, 
 200.0000000000000, -.4731204132962500E-02, -.1327830823015231E-06, 
 200.0000000000000, -.4672431410813896E-02, -.1311340919113724E-06, 
 200.0000000000000, -.4613658688665295E-02, -.1294850831937936E-06, 
 200.0000000000000, -.4554885966516692E-02, -.1278360563789436E-06, 
 200.0000000000000, -.4496113244368089E-02, -.1261870116969863E-06, 
 200.0000000000000, -.4437340522219487E-02, -.1245379493781018E-06, 
 200.0000000000000, -.4378567800070884E-02, -.1228888696524869E-06, 
 200.0000000000000, -.4319795077922282E-02, -.1212397727503535E-06, 
 200.0000000000000, -.4261022355773679E-02, -.1195906589019185E-06, 
 200.0000000000000, -.4202249633625077E-02, -.1179415283374224E-06, 
 200.0000000000000, -.4143476911476474E-02, -.1162923812871133E-06, 
 200.0000000000000, -.4084704189327872E-02, -.1146432179812545E-06, 
 200.0000000000000, -.4025931467179269E-02, -.1129940386501228E-06, 
 200.0000000000000, -.3967158745030668E-02, -.1113448435240061E-06, 
 200.0000000000000, -.3908386022882064E-02, -.1096956328332058E-06, 
 200.0000000000000, -.3849613300733462E-02, -.1080464068080354E-06, 
 200.0000000000000, -.3790840578584859E-02, -.1063971656788223E-06, 
 200.0000000000000, -.3732067856436257E-02, -.1047479096759033E-06, 
 200.0000000000000, -.3673295134287655E-02, -.1030986390296291E-06, 
 200.0000000000000, -.3614522412139052E-02, -.1014493539703613E-06, 
 200.0000000000000, -.3555749689990450E-02, -.9980005472847371E-07, 
 200.0000000000000, -.3496976967841847E-02, -.9815074153435100E-07, 
 200.0000000000000, -.3438204245693245E-02, -.9650141461838856E-07, 
 200.0000000000000, -.3379431523544643E-02, -.9485207421099219E-07, 
 200.0000000000000, -.3320658801396040E-02, -.9320272054258141E-07, 
 200.0000000000000, -.3261886079247437E-02, -.9155335384358372E-07, 
 200.0000000000000, -.3203113357098835E-02, -.8990397434443725E-07, 
 200.0000000000000, -.3144340634950232E-02, -.8825458227559119E-07, 
 200.0000000000000, -.3085567912801630E-02, -.8660517786750468E-07, 
 200.0000000000000, -.3026795190653028E-02, -.8495576135064679E-07, 
 200.0000000000000, -.2968022468504425E-02, -.8330633295549481E-07, 
 200.0000000000000, -.2909249746355823E-02, -.8165689291253872E-07, 
 200.0000000000000, -.2850477024207220E-02, -.8000744145227378E-07, 
 200.0000000000000, -.2791704302058618E-02, -.7835797880520752E-07, 
 200.0000000000000, -.2732931579910015E-02, -.7670850520185499E-07, 
 200.0000000000000, -.2674158857761413E-02, -.7505902087274059E-07, 
 200.0000000000000, -.2615386135612810E-02, -.7340952604839755E-07, 
 200.0000000000000, -.2556613413464208E-02, -.7176002095936579E-07, 
 200.0000000000000, -.2497840691315605E-02, -.7011050583619589E-07, 
 200.0000000000000, -.2439067969167003E-02, -.6846098090944425E-07, 
 200.0000000000000, -.2380295247018400E-02, -.6681144640967609E-07, 
 200.0000000000000, -.2321522524869798E-02, -.6516190256746581E-07, 
 200.0000000000000, -.2262749802721196E-02, -.6351234961339180E-07, 
 200.0000000000000, -.2203977080572593E-02, -.6186278777804361E-07, 
 200.0000000000000, -.2145204358423991E-02, -.6021321729201459E-07, 
 200.0000000000000, -.2086431636275388E-02, -.5856363838590647E-07, 
 200.0000000000000, -.2027658914126785E-02, -.5691405129032894E-07, 
 200.0000000000000, -.1968886191978183E-02, -.5526445623589573E-07, 
 200.0000000000000, -.1910113469829580E-02, -.5361485345322857E-07, 
 200.0000000000000, -.1851340747680978E-02, -.5196524317295489E-07, 
 200.0000000000000, -.1792568025532375E-02, -.5031562562570893E-07, 
 200.0000000000000, -.1733795303383773E-02, -.4866600104212899E-07, 
 200.0000000000000, -.1675022581235171E-02, -.4701636965286077E-07, 
 200.0000000000000, -.1616249859086569E-02, -.4536673168855494E-07, 
 200.0000000000000, -.1557477136937966E-02, -.4371708737986612E-07, 
 200.0000000000000, -.1498704414789363E-02, -.4206743695745646E-07, 
 200.0000000000000, -.1439931692640761E-02, -.4041778065199003E-07, 
 200.0000000000000, -.1381158970492158E-02, -.3876811869413887E-07, 
 200.0000000000000, -.1322386248343556E-02, -.3711845131457647E-07, 
 200.0000000000000, -.1263613526194953E-02, -.3546877874398280E-07, 
 200.0000000000000, -.1204840804046351E-02, -.3381910121304126E-07, 
 200.0000000000000, -.1146068081897748E-02, -.3216941895243926E-07, 
 200.0000000000000, -.1087295359749146E-02, -.3051973219286786E-07, 
 200.0000000000000, -.1028522637600543E-02, -.2887004116502117E-07, 
 200.0000000000000, -.9697499154519406E-03, -.2722034609959811E-07, 
 200.0000000000000, -.9109771933033389E-03, -.2557064722730009E-07, 
 200.0000000000000, -.8522044711547364E-03, -.2392094477883115E-07, 
 200.0000000000000, -.7934317490061338E-03, -.2227123898489882E-07, 
 200.0000000000000, -.7346590268575313E-03, -.2062153007621272E-07, 
 200.0000000000000, -.6758863047089288E-03, -.1897181828348598E-07, 
 200.0000000000000, -.6171135825603262E-03, -.1732210383743286E-07, 
 200.0000000000000, -.5583408604117237E-03, -.1567238696877061E-07, 
 200.0000000000000, -.4995681382631212E-03, -.1402266790821797E-07, 
 200.0000000000000, -.4407954161145186E-03, -.1237294688649531E-07, 
 200.0000000000000, -.3820226939659161E-03, -.1072322413432501E-07, 
 200.0000000000000, -.3232499718173135E-03, -.9073499882430588E-08, 
 200.0000000000000, -.2644772496687110E-03, -.7423774361536863E-08, 
 200.0000000000000, -.2057045275201093E-03, -.5774047802369612E-08, 
 200.0000000000000, -.1469318053715068E-03, -.4124320435655248E-08, 
 200.0000000000000, -.8815908322290424E-04, -.2474592492121145E-08, 
 200.0000000000000, -.2938636107430170E-04, -.8248642024950712E-09, 
 200.0000000000000, .2938636107430084E-04, .8248642024950648E-09, 
 200.0000000000000, .8815908322290338E-04, .2474592492121131E-08, 
 200.0000000000000, .1469318053715059E-03, .4124320435655248E-08, 
 200.0000000000000, .2057045275201085E-03, .5774047802369603E-08, 
 200.0000000000000, .2644772496687110E-03, .7423774361536863E-08, 
 200.0000000000000, .3232499718173135E-03, .9073499882430588E-08, 
 200.0000000000000, .3820226939659161E-03, .1072322413432501E-07, 
 200.0000000000000, .4407954161145186E-03, .1237294688649531E-07, 
 200.0000000000000, .4995681382631212E-03, .1402266790821797E-07, 
 200.0000000000000, .5583408604117228E-03, .1567238696877060E-07, 
 200.0000000000000, .6171135825603254E-03, .1732210383743286E-07, 
 200.0000000000000, .6758863047089279E-03, .1897181828348596E-07, 
 200.0000000000000, .7346590268575304E-03, .2062153007621270E-07, 
 200.0000000000000, .7934317490061330E-03, .2227123898489873E-07, 
 200.0000000000000, .8522044711547355E-03, .2392094477883112E-07, 
 200.0000000000000, .9109771933033381E-03, .2557064722730009E-07, 
 200.0000000000000, .9697499154519406E-03, .2722034609959811E-07, 
 200.0000000000000, .1028522637600543E-02, .2887004116502117E-07, 
 200.0000000000000, .1087295359749146E-02, .3051973219286786E-07, 
 200.0000000000000, .1146068081897748E-02, .3216941895243926E-07, 
 200.0000000000000, .1204840804046351E-02, .3381910121304126E-07, 
 200.0000000000000, .1263613526194953E-02, .3546877874398280E-07, 
 200.0000000000000, .1322386248343555E-02, .3711845131457647E-07, 
 200.0000000000000, .1381158970492158E-02, .3876811869413886E-07, 
 200.0000000000000, .1439931692640760E-02, .4041778065198995E-07, 
 200.0000000000000, .1498704414789363E-02, .4206743695745644E-07, 
 200.0000000000000, .1557477136937965E-02, .4371708737986612E-07, 
 200.0000000000000, .1616249859086568E-02, .4536673168855490E-07, 
 200.0000000000000, .1675022581235170E-02, .4701636965286077E-07, 
 200.0000000000000, .1733795303383773E-02, .4866600104212899E-07, 
 200.0000000000000, .1792568025532375E-02, .5031562562570893E-07, 
 200.0000000000000, .1851340747680978E-02, .5196524317295489E-07, 
 200.0000000000000, .1910113469829580E-02, .5361485345322857E-07, 
 200.0000000000000, .1968886191978182E-02, .5526445623589570E-07, 
 200.0000000000000, .2027658914126785E-02, .5691405129032894E-07, 
 200.0000000000000, .2086431636275387E-02, .5856363838590644E-07, 
 200.0000000000000, .2145204358423991E-02, .6021321729201459E-07, 
 200.0000000000000, .2203977080572592E-02, .6186278777804359E-07, 
 200.0000000000000, .2262749802721196E-02, .6351234961339180E-07, 
 200.0000000000000, .2321522524869797E-02, .6516190256746579E-07, 
 200.0000000000000, .2380295247018401E-02, .6681144640967616E-07, 
 200.0000000000000, .2439067969167002E-02, .6846098090944425E-07, 
 200.0000000000000, .2497840691315604E-02, .7011050583619586E-07, 
 200.0000000000000, .2556613413464207E-02, .7176002095936575E-07, 
 200.0000000000000, .2615386135612809E-02, .7340952604839747E-07, 
 200.0000000000000, .2674158857761413E-02, .7505902087274059E-07, 
 200.0000000000000, .2732931579910014E-02, .7670850520185496E-07, 
 200.0000000000000, .2791704302058618E-02, .7835797880520752E-07, 
 200.0000000000000, .2850477024207219E-02, .8000744145227378E-07, 
 200.0000000000000, .2909249746355823E-02, .8165689291253872E-07, 
 200.0000000000000, .2968022468504424E-02, .8330633295549479E-07, 
 200.0000000000000, .3026795190653028E-02, .8495576135064679E-07, 
 200.0000000000000, .3085567912801629E-02, .8660517786750463E-07, 
 200.0000000000000, .3144340634950233E-02, .8825458227559119E-07, 
 200.0000000000000, .3203113357098834E-02, .8990397434443725E-07, 
 200.0000000000000, .3261886079247436E-02, .9155335384358368E-07, 
 200.0000000000000, .3320658801396040E-02, .9320272054258141E-07, 
 200.0000000000000, .3379431523544641E-02, .9485207421099212E-07, 
 200.0000000000000, .3438204245693245E-02, .9650141461838856E-07, 
 200.0000000000000, .3496976967841846E-02, .9815074153435098E-07, 
 200.0000000000000, .3555749689990450E-02, .9980005472847371E-07, 
 200.0000000000000, .3614522412139051E-02, .1014493539703613E-06, 
 200.0000000000000, .3673295134287655E-02, .1030986390296291E-06, 
 200.0000000000000, .3732067856436256E-02, .1047479096759033E-06, 
 200.0000000000000, .3790840578584860E-02, .1063971656788223E-06, 
 200.0000000000000, .3849613300733462E-02, .1080464068080354E-06, 
 200.0000000000000, .3908386022882065E-02, .1096956328332058E-06, 
 200.0000000000000, .3967158745030667E-02, .1113448435240060E-06, 
 200.0000000000000, .4025931467179268E-02, .1129940386501227E-06, 
 200.0000000000000, .4084704189327872E-02, .1146432179812545E-06, 
 200.0000000000000, .4143476911476473E-02, .1162923812871133E-06, 
 200.0000000000000, .4202249633625077E-02, .1179415283374224E-06, 
 200.0000000000000, .4261022355773678E-02, .1195906589019184E-06, 
 200.0000000000000, .4319795077922282E-02, .1212397727503535E-06, 
 200.0000000000000, .4378567800070884E-02, .1228888696524868E-06, 
 200.0000000000000, .4437340522219487E-02, .1245379493781018E-06, 
 200.0000000000000, .4496113244368089E-02, .1261870116969863E-06, 
 200.0000000000000, .4554885966516692E-02, .1278360563789436E-06, 
 200.0000000000000, .4613658688665294E-02, .1294850831937936E-06, 
 200.0000000000000, .4672431410813897E-02, .1311340919113724E-06, 
 200.0000000000000, .4731204132962499E-02, .1327830823015231E-06, 
 200.0000000000000, .4789976855111100E-02, .1344320541341125E-06, 
 200.0000000000000, .4848749577259704E-02, .1360810071790153E-06, 
 200.0000000000000, .4907522299408306E-02, .1377299412061226E-06, 
 200.0000000000000, .4966295021556909E-02, .1393788559853436E-06, 
 200.0000000000000, .5025067743705511E-02, .1410277512866007E-06, 
 200.0000000000000, .5083840465854114E-02, .1426766268798318E-06, 
 200.0000000000000, .5142613188002716E-02, .1443254825349936E-06, 
 200.0000000000000, .5201385910151319E-02, .1459743180220540E-06, 
 200.0000000000000, .5260158632299921E-02, .1476231331109986E-06, 
 200.0000000000000, .5318931354448524E-02, .1492719275718294E-06, 
 200.0000000000000, .5377704076597126E-02, .1509207011745688E-06, 
 200.0000000000000, .5436476798745728E-02, .1525694536892490E-06, 
 200.0000000000000, .5495249520894331E-02, .1542181848859253E-06, 
 200.0000000000000, .5554022243042933E-02, .1558668945346634E-06, 
 200.0000000000000, .5612794965191536E-02, .1575155824055551E-06, 
 200.0000000000000, .5671567687340138E-02, .1591642482687010E-06, 
 200.0000000000000, .5730340409488741E-02, .1608128918942249E-06, 
 200.0000000000000, .5789113131637343E-02, .1624615130522650E-06, 
 200.0000000000000, .5847885853785946E-02, .1641101115129790E-06, 
 250.0000000000000, -.5847885853785946E-02, -.1583747644122755E-06, 
 250.0000000000000, -.5789113131637344E-02, -.1567836859477453E-06, 
 250.0000000000000, -.5730340409488741E-02, -.1551925884699817E-06, 
 250.0000000000000, -.5671567687340139E-02, -.1536014721715899E-06, 
 250.0000000000000, -.5612794965191536E-02, -.1520103372451906E-06, 
 250.0000000000000, -.5554022243042933E-02, -.1504191838834165E-06, 
 250.0000000000000, -.5495249520894332E-02, -.1488280122789136E-06, 
 250.0000000000000, -.5436476798745729E-02, -.1472368226243371E-06, 
 250.0000000000000, -.5377704076597127E-02, -.1456456151123582E-06, 
 250.0000000000000, -.5318931354448524E-02, -.1440543899356588E-06, 
 250.0000000000000, -.5260158632299922E-02, -.1424631472869311E-06, 
 250.0000000000000, -.5201385910151319E-02, -.1408718873588862E-06, 
 250.0000000000000, -.5142613188002717E-02, -.1392806103442374E-06, 
 250.0000000000000, -.5083840465854114E-02, -.1376893164357163E-06, 
 250.0000000000000, -.5025067743705511E-02, -.1360980058260648E-06, 
 250.0000000000000, -.4966295021556909E-02, -.1345066787080341E-06, 
 250.0000000000000, -.4907522299408306E-02, -.1329153352743876E-06, 
 250.0000000000000, -.4848749577259704E-02, -.1313239757179039E-06, 
 250.0000000000000, -.4789976855111101E-02, -.1297326002313659E-06, 
 250.0000000000000, -.4731204132962500E-02, -.1281412090075700E-06, 
 250.0000000000000, -.4672431410813896E-02, -.1265498022393268E-06, 
 250.0000000000000, -.4613658688665295E-02, -.1249583801194532E-06, 
 250.0000000000000, -.4554885966516692E-02, -.1233669428407770E-06, 
 250.0000000000000, -.4496113244368089E-02, -.1217754905961413E-06, 
 250.0000000000000, -.4437340522219487E-02, -.1201840235783917E-06, 
 250.0000000000000, -.4378567800070884E-02, -.1185925419803907E-06, 
 250.0000000000000, -.4319795077922282E-02, -.1170010459950056E-06, 
 250.0000000000000, -.4261022355773679E-02, -.1154095358151176E-06, 
 250.0000000000000, -.4202249633625077E-02, -.1138180116336146E-06, 
 250.0000000000000, -.4143476911476474E-02, -.1122264736433963E-06, 
 250.0000000000000, -.4084704189327872E-02, -.1106349220373720E-06, 
 250.0000000000000, -.4025931467179269E-02, -.1090433570084565E-06, 
 250.0000000000000, -.3967158745030668E-02, -.1074517787495783E-06, 
 250.0000000000000, -.3908386022882064E-02, -.1058601874536731E-06, 
 250.0000000000000, -.3849613300733462E-02, -.1042685833136858E-06, 
 250.0000000000000, -.3790840578584859E-02, -.1026769665225691E-06, 
 250.0000000000000, -.3732067856436257E-02, -.1010853372732864E-06, 
 250.0000000000000, -.3673295134287655E-02, -.9949369575880680E-07, 
 250.0000000000000, -.3614522412139052E-02, -.9790204217211051E-07, 
 250.0000000000000, -.3555749689990450E-02, -.9631037670618495E-07, 
 250.0000000000000, -.3496976967841847E-02, -.9471869955402578E-07, 
 250.0000000000000, -.3438204245693245E-02, -.9312701090863468E-07, 
 250.0000000000000, -.3379431523544643E-02, -.9153531096302607E-07, 
 250.0000000000000, -.3320658801396040E-02, -.8994359991021586E-07, 
 250.0000000000000, -.3261886079247437E-02, -.8835187794323224E-07, 
 250.0000000000000, -.3203113357098835E-02, -.8676014525511034E-07, 
 250.0000000000000, -.3144340634950232E-02, -.8516840203889014E-07, 
 250.0000000000000, -.3085567912801630E-02, -.8357664848762074E-07, 
 250.0000000000000, -.3026795190653028E-02, -.8198488479435892E-07, 
 250.0000000000000, -.2968022468504425E-02, -.8039311115216620E-07, 
 250.0000000000000, -.2909249746355823E-02, -.7880132775411183E-07, 
 250.0000000000000, -.2850477024207220E-02, -.7720953479327353E-07, 
 250.0000000000000, -.2791704302058618E-02, -.7561773246273279E-07, 
 250.0000000000000, -.2732931579910015E-02, -.7402592095558020E-07, 
 250.0000000000000, -.2674158857761413E-02, -.7243410046490910E-07, 
 250.0000000000000, -.2615386135612810E-02, -.7084227118382330E-07, 
 250.0000000000000, -.2556613413464208E-02, -.6925043330542953E-07, 
 250.0000000000000, -.2497840691315605E-02, -.6765858702284048E-07, 
 250.0000000000000, -.2439067969167003E-02, -.6606673252917681E-07, 
 250.0000000000000, -.2380295247018400E-02, -.6447487001756208E-07, 
 250.0000000000000, -.2321522524869798E-02, -.6288299968112784E-07, 
 250.0000000000000, -.2262749802721196E-02, -.6129112171300927E-07, 
 250.0000000000000, -.2203977080572593E-02, -.5969923630634771E-07, 
 250.0000000000000, -.2145204358423991E-02, -.5810734365428932E-07, 
 250.0000000000000, -.2086431636275388E-02, -.5651544394998467E-07, 
 250.0000000000000, -.2027658914126785E-02, -.5492353738658954E-07, 
 250.0000000000000, -.1968886191978183E-02, -.5333162415726411E-07, 
 250.0000000000000, -.1910113469829580E-02, -.5173970445517465E-07, 
 250.0000000000000, -.1851340747680978E-02, -.5014777847349038E-07, 
 250.0000000000000, -.1792568025532375E-02, -.4855584640538494E-07, 
 250.0000000000000, -.1733795303383773E-02, -.4696390844403593E-07, 
 250.0000000000000, -.1675022581235171E-02, -.4537196478262612E-07, 
 250.0000000000000, -.1616249859086569E-02, -.4378001561434090E-07, 
 250.0000000000000, -.1557477136937966E-02, -.4218806113237020E-07, 
 250.0000000000000, -.1498704414789363E-02, -.4059610152990745E-07, 
 250.0000000000000, -.1439931692640761E-02, -.3900413700014972E-07, 
 250.0000000000000, -.1381158970492158E-02, -.3741216773629698E-07, 
 250.0000000000000, -.1322386248343556E-02, -.3582019393155259E-07, 
 250.0000000000000, -.1263613526194953E-02, -.3422821577912374E-07, 
 250.0000000000000, -.1204840804046351E-02, -.3263623347221917E-07, 
 250.0000000000000, -.1146068081897748E-02, -.3104424720405199E-07, 
 250.0000000000000, -.1087295359749146E-02, -.2945225716783654E-07, 
 250.0000000000000, -.1028522637600543E-02, -.2786026355679168E-07, 
 250.0000000000000, -.9697499154519406E-03, -.2626826656413664E-07, 
 250.0000000000000, -.9109771933033389E-03, -.2467626638309441E-07, 
 250.0000000000000, -.8522044711547364E-03, -.2308426320688920E-07, 
 250.0000000000000, -.7934317490061338E-03, -.2149225722874810E-07, 
 250.0000000000000, -.7346590268575313E-03, -.1990024864189978E-07, 
 250.0000000000000, -.6758863047089288E-03, -.1830823763957407E-07, 
 250.0000000000000, -.6171135825603262E-03, -.1671622441500369E-07, 
 250.0000000000000, -.5583408604117237E-03, -.1512420916142203E-07, 
 250.0000000000000, -.4995681382631212E-03, -.1353219207206411E-07, 
 250.0000000000000, -.4407954161145186E-03, -.1194017334016592E-07, 
 250.0000000000000, -.3820226939659161E-03, -.1034815315896502E-07, 
 250.0000000000000, -.3232499718173135E-03, -.8756131721699856E-08, 
 250.0000000000000, -.2644772496687110E-03, -.7164109221609498E-08, 
 250.0000000000000, -.2057045275201093E-03, -.5572085851933921E-08, 
 250.0000000000000, -.1469318053715068E-03, -.3980061805913647E-08, 
 250.0000000000000, -.8815908322290424E-04, -.2388037276789737E-08, 
 250.0000000000000, -.2938636107430170E-04, -.7960124578035170E-09, 
 250.0000000000000, .2938636107430084E-04, .7960124578035110E-09, 
 250.0000000000000, .8815908322290338E-04, .2388037276789725E-08, 
 250.0000000000000, .1469318053715059E-03, .3980061805913645E-08, 
 250.0000000000000, .2057045275201085E-03, .5572085851933920E-08, 
 250.0000000000000, .2644772496687110E-03, .7164109221609498E-08, 
 250.0000000000000, .3232499718173135E-03, .8756131721699856E-08, 
 250.0000000000000, .3820226939659161E-03, .1034815315896502E-07, 
 250.0000000000000, .4407954161145186E-03, .1194017334016592E-07, 
 250.0000000000000, .4995681382631212E-03, .1353219207206411E-07, 
 250.0000000000000, .5583408604117228E-03, .1512420916142203E-07, 
 250.0000000000000, .6171135825603254E-03, .1671622441500369E-07, 
 250.0000000000000, .6758863047089279E-03, .1830823763957406E-07, 
 250.0000000000000, .7346590268575304E-03, .1990024864189977E-07, 
 250.0000000000000, .7934317490061330E-03, .2149225722874801E-07, 
 250.0000000000000, .8522044711547355E-03, .2308426320688919E-07, 
 250.0000000000000, .9109771933033381E-03, .2467626638309441E-07, 
 250.0000000000000, .9697499154519406E-03, .2626826656413664E-07, 
 250.0000000000000, .1028522637600543E-02, .2786026355679168E-07, 
 250.0000000000000, .1087295359749146E-02, .2945225716783654E-07, 
 250.0000000000000, .1146068081897748E-02, .3104424720405199E-07, 
 250.0000000000000, .1204840804046351E-02, .3263623347221917E-07, 
 250.0000000000000, .1263613526194953E-02, .3422821577912374E-07, 
 250.0000000000000, .1322386248343555E-02, .3582019393155255E-07, 
 250.0000000000000, .1381158970492158E-02, .3741216773629698E-07, 
 250.0000000000000, .1439931692640760E-02, .3900413700014966E-07, 
 250.0000000000000, .1498704414789363E-02, .4059610152990746E-07, 
 250.0000000000000, .1557477136937965E-02, .4218806113237019E-07, 
 250.0000000000000, .1616249859086568E-02, .4378001561434089E-07, 
 250.0000000000000, .1675022581235170E-02, .4537196478262610E-07, 
 250.0000000000000, .1733795303383773E-02, .4696390844403593E-07, 
 250.0000000000000, .1792568025532375E-02, .4855584640538494E-07, 
 250.0000000000000, .1851340747680978E-02, .5014777847349038E-07, 
 250.0000000000000, .1910113469829580E-02, .5173970445517465E-07, 
 250.0000000000000, .1968886191978182E-02, .5333162415726411E-07, 
 250.0000000000000, .2027658914126785E-02, .5492353738658954E-07, 
 250.0000000000000, .2086431636275387E-02, .5651544394998460E-07, 
 250.0000000000000, .2145204358423991E-02, .5810734365428932E-07, 
 250.0000000000000, .2203977080572592E-02, .5969923630634770E-07, 
 250.0000000000000, .2262749802721196E-02, .6129112171300927E-07, 
 250.0000000000000, .2321522524869797E-02, .6288299968112782E-07, 
 250.0000000000000, .2380295247018401E-02, .6447487001756216E-07, 
 250.0000000000000, .2439067969167002E-02, .6606673252917679E-07, 
 250.0000000000000, .2497840691315604E-02, .6765858702284046E-07, 
 250.0000000000000, .2556613413464207E-02, .6925043330542948E-07, 
 250.0000000000000, .2615386135612809E-02, .7084227118382333E-07, 
 250.0000000000000, .2674158857761413E-02, .7243410046490910E-07, 
 250.0000000000000, .2732931579910014E-02, .7402592095558020E-07, 
 250.0000000000000, .2791704302058618E-02, .7561773246273279E-07, 
 250.0000000000000, .2850477024207219E-02, .7720953479327350E-07, 
 250.0000000000000, .2909249746355823E-02, .7880132775411183E-07, 
 250.0000000000000, .2968022468504424E-02, .8039311115216619E-07, 
 250.0000000000000, .3026795190653028E-02, .8198488479435892E-07, 
 250.0000000000000, .3085567912801629E-02, .8357664848762071E-07, 
 250.0000000000000, .3144340634950233E-02, .8516840203889014E-07, 
 250.0000000000000, .3203113357098834E-02, .8676014525511034E-07, 
 250.0000000000000, .3261886079247436E-02, .8835187794323221E-07, 
 250.0000000000000, .3320658801396040E-02, .8994359991021586E-07, 
 250.0000000000000, .3379431523544641E-02, .9153531096302604E-07, 
 250.0000000000000, .3438204245693245E-02, .9312701090863468E-07, 
 250.0000000000000, .3496976967841846E-02, .9471869955402573E-07, 
 250.0000000000000, .3555749689990450E-02, .9631037670618495E-07, 
 250.0000000000000, .3614522412139051E-02, .9790204217211050E-07, 
 250.0000000000000, .3673295134287655E-02, .9949369575880680E-07, 
 250.0000000000000, .3732067856436256E-02, .1010853372732863E-06, 
 250.0000000000000, .3790840578584860E-02, .1026769665225691E-06, 
 250.0000000000000, .3849613300733462E-02, .1042685833136858E-06, 
 250.0000000000000, .3908386022882065E-02, .1058601874536731E-06, 
 250.0000000000000, .3967158745030667E-02, .1074517787495782E-06, 
 250.0000000000000, .4025931467179268E-02, .1090433570084565E-06, 
 250.0000000000000, .4084704189327872E-02, .1106349220373720E-06, 
 250.0000000000000, .4143476911476473E-02, .1122264736433963E-06, 
 250.0000000000000, .4202249633625077E-02, .1138180116336146E-06, 
 250.0000000000000, .4261022355773678E-02, .1154095358151176E-06, 
 250.0000000000000, .4319795077922282E-02, .1170010459950056E-06, 
 250.0000000000000, .4378567800070884E-02, .1185925419803906E-06, 
 250.0000000000000, .4437340522219487E-02, .1201840235783917E-06, 
 250.0000000000000, .4496113244368089E-02, .1217754905961413E-06, 
 250.0000000000000, .4554885966516692E-02, .1233669428407770E-06, 
 250.0000000000000, .4613658688665294E-02, .1249583801194532E-06, 
 250.0000000000000, .4672431410813897E-02, .1265498022393269E-06, 
 250.0000000000000, .4731204132962499E-02, .1281412090075700E-06, 
 250.0000000000000, .4789976855111100E-02, .1297326002313659E-06, 
 250.0000000000000, .4848749577259704E-02, .1313239757179039E-06, 
 250.0000000000000, .4907522299408306E-02, .1329153352743876E-06, 
 250.0000000000000, .4966295021556909E-02, .1345066787080341E-06, 
 250.0000000000000, .5025067743705511E-02, .1360980058260647E-06, 
 250.0000000000000, .5083840465854114E-02, .1376893164357163E-06, 
 250.0000000000000, .5142613188002716E-02, .1392806103442374E-06, 
 250.0000000000000, .5201385910151319E-02, .1408718873588862E-06, 
 250.0000000000000, .5260158632299921E-02, .1424631472869311E-06, 
 250.0000000000000, .5318931354448524E-02, .1440543899356588E-06, 
 250.0000000000000, .5377704076597126E-02, .1456456151123582E-06, 
 250.0000000000000, .5436476798745728E-02, .1472368226243371E-06, 
 250.0000000000000, .5495249520894331E-02, .1488280122789135E-06, 
 250.0000000000000, .5554022243042933E-02, .1504191838834164E-06, 
 250.0000000000000, .5612794965191536E-02, .1520103372451906E-06, 
 250.0000000000000, .5671567687340138E-02, .1536014721715899E-06, 
 250.0000000000000, .5730340409488741E-02, .1551925884699817E-06, 
 250.0000000000000, .5789113131637343E-02, .1567836859477453E-06, 
 250.0000000000000, .5847885853785946E-02, .1583747644122755E-06, 
 300.0000000000000, -.5847885853785946E-02, -.1526662441891724E-06, 
 300.0000000000000, -.5789113131637344E-02, -.1511324366297076E-06, 
 300.0000000000000, -.5730340409488741E-02, -.1495986131200567E-06, 
 300.0000000000000, -.5671567687340139E-02, -.1480647738218481E-06, 
 300.0000000000000, -.5612794965191536E-02, -.1465309188967188E-06, 
 300.0000000000000, -.5554022243042933E-02, -.1449970485063149E-06, 
 300.0000000000000, -.5495249520894332E-02, -.1434631628122937E-06, 
 300.0000000000000, -.5436476798745729E-02, -.1419292619763168E-06, 
 300.0000000000000, -.5377704076597127E-02, -.1403953461600616E-06, 
 300.0000000000000, -.5318931354448524E-02, -.1388614155252064E-06, 
 300.0000000000000, -.5260158632299922E-02, -.1373274702334446E-06, 
 300.0000000000000, -.5201385910151319E-02, -.1357935104464767E-06, 
 300.0000000000000, -.5142613188002717E-02, -.1342595363260080E-06, 
 300.0000000000000, -.5083840465854114E-02, -.1327255480337566E-06, 
 300.0000000000000, -.5025067743705511E-02, -.1311915457314465E-06, 
 300.0000000000000, -.4966295021556909E-02, -.1296575295808113E-06, 
 300.0000000000000, -.4907522299408306E-02, -.1281234997435915E-06, 
 300.0000000000000, -.4848749577259704E-02, -.1265894563815363E-06, 
 300.0000000000000, -.4789976855111101E-02, -.1250553996564038E-06, 
 300.0000000000000, -.4731204132962500E-02, -.1235213297299583E-06, 
 300.0000000000000, -.4672431410813896E-02, -.1219872467639727E-06, 
 300.0000000000000, -.4613658688665295E-02, -.1204531509202260E-06, 
 300.0000000000000, -.4554885966516692E-02, -.1189190423605087E-06, 
 300.0000000000000, -.4496113244368089E-02, -.1173849212466134E-06, 
 300.0000000000000, -.4437340522219487E-02, -.1158507877403436E-06, 
 300.0000000000000, -.4378567800070884E-02, -.1143166420035098E-06, 
 300.0000000000000, -.4319795077922282E-02, -.1127824841979296E-06, 
 300.0000000000000, -.4261022355773679E-02, -.1112483144854262E-06, 
 300.0000000000000, -.4202249633625077E-02, -.1097141330278305E-06, 
 300.0000000000000, -.4143476911476474E-02, -.1081799399869816E-06, 
 300.0000000000000, -.4084704189327872E-02, -.1066457355247239E-06, 
 300.0000000000000, -.4025931467179269E-02, -.1051115198029085E-06, 
 300.0000000000000, -.3967158745030668E-02, -.1035772929833954E-06, 
 300.0000000000000, -.3908386022882064E-02, -.1020430552280470E-06, 
 300.0000000000000, -.3849613300733462E-02, -.1005088066987356E-06, 
 300.0000000000000, -.3790840578584859E-02, -.9897454755733902E-07, 
 300.0000000000000, -.3732067856436257E-02, -.9744027796574022E-07, 
 300.0000000000000, -.3673295134287655E-02, -.9590599808582895E-07, 
 300.0000000000000, -.3614522412139052E-02, -.9437170807950184E-07, 
 300.0000000000000, -.3555749689990450E-02, -.9283740810865950E-07, 
 300.0000000000000, -.3496976967841847E-02, -.9130309833521074E-07, 
 300.0000000000000, -.3438204245693245E-02, -.8976877892106870E-07, 
 300.0000000000000, -.3379431523544643E-02, -.8823445002815140E-07, 
 300.0000000000000, -.3320658801396040E-02, -.8670011181838425E-07, 
 300.0000000000000, -.3261886079247437E-02, -.8516576445369708E-07, 
 300.0000000000000, -.3203113357098835E-02, -.8363140809602627E-07, 
 300.0000000000000, -.3144340634950232E-02, -.8209704290731114E-07, 
 300.0000000000000, -.3085567912801630E-02, -.8056266904949904E-07, 
 300.0000000000000, -.3026795190653028E-02, -.7902828668453901E-07, 
 300.0000000000000, -.2968022468504425E-02, -.7749389597438875E-07, 
 300.0000000000000, -.2909249746355823E-02, -.7595949708100851E-07, 
 300.0000000000000, -.2850477024207220E-02, -.7442509016636474E-07, 
 300.0000000000000, -.2791704302058618E-02, -.7289067539242535E-07, 
 300.0000000000000, -.2732931579910015E-02, -.7135625292116852E-07, 
 300.0000000000000, -.2674158857761413E-02, -.6982182291457212E-07, 
 300.0000000000000, -.2615386135612810E-02, -.6828738553462021E-07, 
 300.0000000000000, -.2556613413464208E-02, -.6675294094330083E-07, 
 300.0000000000000, -.2497840691315605E-02, -.6521848930260672E-07, 
 300.0000000000000, -.2439067969167003E-02, -.6368403077453509E-07, 
 300.0000000000000, -.2380295247018400E-02, -.6214956552108629E-07, 
 300.0000000000000, -.2321522524869798E-02, -.6061509370426394E-07, 
 300.0000000000000, -.2262749802721196E-02, -.5908061548607818E-07, 
 300.0000000000000, -.2203977080572593E-02, -.5754613102854063E-07, 
 300.0000000000000, -.2145204358423991E-02, -.5601164049366631E-07, 
 300.0000000000000, -.2086431636275388E-02, -.5447714404347560E-07, 
 300.0000000000000, -.2027658914126785E-02, -.5294264183999128E-07, 
 300.0000000000000, -.1968886191978183E-02, -.5140813404524007E-07, 
 300.0000000000000, -.1910113469829580E-02, -.4987362082125027E-07, 
 300.0000000000000, -.1851340747680978E-02, -.4833910233005612E-07, 
 300.0000000000000, -.1792568025532375E-02, -.4680457873369243E-07, 
 300.0000000000000, -.1733795303383773E-02, -.4527005019419937E-07, 
 300.0000000000000, -.1675022581235171E-02, -.4373551687361727E-07, 
 300.0000000000000, -.1616249859086569E-02, -.4220097893399136E-07, 
 300.0000000000000, -.1557477136937966E-02, -.4066643653736902E-07, 
 300.0000000000000, -.1498704414789363E-02, -.3913188984579998E-07, 
 300.0000000000000, -.1439931692640761E-02, -.3759733902133657E-07, 
 300.0000000000000, -.1381158970492158E-02, -.3606278422603371E-07, 
 300.0000000000000, -.1322386248343556E-02, -.3452822562194958E-07, 
 300.0000000000000, -.1263613526194953E-02, -.3299366337114201E-07, 
 300.0000000000000, -.1204840804046351E-02, -.3145909763567320E-07, 
 300.0000000000000, -.1146068081897748E-02, -.2992452857760711E-07, 
 300.0000000000000, -.1087295359749146E-02, -.2838995635900886E-07, 
 300.0000000000000, -.1028522637600543E-02, -.2685538114194607E-07, 
 300.0000000000000, -.9697499154519406E-03, -.2532080308848775E-07, 
 300.0000000000000, -.9109771933033389E-03, -.2378622236070486E-07, 
 300.0000000000000, -.8522044711547364E-03, -.2225163912067011E-07, 
 300.0000000000000, -.7934317490061338E-03, -.2071705353045696E-07, 
 300.0000000000000, -.7346590268575313E-03, -.1918246575214058E-07, 
 300.0000000000000, -.6758863047089288E-03, -.1764787594779795E-07, 
 300.0000000000000, -.6171135825603262E-03, -.1611328427950655E-07, 
 300.0000000000000, -.5583408604117237E-03, -.1457869090934528E-07, 
 300.0000000000000, -.4995681382631212E-03, -.1304409599939394E-07, 
 300.0000000000000, -.4407954161145186E-03, -.1150949971173325E-07, 
 300.0000000000000, -.3820226939659161E-03, -.9974902208444795E-08, 
 300.0000000000000, -.3232499718173135E-03, -.8440303651610843E-08, 
 300.0000000000000, -.2644772496687110E-03, -.6905704203314399E-08, 
 300.0000000000000, -.2057045275201093E-03, -.5371104025638605E-08, 
 300.0000000000000, -.1469318053715068E-03, -.3836503280667464E-08, 
 300.0000000000000, -.8815908322290424E-04, -.2301902130484993E-08, 
 300.0000000000000, -.2938636107430170E-04, -.7673007371757459E-09, 
 300.0000000000000, .2938636107430084E-04, .7673007371757424E-09, 
 300.0000000000000, .8815908322290338E-04, .2301902130484986E-08, 
 300.0000000000000, .1469318053715059E-03, .3836503280667459E-08, 
 300.0000000000000, .2057045275201085E-03, .5371104025638595E-08, 
 300.0000000000000, .2644772496687110E-03, .6905704203314399E-08, 
 300.0000000000000, .3232499718173135E-03, .8440303651610843E-08, 
 300.0000000000000, .3820226939659161E-03, .9974902208444795E-08, 
 300.0000000000000, .4407954161145186E-03, .1150949971173325E-07, 
 300.0000000000000, .4995681382631212E-03, .1304409599939394E-07, 
 300.0000000000000, .5583408604117228E-03, .1457869090934528E-07, 
 300.0000000000000, .6171135825603254E-03, .1611328427950654E-07, 
 300.0000000000000, .6758863047089279E-03, .1764787594779795E-07, 
 300.0000000000000, .7346590268575304E-03, .1918246575214057E-07, 
 300.0000000000000, .7934317490061330E-03, .2071705353045690E-07, 
 300.0000000000000, .8522044711547355E-03, .2225163912067011E-07, 
 300.0000000000000, .9109771933033381E-03, .2378622236070486E-07, 
 300.0000000000000, .9697499154519406E-03, .2532080308848775E-07, 
 300.0000000000000, .1028522637600543E-02, .2685538114194607E-07, 
 300.0000000000000, .1087295359749146E-02, .2838995635900886E-07, 
 300.0000000000000, .1146068081897748E-02, .2992452857760711E-07, 
 300.0000000000000, .1204840804046351E-02, .3145909763567320E-07, 
 300.0000000000000, .1263613526194953E-02, .3299366337114201E-07, 
 300.0000000000000, .1322386248343555E-02, .3452822562194957E-07, 
 300.0000000000000, .1381158970492158E-02, .3606278422603369E-07, 
 300.0000000000000, .1439931692640760E-02, .3759733902133649E-07, 
 300.0000000000000, .1498704414789363E-02, .3913188984579998E-07, 
 300.0000000000000, .1557477136937965E-02, .4066643653736902E-07, 
 300.0000000000000, .1616249859086568E-02, .4220097893399134E-07, 
 300.0000000000000, .1675022581235170E-02, .4373551687361726E-07, 
 300.0000000000000, .1733795303383773E-02, .4527005019419937E-07, 
 300.0000000000000, .1792568025532375E-02, .4680457873369243E-07, 
 300.0000000000000, .1851340747680978E-02, .4833910233005612E-07, 
 300.0000000000000, .1910113469829580E-02, .4987362082125027E-07, 
 300.0000000000000, .1968886191978182E-02, .5140813404524003E-07, 
 300.0000000000000, .2027658914126785E-02, .5294264183999128E-07, 
 300.0000000000000, .2086431636275387E-02, .5447714404347552E-07, 
 300.0000000000000, .2145204358423991E-02, .5601164049366631E-07, 
 300.0000000000000, .2203977080572592E-02, .5754613102854063E-07, 
 300.0000000000000, .2262749802721196E-02, .5908061548607818E-07, 
 300.0000000000000, .2321522524869797E-02, .6061509370426397E-07, 
 300.0000000000000, .2380295247018401E-02, .6214956552108637E-07, 
 300.0000000000000, .2439067969167002E-02, .6368403077453509E-07, 
 300.0000000000000, .2497840691315604E-02, .6521848930260671E-07, 
 300.0000000000000, .2556613413464207E-02, .6675294094330078E-07, 
 300.0000000000000, .2615386135612809E-02, .6828738553462015E-07, 
 300.0000000000000, .2674158857761413E-02, .6982182291457212E-07, 
 300.0000000000000, .2732931579910014E-02, .7135625292116851E-07, 
 300.0000000000000, .2791704302058618E-02, .7289067539242535E-07, 
 300.0000000000000, .2850477024207219E-02, .7442509016636474E-07, 
 300.0000000000000, .2909249746355823E-02, .7595949708100851E-07, 
 300.0000000000000, .2968022468504424E-02, .7749389597438871E-07, 
 300.0000000000000, .3026795190653028E-02, .7902828668453901E-07, 
 300.0000000000000, .3085567912801629E-02, .8056266904949904E-07, 
 300.0000000000000, .3144340634950233E-02, .8209704290731114E-07, 
 300.0000000000000, .3203113357098834E-02, .8363140809602627E-07, 
 300.0000000000000, .3261886079247436E-02, .8516576445369705E-07, 
 300.0000000000000, .3320658801396040E-02, .8670011181838425E-07, 
 300.0000000000000, .3379431523544641E-02, .8823445002815131E-07, 
 300.0000000000000, .3438204245693245E-02, .8976877892106870E-07, 
 300.0000000000000, .3496976967841846E-02, .9130309833521071E-07, 
 300.0000000000000, .3555749689990450E-02, .9283740810865950E-07, 
 300.0000000000000, .3614522412139051E-02, .9437170807950176E-07, 
 300.0000000000000, .3673295134287655E-02, .9590599808582895E-07, 
 300.0000000000000, .3732067856436256E-02, .9744027796574022E-07, 
 300.0000000000000, .3790840578584860E-02, .9897454755733902E-07, 
 300.0000000000000, .3849613300733462E-02, .1005088066987356E-06, 
 300.0000000000000, .3908386022882065E-02, .1020430552280470E-06, 
 300.0000000000000, .3967158745030667E-02, .1035772929833954E-06, 
 300.0000000000000, .4025931467179268E-02, .1051115198029084E-06, 
 300.0000000000000, .4084704189327872E-02, .1066457355247239E-06, 
 300.0000000000000, .4143476911476473E-02, .1081799399869816E-06, 
 300.0000000000000, .4202249633625077E-02, .1097141330278305E-06, 
 300.0000000000000, .4261022355773678E-02, .1112483144854262E-06, 
 300.0000000000000, .4319795077922282E-02, .1127824841979296E-06, 
 300.0000000000000, .4378567800070884E-02, .1143166420035098E-06, 
 300.0000000000000, .4437340522219487E-02, .1158507877403436E-06, 
 300.0000000000000, .4496113244368089E-02, .1173849212466134E-06, 
 300.0000000000000, .4554885966516692E-02, .1189190423605087E-06, 
 300.0000000000000, .4613658688665294E-02, .1204531509202259E-06, 
 300.0000000000000, .4672431410813897E-02, .1219872467639727E-06, 
 300.0000000000000, .4731204132962499E-02, .1235213297299583E-06, 
 300.0000000000000, .4789976855111100E-02, .1250553996564038E-06, 
 300.0000000000000, .4848749577259704E-02, .1265894563815363E-06, 
 300.0000000000000, .4907522299408306E-02, .1281234997435915E-06, 
 300.0000000000000, .4966295021556909E-02, .1296575295808113E-06, 
 300.0000000000000, .5025067743705511E-02, .1311915457314465E-06, 
 300.0000000000000, .5083840465854114E-02, .1327255480337566E-06, 
 300.0000000000000, .5142613188002716E-02, .1342595363260080E-06, 
 300.0000000000000, .5201385910151319E-02, .1357935104464767E-06, 
 300.0000000000000, .5260158632299921E-02, .1373274702334446E-06, 
 300.0000000000000, .5318931354448524E-02, .1388614155252064E-06, 
 300.0000000000000, .5377704076597126E-02, .1403953461600616E-06, 
 300.0000000000000, .5436476798745728E-02, .1419292619763167E-06, 
 300.0000000000000, .5495249520894331E-02, .1434631628122937E-06, 
 300.0000000000000, .5554022243042933E-02, .1449970485063148E-06, 
 300.0000000000000, .5612794965191536E-02, .1465309188967188E-06, 
 300.0000000000000, .5671567687340138E-02, .1480647738218481E-06, 
 300.0000000000000, .5730340409488741E-02, .1495986131200567E-06, 
 300.0000000000000, .5789113131637343E-02, .1511324366297076E-06, 
 300.0000000000000, .5847885853785946E-02, .1526662441891724E-06, 
 350.0000000000000, -.5847885853785946E-02, -.1471244131241394E-06, 
 350.0000000000000, -.5789113131637344E-02, -.1456462198061725E-06, 
 350.0000000000000, -.5730340409488741E-02, -.1441680130379904E-06, 
 350.0000000000000, -.5671567687340139E-02, -.1426897929559260E-06, 
 350.0000000000000, -.5612794965191536E-02, -.1412115596963125E-06, 
 350.0000000000000, -.5554022243042933E-02, -.1397333133954990E-06, 
 350.0000000000000, -.5495249520894332E-02, -.1382550541898321E-06, 
 350.0000000000000, -.5436476798745729E-02, -.1367767822156723E-06, 
 350.0000000000000, -.5377704076597127E-02, -.1352984976093817E-06, 
 350.0000000000000, -.5318931354448524E-02, -.1338202005073296E-06, 
 350.0000000000000, -.5260158632299922E-02, -.1323418910458940E-06, 
 350.0000000000000, -.5201385910151319E-02, -.1308635693614589E-06, 
 350.0000000000000, -.5142613188002717E-02, -.1293852355904091E-06, 
 350.0000000000000, -.5083840465854114E-02, -.1279068898691431E-06, 
 350.0000000000000, -.5025067743705511E-02, -.1264285323340600E-06, 
 350.0000000000000, -.4966295021556909E-02, -.1249501631215659E-06, 
 350.0000000000000, -.4907522299408306E-02, -.1234717823680772E-06, 
 350.0000000000000, -.4848749577259704E-02, -.1219933902100101E-06, 
 350.0000000000000, -.4789976855111101E-02, -.1205149867837879E-06, 
 350.0000000000000, -.4731204132962500E-02, -.1190365722258424E-06, 
 350.0000000000000, -.4672431410813896E-02, -.1175581466726096E-06, 
 350.0000000000000, -.4613658688665295E-02, -.1160797102605294E-06, 
 350.0000000000000, -.4554885966516692E-02, -.1146012631260493E-06, 
 350.0000000000000, -.4496113244368089E-02, -.1131228054056214E-06, 
 350.0000000000000, -.4437340522219487E-02, -.1116443372357027E-06, 
 350.0000000000000, -.4378567800070884E-02, -.1101658587527570E-06, 
 350.0000000000000, -.4319795077922282E-02, -.1086873700932518E-06, 
 350.0000000000000, -.4261022355773679E-02, -.1072088713936587E-06, 
 350.0000000000000, -.4202249633625077E-02, -.1057303627904583E-06, 
 350.0000000000000, -.4143476911476474E-02, -.1042518444201320E-06, 
 350.0000000000000, -.4084704189327872E-02, -.1027733164191685E-06, 
 350.0000000000000, -.4025931467179269E-02, -.1012947789240608E-06, 
 350.0000000000000, -.3967158745030668E-02, -.9981623207130620E-07, 
 350.0000000000000, -.3908386022882064E-02, -.9833767599740842E-07, 
 350.0000000000000, -.3849613300733462E-02, -.9685911083887228E-07, 
 350.0000000000000, -.3790840578584859E-02, -.9538053673221244E-07, 
 350.0000000000000, -.3732067856436257E-02, -.9390195381394279E-07, 
 350.0000000000000, -.3673295134287655E-02, -.9242336222058475E-07, 
 350.0000000000000, -.3614522412139052E-02, -.9094476208866350E-07, 
 350.0000000000000, -.3555749689990450E-02, -.8946615355470823E-07, 
 350.0000000000000, -.3496976967841847E-02, -.8798753675525186E-07, 
 350.0000000000000, -.3438204245693245E-02, -.8650891182683324E-07, 
 350.0000000000000, -.3379431523544643E-02, -.8503027890599375E-07, 
 350.0000000000000, -.3320658801396040E-02, -.8355163812927992E-07, 
 350.0000000000000, -.3261886079247437E-02, -.8207298963324028E-07, 
 350.0000000000000, -.3203113357098835E-02, -.8059433355443000E-07, 
 350.0000000000000, -.3144340634950232E-02, -.7911567002940464E-07, 
 350.0000000000000, -.3085567912801630E-02, -.7763699919472880E-07, 
 350.0000000000000, -.3026795190653028E-02, -.7615832118696444E-07, 
 350.0000000000000, -.2968022468504425E-02, -.7467963614268189E-07, 
 350.0000000000000, -.2909249746355823E-02, -.7320094419845323E-07, 
 350.0000000000000, -.2850477024207220E-02, -.7172224549085287E-07, 
 350.0000000000000, -.2791704302058618E-02, -.7024354015646214E-07, 
 350.0000000000000, -.2732931579910015E-02, -.6876482833186038E-07, 
 350.0000000000000, -.2674158857761413E-02, -.6728611015363669E-07, 
 350.0000000000000, -.2615386135612810E-02, -.6580738575837746E-07, 
 350.0000000000000, -.2556613413464208E-02, -.6432865528267660E-07, 
 350.0000000000000, -.2497840691315605E-02, -.6284991886312776E-07, 
 350.0000000000000, -.2439067969167003E-02, -.6137117663633030E-07, 
 350.0000000000000, -.2380295247018400E-02, -.5989242873888409E-07, 
 350.0000000000000, -.2321522524869798E-02, -.5841367530739404E-07, 
 350.0000000000000, -.2262749802721196E-02, -.5693491647846656E-07, 
 350.0000000000000, -.2203977080572593E-02, -.5545615238871108E-07, 
 350.0000000000000, -.2145204358423991E-02, -.5397738317473964E-07, 
 350.0000000000000, -.2086431636275388E-02, -.5249860897316722E-07, 
 350.0000000000000, -.2027658914126785E-02, -.5101982992061036E-07, 
 350.0000000000000, -.1968886191978183E-02, -.4954104615368967E-07, 
 350.0000000000000, -.1910113469829580E-02, -.4806225780902655E-07, 
 350.0000000000000, -.1851340747680978E-02, -.4658346502324556E-07, 
 350.0000000000000, -.1792568025532375E-02, -.4510466793297300E-07, 
 350.0000000000000, -.1733795303383773E-02, -.4362586667483840E-07, 
 350.0000000000000, -.1675022581235171E-02, -.4214706138547191E-07, 
 350.0000000000000, -.1616249859086569E-02, -.4066825220150695E-07, 
 350.0000000000000, -.1557477136937966E-02, -.3918943925957771E-07, 
 350.0000000000000, -.1498704414789363E-02, -.3771062269632127E-07, 
 350.0000000000000, -.1439931692640761E-02, -.3623180264837667E-07, 
 350.0000000000000, -.1381158970492158E-02, -.3475297925238402E-07, 
 350.0000000000000, -.1322386248343556E-02, -.3327415264498501E-07, 
 350.0000000000000, -.1263613526194953E-02, -.3179532296282374E-07, 
 350.0000000000000, -.1204840804046351E-02, -.3031649034254545E-07, 
 350.0000000000000, -.1146068081897748E-02, -.2883765492079680E-07, 
 350.0000000000000, -.1087295359749146E-02, -.2735881683422536E-07, 
 350.0000000000000, -.1028522637600543E-02, -.2587997621948131E-07, 
 350.0000000000000, -.9697499154519406E-03, -.2440113321321528E-07, 
 350.0000000000000, -.9109771933033389E-03, -.2292228795207883E-07, 
 350.0000000000000, -.8522044711547364E-03, -.2144344057272567E-07, 
 350.0000000000000, -.7934317490061338E-03, -.1996459121180928E-07, 
 350.0000000000000, -.7346590268575313E-03, -.1848574000598532E-07, 
 350.0000000000000, -.6758863047089288E-03, -.1700688709190961E-07, 
 350.0000000000000, -.6171135825603262E-03, -.1552803260623915E-07, 
 350.0000000000000, -.5583408604117237E-03, -.1404917668563209E-07, 
 350.0000000000000, -.4995681382631212E-03, -.1257031946674630E-07, 
 350.0000000000000, -.4407954161145186E-03, -.1109146108624129E-07, 
 350.0000000000000, -.3820226939659161E-03, -.9612601680776601E-08, 
 350.0000000000000, -.3232499718173135E-03, -.8133741387012575E-08, 
 350.0000000000000, -.2644772496687110E-03, -.6654880341609861E-08, 
 350.0000000000000, -.2057045275201093E-03, -.5176018681229549E-08, 
 350.0000000000000, -.1469318053715068E-03, -.3697156542532903E-08, 
 350.0000000000000, -.8815908322290424E-04, -.2218294062181624E-08, 
 350.0000000000000, -.2938636107430170E-04, -.7394313768374789E-09, 
 350.0000000000000, .2938636107430084E-04, .7394313768374760E-09, 
 350.0000000000000, .8815908322290338E-04, .2218294062181615E-08, 
 350.0000000000000, .1469318053715059E-03, .3697156542532897E-08, 
 350.0000000000000, .2057045275201085E-03, .5176018681229542E-08, 
 350.0000000000000, .2644772496687110E-03, .6654880341609861E-08, 
 350.0000000000000, .3232499718173135E-03, .8133741387012575E-08, 
 350.0000000000000, .3820226939659161E-03, .9612601680776601E-08, 
 350.0000000000000, .4407954161145186E-03, .1109146108624129E-07, 
 350.0000000000000, .4995681382631212E-03, .1257031946674630E-07, 
 350.0000000000000, .5583408604117228E-03, .1404917668563208E-07, 
 350.0000000000000, .6171135825603254E-03, .1552803260623914E-07, 
 350.0000000000000, .6758863047089279E-03, .1700688709190961E-07, 
 350.0000000000000, .7346590268575304E-03, .1848574000598532E-07, 
 350.0000000000000, .7934317490061330E-03, .1996459121180922E-07, 
 350.0000000000000, .8522044711547355E-03, .2144344057272566E-07, 
 350.0000000000000, .9109771933033381E-03, .2292228795207882E-07, 
 350.0000000000000, .9697499154519406E-03, .2440113321321528E-07, 
 350.0000000000000, .1028522637600543E-02, .2587997621948131E-07, 
 350.0000000000000, .1087295359749146E-02, .2735881683422536E-07, 
 350.0000000000000, .1146068081897748E-02, .2883765492079680E-07, 
 350.0000000000000, .1204840804046351E-02, .3031649034254545E-07, 
 350.0000000000000, .1263613526194953E-02, .3179532296282374E-07, 
 350.0000000000000, .1322386248343555E-02, .3327415264498499E-07, 
 350.0000000000000, .1381158970492158E-02, .3475297925238401E-07, 
 350.0000000000000, .1439931692640760E-02, .3623180264837646E-07, 
 350.0000000000000, .1498704414789363E-02, .3771062269632127E-07, 
 350.0000000000000, .1557477136937965E-02, .3918943925957772E-07, 
 350.0000000000000, .1616249859086568E-02, .4066825220150693E-07, 
 350.0000000000000, .1675022581235170E-02, .4214706138547189E-07, 
 350.0000000000000, .1733795303383773E-02, .4362586667483840E-07, 
 350.0000000000000, .1792568025532375E-02, .4510466793297300E-07, 
 350.0000000000000, .1851340747680978E-02, .4658346502324556E-07, 
 350.0000000000000, .1910113469829580E-02, .4806225780902655E-07, 
 350.0000000000000, .1968886191978182E-02, .4954104615368966E-07, 
 350.0000000000000, .2027658914126785E-02, .5101982992061036E-07, 
 350.0000000000000, .2086431636275387E-02, .5249860897316714E-07, 
 350.0000000000000, .2145204358423991E-02, .5397738317473964E-07, 
 350.0000000000000, .2203977080572592E-02, .5545615238871108E-07, 
 350.0000000000000, .2262749802721196E-02, .5693491647846656E-07, 
 350.0000000000000, .2321522524869797E-02, .5841367530739405E-07, 
 350.0000000000000, .2380295247018401E-02, .5989242873888413E-07, 
 350.0000000000000, .2439067969167002E-02, .6137117663633030E-07, 
 350.0000000000000, .2497840691315604E-02, .6284991886312777E-07, 
 350.0000000000000, .2556613413464207E-02, .6432865528267656E-07, 
 350.0000000000000, .2615386135612809E-02, .6580738575837746E-07, 
 350.0000000000000, .2674158857761413E-02, .6728611015363669E-07, 
 350.0000000000000, .2732931579910014E-02, .6876482833186031E-07, 
 350.0000000000000, .2791704302058618E-02, .7024354015646214E-07, 
 350.0000000000000, .2850477024207219E-02, .7172224549085285E-07, 
 350.0000000000000, .2909249746355823E-02, .7320094419845323E-07, 
 350.0000000000000, .2968022468504424E-02, .7467963614268189E-07, 
 350.0000000000000, .3026795190653028E-02, .7615832118696444E-07, 
 350.0000000000000, .3085567912801629E-02, .7763699919472876E-07, 
 350.0000000000000, .3144340634950233E-02, .7911567002940464E-07, 
 350.0000000000000, .3203113357098834E-02, .8059433355443000E-07, 
 350.0000000000000, .3261886079247436E-02, .8207298963324028E-07, 
 350.0000000000000, .3320658801396040E-02, .8355163812927992E-07, 
 350.0000000000000, .3379431523544641E-02, .8503027890599370E-07, 
 350.0000000000000, .3438204245693245E-02, .8650891182683324E-07, 
 350.0000000000000, .3496976967841846E-02, .8798753675525188E-07, 
 350.0000000000000, .3555749689990450E-02, .8946615355470823E-07, 
 350.0000000000000, .3614522412139051E-02, .9094476208866350E-07, 
 350.0000000000000, .3673295134287655E-02, .9242336222058475E-07, 
 350.0000000000000, .3732067856436256E-02, .9390195381394276E-07, 
 350.0000000000000, .3790840578584860E-02, .9538053673221244E-07, 
 350.0000000000000, .3849613300733462E-02, .9685911083887227E-07, 
 350.0000000000000, .3908386022882065E-02, .9833767599740840E-07, 
 350.0000000000000, .3967158745030667E-02, .9981623207130614E-07, 
 350.0000000000000, .4025931467179268E-02, .1012947789240607E-06, 
 350.0000000000000, .4084704189327872E-02, .1027733164191685E-06, 
 350.0000000000000, .4143476911476473E-02, .1042518444201320E-06, 
 350.0000000000000, .4202249633625077E-02, .1057303627904583E-06, 
 350.0000000000000, .4261022355773678E-02, .1072088713936587E-06, 
 350.0000000000000, .4319795077922282E-02, .1086873700932518E-06, 
 350.0000000000000, .4378567800070884E-02, .1101658587527570E-06, 
 350.0000000000000, .4437340522219487E-02, .1116443372357027E-06, 
 350.0000000000000, .4496113244368089E-02, .1131228054056214E-06, 
 350.0000000000000, .4554885966516692E-02, .1146012631260493E-06, 
 350.0000000000000, .4613658688665294E-02, .1160797102605293E-06, 
 350.0000000000000, .4672431410813897E-02, .1175581466726097E-06, 
 350.0000000000000, .4731204132962499E-02, .1190365722258424E-06, 
 350.0000000000000, .4789976855111100E-02, .1205149867837879E-06, 
 350.0000000000000, .4848749577259704E-02, .1219933902100101E-06, 
 350.0000000000000, .4907522299408306E-02, .1234717823680772E-06, 
 350.0000000000000, .4966295021556909E-02, .1249501631215659E-06, 
 350.0000000000000, .5025067743705511E-02, .1264285323340601E-06, 
 350.0000000000000, .5083840465854114E-02, .1279068898691431E-06, 
 350.0000000000000, .5142613188002716E-02, .1293852355904090E-06, 
 350.0000000000000, .5201385910151319E-02, .1308635693614589E-06, 
 350.0000000000000, .5260158632299921E-02, .1323418910458940E-06, 
 350.0000000000000, .5318931354448524E-02, .1338202005073296E-06, 
 350.0000000000000, .5377704076597126E-02, .1352984976093816E-06, 
 350.0000000000000, .5436476798745728E-02, .1367767822156723E-06, 
 350.0000000000000, .5495249520894331E-02, .1382550541898320E-06, 
 350.0000000000000, .5554022243042933E-02, .1397333133954990E-06, 
 350.0000000000000, .5612794965191536E-02, .1412115596963125E-06, 
 350.0000000000000, .5671567687340138E-02, .1426897929559260E-06, 
 350.0000000000000, .5730340409488741E-02, .1441680130379904E-06, 
 350.0000000000000, .5789113131637343E-02, .1456462198061725E-06, 
 350.0000000000000, .5847885853785946E-02, .1471244131241394E-06, 
 400.0000000000000, -.5847885853785946E-02, -.1418201804104414E-06, 
 400.0000000000000, -.5789113131637344E-02, -.1403952288933692E-06, 
 400.0000000000000, -.5730340409488741E-02, -.1389702659573731E-06, 
 400.0000000000000, -.5671567687340139E-02, -.1375452917182192E-06, 
 400.0000000000000, -.5612794965191536E-02, -.1361203062916800E-06, 
 400.0000000000000, -.5554022243042933E-02, -.1346953097935322E-06, 
 400.0000000000000, -.5495249520894332E-02, -.1332703023395595E-06, 
 400.0000000000000, -.5436476798745729E-02, -.1318452840455455E-06, 
 400.0000000000000, -.5377704076597127E-02, -.1304202550272830E-06, 
 400.0000000000000, -.5318931354448524E-02, -.1289952154005668E-06, 
 400.0000000000000, -.5260158632299922E-02, -.1275701652811990E-06, 
 400.0000000000000, -.5201385910151319E-02, -.1261451047849828E-06, 
 400.0000000000000, -.5142613188002717E-02, -.1247200340277298E-06, 
 400.0000000000000, -.5083840465854114E-02, -.1232949531252523E-06, 
 400.0000000000000, -.5025067743705511E-02, -.1218698621933684E-06, 
 400.0000000000000, -.4966295021556909E-02, -.1204447613479038E-06, 
 400.0000000000000, -.4907522299408306E-02, -.1190196507046837E-06, 
 400.0000000000000, -.4848749577259704E-02, -.1175945303795393E-06, 
 400.0000000000000, -.4789976855111101E-02, -.1161694004883068E-06, 
 400.0000000000000, -.4731204132962500E-02, -.1147442611468264E-06, 
 400.0000000000000, -.4672431410813896E-02, -.1133191124709423E-06, 
 400.0000000000000, -.4613658688665295E-02, -.1118939545765012E-06, 
 400.0000000000000, -.4554885966516692E-02, -.1104687875793562E-06, 
 400.0000000000000, -.4496113244368089E-02, -.1090436115953635E-06, 
 400.0000000000000, -.4437340522219487E-02, -.1076184267403820E-06, 
 400.0000000000000, -.4378567800070884E-02, -.1061932331302774E-06, 
 400.0000000000000, -.4319795077922282E-02, -.1047680308809151E-06, 
 400.0000000000000, -.4261022355773679E-02, -.1033428201081680E-06, 
 400.0000000000000, -.4202249633625077E-02, -.1019176009279117E-06, 
 400.0000000000000, -.4143476911476474E-02, -.1004923734560233E-06, 
 400.0000000000000, -.4084704189327872E-02, -.9906713780838636E-07, 
 400.0000000000000, -.4025931467179269E-02, -.9764189410088666E-07, 
 400.0000000000000, -.3967158745030668E-02, -.9621664244941394E-07, 
 400.0000000000000, -.3908386022882064E-02, -.9479138296986069E-07, 
 400.0000000000000, -.3849613300733462E-02, -.9336611577812368E-07, 
 400.0000000000000, -.3790840578584859E-02, -.9194084099010355E-07, 
 400.0000000000000, -.3732067856436257E-02, -.9051555872170149E-07, 
 400.0000000000000, -.3673295134287655E-02, -.8909026908882436E-07, 
 400.0000000000000, -.3614522412139052E-02, -.8766497220738199E-07, 
 400.0000000000000, -.3555749689990450E-02, -.8623966819328815E-07, 
 400.0000000000000, -.3496976967841847E-02, -.8481435716245722E-07, 
 400.0000000000000, -.3438204245693245E-02, -.8338903923080870E-07, 
 400.0000000000000, -.3379431523544643E-02, -.8196371451426363E-07, 
 400.0000000000000, -.3320658801396040E-02, -.8053838312874857E-07, 
 400.0000000000000, -.3261886079247437E-02, -.7911304519019020E-07, 
 400.0000000000000, -.3203113357098835E-02, -.7768770081451886E-07, 
 400.0000000000000, -.3144340634950232E-02, -.7626235011766801E-07, 
 400.0000000000000, -.3085567912801630E-02, -.7483699321557530E-07, 
 400.0000000000000, -.3026795190653028E-02, -.7341163022417764E-07, 
 400.0000000000000, -.2968022468504425E-02, -.7198626125941819E-07, 
 400.0000000000000, -.2909249746355823E-02, -.7056088643723912E-07, 
 400.0000000000000, -.2850477024207220E-02, -.6913550587359043E-07, 
 400.0000000000000, -.2791704302058618E-02, -.6771011968441707E-07, 
 400.0000000000000, -.2732931579910015E-02, -.6628472798567462E-07, 
 400.0000000000000, -.2674158857761413E-02, -.6485933089331535E-07, 
 400.0000000000000, -.2615386135612810E-02, -.6343392852329538E-07, 
 400.0000000000000, -.2556613413464208E-02, -.6200852099157478E-07, 
 400.0000000000000, -.2497840691315605E-02, -.6058310841411323E-07, 
 400.0000000000000, -.2439067969167003E-02, -.5915769090687455E-07, 
 400.0000000000000, -.2380295247018400E-02, -.5773226858582384E-07, 
 400.0000000000000, -.2321522524869798E-02, -.5630684156692874E-07, 
 400.0000000000000, -.2262749802721196E-02, -.5488140996615843E-07, 
 400.0000000000000, -.2203977080572593E-02, -.5345597389948518E-07, 
 400.0000000000000, -.2145204358423991E-02, -.5203053348288132E-07, 
 400.0000000000000, -.2086431636275388E-02, -.5060508883232366E-07, 
 400.0000000000000, -.2027658914126785E-02, -.4917964006378785E-07, 
 400.0000000000000, -.1968886191978183E-02, -.4775418729325343E-07, 
 400.0000000000000, -.1910113469829580E-02, -.4632873063670168E-07, 
 400.0000000000000, -.1851340747680978E-02, -.4490327021011422E-07, 
 400.0000000000000, -.1792568025532375E-02, -.4347780612947567E-07, 
 400.0000000000000, -.1733795303383773E-02, -.4205233851077165E-07, 
 400.0000000000000, -.1675022581235171E-02, -.4062686746998932E-07, 
 400.0000000000000, -.1616249859086569E-02, -.3920139312311732E-07, 
 400.0000000000000, -.1557477136937966E-02, -.3777591558614562E-07, 
 400.0000000000000, -.1498704414789363E-02, -.3635043497506591E-07, 
 400.0000000000000, -.1439931692640761E-02, -.3492495140587146E-07, 
 400.0000000000000, -.1381158970492158E-02, -.3349946499455574E-07, 
 400.0000000000000, -.1322386248343556E-02, -.3207397585711480E-07, 
 400.0000000000000, -.1263613526194953E-02, -.3064848410954471E-07, 
 400.0000000000000, -.1204840804046351E-02, -.2922298986784376E-07, 
 400.0000000000000, -.1146068081897748E-02, -.2779749324801053E-07, 
 400.0000000000000, -.1087295359749146E-02, -.2637199436604462E-07, 
 400.0000000000000, -.1028522637600543E-02, -.2494649333794755E-07, 
 400.0000000000000, -.9697499154519406E-03, -.2352099027972017E-07, 
 400.0000000000000, -.9109771933033389E-03, -.2209548530736606E-07, 
 400.0000000000000, -.8522044711547364E-03, -.2066997853688841E-07, 
 400.0000000000000, -.7934317490061338E-03, -.1924447008429115E-07, 
 400.0000000000000, -.7346590268575313E-03, -.1781896006558010E-07, 
 400.0000000000000, -.6758863047089288E-03, -.1639344859676010E-07, 
 400.0000000000000, -.6171135825603262E-03, -.1496793579383819E-07, 
 400.0000000000000, -.5583408604117237E-03, -.1354242177282095E-07, 
 400.0000000000000, -.4995681382631212E-03, -.1211690664971604E-07, 
 400.0000000000000, -.4407954161145186E-03, -.1069139054053122E-07, 
 400.0000000000000, -.3820226939659161E-03, -.9265873561275048E-08, 
 400.0000000000000, -.3232499718173135E-03, -.7840355827956108E-08, 
 400.0000000000000, -.2644772496687110E-03, -.6414837456583679E-08, 
 400.0000000000000, -.2057045275201093E-03, -.4989318563166935E-08, 
 400.0000000000000, -.1469318053715068E-03, -.3563799263715539E-08, 
 400.0000000000000, -.8815908322290424E-04, -.2138279674239323E-08, 
 400.0000000000000, -.2938636107430170E-04, -.7127599107480564E-09, 
 400.0000000000000, .2938636107430084E-04, .7127599107480542E-09, 
 400.0000000000000, .8815908322290338E-04, .2138279674239317E-08, 
 400.0000000000000, .1469318053715059E-03, .3563799263715529E-08, 
 400.0000000000000, .2057045275201085E-03, .4989318563166928E-08, 
 400.0000000000000, .2644772496687110E-03, .6414837456583679E-08, 
 400.0000000000000, .3232499718173135E-03, .7840355827956108E-08, 
 400.0000000000000, .3820226939659161E-03, .9265873561275048E-08, 
 400.0000000000000, .4407954161145186E-03, .1069139054053122E-07, 
 400.0000000000000, .4995681382631212E-03, .1211690664971604E-07, 
 400.0000000000000, .5583408604117228E-03, .1354242177282094E-07, 
 400.0000000000000, .6171135825603254E-03, .1496793579383819E-07, 
 400.0000000000000, .6758863047089279E-03, .1639344859676009E-07, 
 400.0000000000000, .7346590268575304E-03, .1781896006558008E-07, 
 400.0000000000000, .7934317490061330E-03, .1924447008429106E-07, 
 400.0000000000000, .8522044711547355E-03, .2066997853688840E-07, 
 400.0000000000000, .9109771933033381E-03, .2209548530736606E-07, 
 400.0000000000000, .9697499154519406E-03, .2352099027972017E-07, 
 400.0000000000000, .1028522637600543E-02, .2494649333794755E-07, 
 400.0000000000000, .1087295359749146E-02, .2637199436604462E-07, 
 400.0000000000000, .1146068081897748E-02, .2779749324801053E-07, 
 400.0000000000000, .1204840804046351E-02, .2922298986784376E-07, 
 400.0000000000000, .1263613526194953E-02, .3064848410954471E-07, 
 400.0000000000000, .1322386248343555E-02, .3207397585711479E-07, 
 400.0000000000000, .1381158970492158E-02, .3349946499455573E-07, 
 400.0000000000000, .1439931692640760E-02, .3492495140587133E-07, 
 400.0000000000000, .1498704414789363E-02, .3635043497506591E-07, 
 400.0000000000000, .1557477136937965E-02, .3777591558614562E-07, 
 400.0000000000000, .1616249859086568E-02, .3920139312311730E-07, 
 400.0000000000000, .1675022581235170E-02, .4062686746998930E-07, 
 400.0000000000000, .1733795303383773E-02, .4205233851077165E-07, 
 400.0000000000000, .1792568025532375E-02, .4347780612947567E-07, 
 400.0000000000000, .1851340747680978E-02, .4490327021011422E-07, 
 400.0000000000000, .1910113469829580E-02, .4632873063670168E-07, 
 400.0000000000000, .1968886191978182E-02, .4775418729325344E-07, 
 400.0000000000000, .2027658914126785E-02, .4917964006378785E-07, 
 400.0000000000000, .2086431636275387E-02, .5060508883232359E-07, 
 400.0000000000000, .2145204358423991E-02, .5203053348288132E-07, 
 400.0000000000000, .2203977080572592E-02, .5345597389948515E-07, 
 400.0000000000000, .2262749802721196E-02, .5488140996615843E-07, 
 400.0000000000000, .2321522524869797E-02, .5630684156692872E-07, 
 400.0000000000000, .2380295247018401E-02, .5773226858582392E-07, 
 400.0000000000000, .2439067969167002E-02, .5915769090687455E-07, 
 400.0000000000000, .2497840691315604E-02, .6058310841411323E-07, 
 400.0000000000000, .2556613413464207E-02, .6200852099157478E-07, 
 400.0000000000000, .2615386135612809E-02, .6343392852329535E-07, 
 400.0000000000000, .2674158857761413E-02, .6485933089331535E-07, 
 400.0000000000000, .2732931579910014E-02, .6628472798567458E-07, 
 400.0000000000000, .2791704302058618E-02, .6771011968441707E-07, 
 400.0000000000000, .2850477024207219E-02, .6913550587359043E-07, 
 400.0000000000000, .2909249746355823E-02, .7056088643723912E-07, 
 400.0000000000000, .2968022468504424E-02, .7198626125941819E-07, 
 400.0000000000000, .3026795190653028E-02, .7341163022417764E-07, 
 400.0000000000000, .3085567912801629E-02, .7483699321557524E-07, 
 400.0000000000000, .3144340634950233E-02, .7626235011766801E-07, 
 400.0000000000000, .3203113357098834E-02, .7768770081451886E-07, 
 400.0000000000000, .3261886079247436E-02, .7911304519019020E-07, 
 400.0000000000000, .3320658801396040E-02, .8053838312874857E-07, 
 400.0000000000000, .3379431523544641E-02, .8196371451426356E-07, 
 400.0000000000000, .3438204245693245E-02, .8338903923080870E-07, 
 400.0000000000000, .3496976967841846E-02, .8481435716245721E-07, 
 400.0000000000000, .3555749689990450E-02, .8623966819328815E-07, 
 400.0000000000000, .3614522412139051E-02, .8766497220738199E-07, 
 400.0000000000000, .3673295134287655E-02, .8909026908882436E-07, 
 400.0000000000000, .3732067856436256E-02, .9051555872170141E-07, 
 400.0000000000000, .3790840578584860E-02, .9194084099010355E-07, 
 400.0000000000000, .3849613300733462E-02, .9336611577812368E-07, 
 400.0000000000000, .3908386022882065E-02, .9479138296986069E-07, 
 400.0000000000000, .3967158745030667E-02, .9621664244941390E-07, 
 400.0000000000000, .4025931467179268E-02, .9764189410088659E-07, 
 400.0000000000000, .4084704189327872E-02, .9906713780838636E-07, 
 400.0000000000000, .4143476911476473E-02, .1004923734560233E-06, 
 400.0000000000000, .4202249633625077E-02, .1019176009279117E-06, 
 400.0000000000000, .4261022355773678E-02, .1033428201081680E-06, 
 400.0000000000000, .4319795077922282E-02, .1047680308809151E-06, 
 400.0000000000000, .4378567800070884E-02, .1061932331302774E-06, 
 400.0000000000000, .4437340522219487E-02, .1076184267403820E-06, 
 400.0000000000000, .4496113244368089E-02, .1090436115953635E-06, 
 400.0000000000000, .4554885966516692E-02, .1104687875793562E-06, 
 400.0000000000000, .4613658688665294E-02, .1118939545765012E-06, 
 400.0000000000000, .4672431410813897E-02, .1133191124709424E-06, 
 400.0000000000000, .4731204132962499E-02, .1147442611468264E-06, 
 400.0000000000000, .4789976855111100E-02, .1161694004883068E-06, 
 400.0000000000000, .4848749577259704E-02, .1175945303795393E-06, 
 400.0000000000000, .4907522299408306E-02, .1190196507046836E-06, 
 400.0000000000000, .4966295021556909E-02, .1204447613479038E-06, 
 400.0000000000000, .5025067743705511E-02, .1218698621933683E-06, 
 400.0000000000000, .5083840465854114E-02, .1232949531252523E-06, 
 400.0000000000000, .5142613188002716E-02, .1247200340277298E-06, 
 400.0000000000000, .5201385910151319E-02, .1261451047849828E-06, 
 400.0000000000000, .5260158632299921E-02, .1275701652811990E-06, 
 400.0000000000000, .5318931354448524E-02, .1289952154005668E-06, 
 400.0000000000000, .5377704076597126E-02, .1304202550272829E-06, 
 400.0000000000000, .5436476798745728E-02, .1318452840455455E-06, 
 400.0000000000000, .5495249520894331E-02, .1332703023395594E-06, 
 400.0000000000000, .5554022243042933E-02, .1346953097935322E-06, 
 400.0000000000000, .5612794965191536E-02, .1361203062916800E-06, 
 400.0000000000000, .5671567687340138E-02, .1375452917182192E-06, 
 400.0000000000000, .5730340409488741E-02, .1389702659573731E-06, 
 400.0000000000000, .5789113131637343E-02, .1403952288933692E-06, 
 400.0000000000000, .5847885853785946E-02, .1418201804104414E-06, 
 450.0000000000000, -.5847885853785946E-02, -.1367875783087117E-06, 
 450.0000000000000, -.5789113131637344E-02, -.1354131510284570E-06, 
 450.0000000000000, -.5730340409488741E-02, -.1340387139853990E-06, 
 450.0000000000000, -.5671567687340139E-02, -.1326642672785306E-06, 
 450.0000000000000, -.5612794965191536E-02, -.1312898110068519E-06, 
 450.0000000000000, -.5554022243042933E-02, -.1299153452693666E-06, 
 450.0000000000000, -.5495249520894332E-02, -.1285408701650768E-06, 
 450.0000000000000, -.5436476798745729E-02, -.1271663857929928E-06, 
 450.0000000000000, -.5377704076597127E-02, -.1257918922521307E-06, 
 450.0000000000000, -.5318931354448524E-02, -.1244173896415035E-06, 
 450.0000000000000, -.5260158632299922E-02, -.1230428780601323E-06, 
 450.0000000000000, -.5201385910151319E-02, -.1216683576070396E-06, 
 450.0000000000000, -.5142613188002717E-02, -.1202938283812530E-06, 
 450.0000000000000, -.5083840465854114E-02, -.1189192904818008E-06, 
 450.0000000000000, -.5025067743705511E-02, -.1175447440077169E-06, 
 450.0000000000000, -.4966295021556909E-02, -.1161701890580389E-06, 
 450.0000000000000, -.4907522299408306E-02, -.1147956257318040E-06, 
 450.0000000000000, -.4848749577259704E-02, -.1134210541280563E-06, 
 450.0000000000000, -.4789976855111101E-02, -.1120464743458431E-06, 
 450.0000000000000, -.4731204132962500E-02, -.1106718864842112E-06, 
 450.0000000000000, -.4672431410813896E-02, -.1092972906422142E-06, 
 450.0000000000000, -.4613658688665295E-02, -.1079226869189065E-06, 
 450.0000000000000, -.4554885966516692E-02, -.1065480754133467E-06, 
 450.0000000000000, -.4496113244368089E-02, -.1051734562245954E-06, 
 450.0000000000000, -.4437340522219487E-02, -.1037988294517174E-06, 
 450.0000000000000, -.4378567800070884E-02, -.1024241951937774E-06, 
 450.0000000000000, -.4319795077922282E-02, -.1010495535498493E-06, 
 450.0000000000000, -.4261022355773679E-02, -.9967490461900156E-07, 
 450.0000000000000, -.4202249633625077E-02, -.9830024850031193E-07, 
 450.0000000000000, -.4143476911476474E-02, -.9692558529285741E-07, 
 450.0000000000000, -.4084704189327872E-02, -.9555091509571846E-07, 
 450.0000000000000, -.4025931467179269E-02, -.9417623800797994E-07, 
 450.0000000000000, -.3967158745030668E-02, -.9280155412872625E-07, 
 450.0000000000000, -.3908386022882064E-02, -.9142686355704665E-07, 
 450.0000000000000, -.3849613300733462E-02, -.9005216639203186E-07, 
 450.0000000000000, -.3790840578584859E-02, -.8867746273277666E-07, 
 450.0000000000000, -.3732067856436257E-02, -.8730275267837617E-07, 
 450.0000000000000, -.3673295134287655E-02, -.8592803632792769E-07, 
 450.0000000000000, -.3614522412139052E-02, -.8455331378053656E-07, 
 450.0000000000000, -.3555749689990450E-02, -.8317858513530039E-07, 
 450.0000000000000, -.3496976967841847E-02, -.8180385049132900E-07, 
 450.0000000000000, -.3438204245693245E-02, -.8042910994772789E-07, 
 450.0000000000000, -.3379431523544643E-02, -.7905436360360778E-07, 
 450.0000000000000, -.3320658801396040E-02, -.7767961155808062E-07, 
 450.0000000000000, -.3261886079247437E-02, -.7630485391026215E-07, 
 450.0000000000000, -.3203113357098835E-02, -.7493009075926869E-07, 
 450.0000000000000, -.3144340634950232E-02, -.7355532220421736E-07, 
 450.0000000000000, -.3085567912801630E-02, -.7218054834423037E-07, 
 450.0000000000000, -.3026795190653028E-02, -.7080576927842988E-07, 
 450.0000000000000, -.2968022468504425E-02, -.6943098510594092E-07, 
 450.0000000000000, -.2909249746355823E-02, -.6805619592589039E-07, 
 450.0000000000000, -.2850477024207220E-02, -.6668140183740598E-07, 
 450.0000000000000, -.2791704302058618E-02, -.6530660293961880E-07, 
 450.0000000000000, -.2732931579910015E-02, -.6393179933166117E-07, 
 450.0000000000000, -.2674158857761413E-02, -.6255699111266679E-07, 
 450.0000000000000, -.2615386135612810E-02, -.6118217838177164E-07, 
 450.0000000000000, -.2556613413464208E-02, -.5980736123811297E-07, 
 450.0000000000000, -.2497840691315605E-02, -.5843253978083037E-07, 
 450.0000000000000, -.2439067969167003E-02, -.5705771410906425E-07, 
 450.0000000000000, -.2380295247018400E-02, -.5568288432195728E-07, 
 450.0000000000000, -.2321522524869798E-02, -.5430805051865360E-07, 
 450.0000000000000, -.2262749802721196E-02, -.5293321279829846E-07, 
 450.0000000000000, -.2203977080572593E-02, -.5155837126003927E-07, 
 450.0000000000000, -.2145204358423991E-02, -.5018352600302409E-07, 
 450.0000000000000, -.2086431636275388E-02, -.4880867712640251E-07, 
 450.0000000000000, -.2027658914126785E-02, -.4743382472932647E-07, 
 450.0000000000000, -.1968886191978183E-02, -.4605896891094807E-07, 
 450.0000000000000, -.1910113469829580E-02, -.4468410977042175E-07, 
 450.0000000000000, -.1851340747680978E-02, -.4330924740690199E-07, 
 450.0000000000000, -.1792568025532375E-02, -.4193438191954520E-07, 
 450.0000000000000, -.1733795303383773E-02, -.4055951340750942E-07, 
 450.0000000000000, -.1675022581235171E-02, -.3918464196995254E-07, 
 450.0000000000000, -.1616249859086569E-02, -.3780976770603568E-07, 
 450.0000000000000, -.1557477136937966E-02, -.3643489071491835E-07, 
 450.0000000000000, -.1498704414789363E-02, -.3506001109576307E-07, 
 450.0000000000000, -.1439931692640761E-02, -.3368512894773323E-07, 
 450.0000000000000, -.1381158970492158E-02, -.3231024436999209E-07, 
 450.0000000000000, -.1322386248343556E-02, -.3093535746170447E-07, 
 450.0000000000000, -.1263613526194953E-02, -.2956046832203602E-07, 
 450.0000000000000, -.1204840804046351E-02, -.2818557705015358E-07, 
 450.0000000000000, -.1146068081897748E-02, -.2681068374522452E-07, 
 450.0000000000000, -.1087295359749146E-02, -.2543578850641667E-07, 
 450.0000000000000, -.1028522637600543E-02, -.2406089143289872E-07, 
 450.0000000000000, -.9697499154519406E-03, -.2268599262384059E-07, 
 450.0000000000000, -.9109771933033389E-03, -.2131109217841265E-07, 
 450.0000000000000, -.8522044711547364E-03, -.1993619019578538E-07, 
 450.0000000000000, -.7934317490061338E-03, -.1856128677513023E-07, 
 450.0000000000000, -.7346590268575313E-03, -.1718638201561919E-07, 
 450.0000000000000, -.6758863047089288E-03, -.1581147601642490E-07, 
 450.0000000000000, -.6171135825603262E-03, -.1443656887671998E-07, 
 450.0000000000000, -.5583408604117237E-03, -.1306166069567826E-07, 
 450.0000000000000, -.4995681382631212E-03, -.1168675157247294E-07, 
 450.0000000000000, -.4407954161145186E-03, -.1031184160627852E-07, 
 450.0000000000000, -.3820226939659161E-03, -.8936930896269408E-08, 
 450.0000000000000, -.3232499718173135E-03, -.7562019541620072E-08, 
 450.0000000000000, -.2644772496687110E-03, -.6187107641506028E-08, 
 450.0000000000000, -.2057045275201093E-03, -.4812195295101886E-08, 
 450.0000000000000, -.1469318053715068E-03, -.3437282601583225E-08, 
 450.0000000000000, -.8815908322290424E-04, -.2062369660125557E-08, 
 450.0000000000000, -.2938636107430170E-04, -.6874565699044368E-09, 
 450.0000000000000, .2938636107430084E-04, .6874565699044347E-09, 
 450.0000000000000, .8815908322290338E-04, .2062369660125549E-08, 
 450.0000000000000, .1469318053715059E-03, .3437282601583211E-08, 
 450.0000000000000, .2057045275201085E-03, .4812195295101877E-08, 
 450.0000000000000, .2644772496687110E-03, .6187107641506028E-08, 
 450.0000000000000, .3232499718173135E-03, .7562019541620072E-08, 
 450.0000000000000, .3820226939659161E-03, .8936930896269408E-08, 
 450.0000000000000, .4407954161145186E-03, .1031184160627852E-07, 
 450.0000000000000, .4995681382631212E-03, .1168675157247294E-07, 
 450.0000000000000, .5583408604117228E-03, .1306166069567826E-07, 
 450.0000000000000, .6171135825603254E-03, .1443656887671998E-07, 
 450.0000000000000, .6758863047089279E-03, .1581147601642490E-07, 
 450.0000000000000, .7346590268575304E-03, .1718638201561919E-07, 
 450.0000000000000, .7934317490061330E-03, .1856128677513016E-07, 
 450.0000000000000, .8522044711547355E-03, .1993619019578538E-07, 
 450.0000000000000, .9109771933033381E-03, .2131109217841265E-07, 
 450.0000000000000, .9697499154519406E-03, .2268599262384059E-07, 
 450.0000000000000, .1028522637600543E-02, .2406089143289872E-07, 
 450.0000000000000, .1087295359749146E-02, .2543578850641667E-07, 
 450.0000000000000, .1146068081897748E-02, .2681068374522452E-07, 
 450.0000000000000, .1204840804046351E-02, .2818557705015358E-07, 
 450.0000000000000, .1263613526194953E-02, .2956046832203602E-07, 
 450.0000000000000, .1322386248343555E-02, .3093535746170447E-07, 
 450.0000000000000, .1381158970492158E-02, .3231024436999207E-07, 
 450.0000000000000, .1439931692640760E-02, .3368512894773309E-07, 
 450.0000000000000, .1498704414789363E-02, .3506001109576305E-07, 
 450.0000000000000, .1557477136937965E-02, .3643489071491835E-07, 
 450.0000000000000, .1616249859086568E-02, .3780976770603566E-07, 
 450.0000000000000, .1675022581235170E-02, .3918464196995253E-07, 
 450.0000000000000, .1733795303383773E-02, .4055951340750942E-07, 
 450.0000000000000, .1792568025532375E-02, .4193438191954520E-07, 
 450.0000000000000, .1851340747680978E-02, .4330924740690199E-07, 
 450.0000000000000, .1910113469829580E-02, .4468410977042175E-07, 
 450.0000000000000, .1968886191978182E-02, .4605896891094807E-07, 
 450.0000000000000, .2027658914126785E-02, .4743382472932647E-07, 
 450.0000000000000, .2086431636275387E-02, .4880867712640248E-07, 
 450.0000000000000, .2145204358423991E-02, .5018352600302409E-07, 
 450.0000000000000, .2203977080572592E-02, .5155837126003927E-07, 
 450.0000000000000, .2262749802721196E-02, .5293321279829846E-07, 
 450.0000000000000, .2321522524869797E-02, .5430805051865359E-07, 
 450.0000000000000, .2380295247018401E-02, .5568288432195733E-07, 
 450.0000000000000, .2439067969167002E-02, .5705771410906425E-07, 
 450.0000000000000, .2497840691315604E-02, .5843253978083037E-07, 
 450.0000000000000, .2556613413464207E-02, .5980736123811297E-07, 
 450.0000000000000, .2615386135612809E-02, .6118217838177161E-07, 
 450.0000000000000, .2674158857761413E-02, .6255699111266679E-07, 
 450.0000000000000, .2732931579910014E-02, .6393179933166114E-07, 
 450.0000000000000, .2791704302058618E-02, .6530660293961880E-07, 
 450.0000000000000, .2850477024207219E-02, .6668140183740598E-07, 
 450.0000000000000, .2909249746355823E-02, .6805619592589039E-07, 
 450.0000000000000, .2968022468504424E-02, .6943098510594093E-07, 
 450.0000000000000, .3026795190653028E-02, .7080576927842988E-07, 
 450.0000000000000, .3085567912801629E-02, .7218054834423030E-07, 
 450.0000000000000, .3144340634950233E-02, .7355532220421736E-07, 
 450.0000000000000, .3203113357098834E-02, .7493009075926869E-07, 
 450.0000000000000, .3261886079247436E-02, .7630485391026209E-07, 
 450.0000000000000, .3320658801396040E-02, .7767961155808062E-07, 
 450.0000000000000, .3379431523544641E-02, .7905436360360774E-07, 
 450.0000000000000, .3438204245693245E-02, .8042910994772789E-07, 
 450.0000000000000, .3496976967841846E-02, .8180385049132900E-07, 
 450.0000000000000, .3555749689990450E-02, .8317858513530039E-07, 
 450.0000000000000, .3614522412139051E-02, .8455331378053659E-07, 
 450.0000000000000, .3673295134287655E-02, .8592803632792769E-07, 
 450.0000000000000, .3732067856436256E-02, .8730275267837614E-07, 
 450.0000000000000, .3790840578584860E-02, .8867746273277666E-07, 
 450.0000000000000, .3849613300733462E-02, .9005216639203186E-07, 
 450.0000000000000, .3908386022882065E-02, .9142686355704663E-07, 
 450.0000000000000, .3967158745030667E-02, .9280155412872625E-07, 
 450.0000000000000, .4025931467179268E-02, .9417623800797987E-07, 
 450.0000000000000, .4084704189327872E-02, .9555091509571846E-07, 
 450.0000000000000, .4143476911476473E-02, .9692558529285743E-07, 
 450.0000000000000, .4202249633625077E-02, .9830024850031193E-07, 
 450.0000000000000, .4261022355773678E-02, .9967490461900156E-07, 
 450.0000000000000, .4319795077922282E-02, .1010495535498493E-06, 
 450.0000000000000, .4378567800070884E-02, .1024241951937773E-06, 
 450.0000000000000, .4437340522219487E-02, .1037988294517174E-06, 
 450.0000000000000, .4496113244368089E-02, .1051734562245954E-06, 
 450.0000000000000, .4554885966516692E-02, .1065480754133467E-06, 
 450.0000000000000, .4613658688665294E-02, .1079226869189064E-06, 
 450.0000000000000, .4672431410813897E-02, .1092972906422142E-06, 
 450.0000000000000, .4731204132962499E-02, .1106718864842112E-06, 
 450.0000000000000, .4789976855111100E-02, .1120464743458431E-06, 
 450.0000000000000, .4848749577259704E-02, .1134210541280563E-06, 
 450.0000000000000, .4907522299408306E-02, .1147956257318040E-06, 
 450.0000000000000, .4966295021556909E-02, .1161701890580389E-06, 
 450.0000000000000, .5025067743705511E-02, .1175447440077169E-06, 
 450.0000000000000, .5083840465854114E-02, .1189192904818008E-06, 
 450.0000000000000, .5142613188002716E-02, .1202938283812530E-06, 
 450.0000000000000, .5201385910151319E-02, .1216683576070396E-06, 
 450.0000000000000, .5260158632299921E-02, .1230428780601323E-06, 
 450.0000000000000, .5318931354448524E-02, .1244173896415035E-06, 
 450.0000000000000, .5377704076597126E-02, .1257918922521307E-06, 
 450.0000000000000, .5436476798745728E-02, .1271663857929928E-06, 
 450.0000000000000, .5495249520894331E-02, .1285408701650767E-06, 
 450.0000000000000, .5554022243042933E-02, .1299153452693665E-06, 
 450.0000000000000, .5612794965191536E-02, .1312898110068519E-06, 
 450.0000000000000, .5671567687340138E-02, .1326642672785305E-06, 
 450.0000000000000, .5730340409488741E-02, .1340387139853990E-06, 
 450.0000000000000, .5789113131637343E-02, .1354131510284570E-06, 
 450.0000000000000, .5847885853785946E-02, .1367875783087117E-06, 
 500.0000000000000, -.5847885853785946E-02, -.1320404350899484E-06, 
 500.0000000000000, -.5789113131637344E-02, -.1307136728832721E-06, 
 500.0000000000000, -.5730340409488741E-02, -.1293869022740787E-06, 
 500.0000000000000, -.5671567687340139E-02, -.1280601233475823E-06, 
 500.0000000000000, -.5612794965191536E-02, -.1267333361889988E-06, 
 500.0000000000000, -.5554022243042933E-02, -.1254065408835493E-06, 
 500.0000000000000, -.5495249520894332E-02, -.1240797375164567E-06, 
 500.0000000000000, -.5436476798745729E-02, -.1227529261729428E-06, 
 500.0000000000000, -.5377704076597127E-02, -.1214261069382398E-06, 
 500.0000000000000, -.5318931354448524E-02, -.1200992798975734E-06, 
 500.0000000000000, -.5260158632299922E-02, -.1187724451361798E-06, 
 500.0000000000000, -.5201385910151319E-02, -.1174456027392944E-06, 
 500.0000000000000, -.5142613188002717E-02, -.1161187527921535E-06, 
 500.0000000000000, -.5083840465854114E-02, -.1147918953799999E-06, 
 500.0000000000000, -.5025067743705511E-02, -.1134650305880749E-06, 
 500.0000000000000, -.4966295021556909E-02, -.1121381585016250E-06, 
 500.0000000000000, -.4907522299408306E-02, -.1108112792058975E-06, 
 500.0000000000000, -.4848749577259704E-02, -.1094843927861440E-06, 
 500.0000000000000, -.4789976855111101E-02, -.1081574993276163E-06, 
 500.0000000000000, -.4731204132962500E-02, -.1068305989155702E-06, 
 500.0000000000000, -.4672431410813896E-02, -.1055036916352616E-06, 
 500.0000000000000, -.4613658688665295E-02, -.1041767775719518E-06, 
 500.0000000000000, -.4554885966516692E-02, -.1028498568109023E-06, 
 500.0000000000000, -.4496113244368089E-02, -.1015229294373774E-06, 
 500.0000000000000, -.4437340522219487E-02, -.1001959955366433E-06, 
 500.0000000000000, -.4378567800070884E-02, -.9886905519396858E-07, 
 500.0000000000000, -.4319795077922282E-02, -.9754210849462389E-07, 
 500.0000000000000, -.4261022355773679E-02, -.9621515552388299E-07, 
 500.0000000000000, -.4202249633625077E-02, -.9488819636701949E-07, 
 500.0000000000000, -.4143476911476474E-02, -.9356123110931216E-07, 
 500.0000000000000, -.4084704189327872E-02, -.9223425983603795E-07, 
 500.0000000000000, -.4025931467179269E-02, -.9090728263247789E-07, 
 500.0000000000000, -.3967158745030668E-02, -.8958029958391786E-07, 
 500.0000000000000, -.3908386022882064E-02, -.8825331077563960E-07, 
 500.0000000000000, -.3849613300733462E-02, -.8692631629293156E-07, 
 500.0000000000000, -.3790840578584859E-02, -.8559931622108336E-07, 
 500.0000000000000, -.3732067856436257E-02, -.8427231064538355E-07, 
 500.0000000000000, -.3673295134287655E-02, -.8294529965112601E-07, 
 500.0000000000000, -.3614522412139052E-02, -.8161828332360452E-07, 
 500.0000000000000, -.3555749689990450E-02, -.8029126174811527E-07, 
 500.0000000000000, -.3496976967841847E-02, -.7896423500995691E-07, 
 500.0000000000000, -.3438204245693245E-02, -.7763720319442656E-07, 
 500.0000000000000, -.3379431523544643E-02, -.7631016638682860E-07, 
 500.0000000000000, -.3320658801396040E-02, -.7498312467246326E-07, 
 500.0000000000000, -.3261886079247437E-02, -.7365607813663707E-07, 
 500.0000000000000, -.3203113357098835E-02, -.7232902686465474E-07, 
 500.0000000000000, -.3144340634950232E-02, -.7100197094182423E-07, 
 500.0000000000000, -.3085567912801630E-02, -.6967491045345567E-07, 
 500.0000000000000, -.3026795190653028E-02, -.6834784548485863E-07, 
 500.0000000000000, -.2968022468504425E-02, -.6702077612134673E-07, 
 500.0000000000000, -.2909249746355823E-02, -.6569370244823275E-07, 
 500.0000000000000, -.2850477024207220E-02, -.6436662455083197E-07, 
 500.0000000000000, -.2791704302058618E-02, -.6303954251446139E-07, 
 500.0000000000000, -.2732931579910015E-02, -.6171245642443815E-07, 
 500.0000000000000, -.2674158857761413E-02, -.6038536636608289E-07, 
 500.0000000000000, -.2615386135612810E-02, -.5905827242471445E-07, 
 500.0000000000000, -.2556613413464208E-02, -.5773117468565669E-07, 
 500.0000000000000, -.2497840691315605E-02, -.5640407323423156E-07, 
 500.0000000000000, -.2439067969167003E-02, -.5507696815576388E-07, 
 500.0000000000000, -.2380295247018400E-02, -.5374985953557916E-07, 
 500.0000000000000, -.2321522524869798E-02, -.5242274745900444E-07, 
 500.0000000000000, -.2262749802721196E-02, -.5109563201136765E-07, 
 500.0000000000000, -.2203977080572593E-02, -.4976851327799801E-07, 
 500.0000000000000, -.2145204358423991E-02, -.4844139134422492E-07, 
 500.0000000000000, -.2086431636275388E-02, -.4711426629538044E-07, 
 500.0000000000000, -.2027658914126785E-02, -.4578713821679681E-07, 
 500.0000000000000, -.1968886191978183E-02, -.4446000719380758E-07, 
 500.0000000000000, -.1910113469829580E-02, -.4313287331174663E-07, 
 500.0000000000000, -.1851340747680978E-02, -.4180573665594916E-07, 
 500.0000000000000, -.1792568025532375E-02, -.4047859731175134E-07, 
 500.0000000000000, -.1733795303383773E-02, -.3915145536449039E-07, 
 500.0000000000000, -.1675022581235171E-02, -.3782431089950431E-07, 
 500.0000000000000, -.1616249859086569E-02, -.3649716400213189E-07, 
 500.0000000000000, -.1557477136937966E-02, -.3517001475771270E-07, 
 500.0000000000000, -.1498704414789363E-02, -.3384286325158668E-07, 
 500.0000000000000, -.1439931692640761E-02, -.3251570956909588E-07, 
 500.0000000000000, -.1381158970492158E-02, -.3118855379558094E-07, 
 500.0000000000000, -.1322386248343556E-02, -.2986139601638538E-07, 
 500.0000000000000, -.1263613526194953E-02, -.2853423631685188E-07, 
 500.0000000000000, -.1204840804046351E-02, -.2720707478232481E-07, 
 500.0000000000000, -.1146068081897748E-02, -.2587991149814851E-07, 
 500.0000000000000, -.1087295359749146E-02, -.2455274654966746E-07, 
 500.0000000000000, -.1028522637600543E-02, -.2322558002222760E-07, 
 500.0000000000000, -.9697499154519406E-03, -.2189841200117542E-07, 
 500.0000000000000, -.9109771933033389E-03, -.2057124257185709E-07, 
 500.0000000000000, -.8522044711547364E-03, -.1924407181962009E-07, 
 500.0000000000000, -.7934317490061338E-03, -.1791689982981139E-07, 
 500.0000000000000, -.7346590268575313E-03, -.1658972668777976E-07, 
 500.0000000000000, -.6758863047089288E-03, -.1526255247887276E-07, 
 500.0000000000000, -.6171135825603262E-03, -.1393537728843948E-07, 
 500.0000000000000, -.5583408604117237E-03, -.1260820120182896E-07, 
 500.0000000000000, -.4995681382631212E-03, -.1128102430439036E-07, 
 500.0000000000000, -.4407954161145186E-03, -.9953846681473378E-08, 
 500.0000000000000, -.3820226939659161E-03, -.8626668418427824E-08, 
 500.0000000000000, -.3232499718173135E-03, -.7299489600603623E-08, 
 500.0000000000000, -.2644772496687110E-03, -.5972310313351249E-08, 
 500.0000000000000, -.2057045275201093E-03, -.4645130642020898E-08, 
 500.0000000000000, -.1469318053715068E-03, -.3317950671963150E-08, 
 500.0000000000000, -.8815908322290424E-04, -.1990770488528654E-08, 
 500.0000000000000, -.2938636107430170E-04, -.6635901770679390E-09, 
 500.0000000000000, .2938636107430084E-04, .6635901770679375E-09, 
 500.0000000000000, .8815908322290338E-04, .1990770488528642E-08, 
 500.0000000000000, .1469318053715059E-03, .3317950671963135E-08, 
 500.0000000000000, .2057045275201085E-03, .4645130642020895E-08, 
 500.0000000000000, .2644772496687110E-03, .5972310313351249E-08, 
 500.0000000000000, .3232499718173135E-03, .7299489600603623E-08, 
 500.0000000000000, .3820226939659161E-03, .8626668418427824E-08, 
 500.0000000000000, .4407954161145186E-03, .9953846681473378E-08, 
 500.0000000000000, .4995681382631212E-03, .1128102430439036E-07, 
 500.0000000000000, .5583408604117228E-03, .1260820120182895E-07, 
 500.0000000000000, .6171135825603254E-03, .1393537728843948E-07, 
 500.0000000000000, .6758863047089279E-03, .1526255247887275E-07, 
 500.0000000000000, .7346590268575304E-03, .1658972668777974E-07, 
 500.0000000000000, .7934317490061330E-03, .1791689982981135E-07, 
 500.0000000000000, .8522044711547355E-03, .1924407181962007E-07, 
 500.0000000000000, .9109771933033381E-03, .2057124257185709E-07, 
 500.0000000000000, .9697499154519406E-03, .2189841200117542E-07, 
 500.0000000000000, .1028522637600543E-02, .2322558002222760E-07, 
 500.0000000000000, .1087295359749146E-02, .2455274654966746E-07, 
 500.0000000000000, .1146068081897748E-02, .2587991149814851E-07, 
 500.0000000000000, .1204840804046351E-02, .2720707478232481E-07, 
 500.0000000000000, .1263613526194953E-02, .2853423631685188E-07, 
 500.0000000000000, .1322386248343555E-02, .2986139601638537E-07, 
 500.0000000000000, .1381158970492158E-02, .3118855379558094E-07, 
 500.0000000000000, .1439931692640760E-02, .3251570956909570E-07, 
 500.0000000000000, .1498704414789363E-02, .3384286325158667E-07, 
 500.0000000000000, .1557477136937965E-02, .3517001475771270E-07, 
 500.0000000000000, .1616249859086568E-02, .3649716400213189E-07, 
 500.0000000000000, .1675022581235170E-02, .3782431089950431E-07, 
 500.0000000000000, .1733795303383773E-02, .3915145536449039E-07, 
 500.0000000000000, .1792568025532375E-02, .4047859731175134E-07, 
 500.0000000000000, .1851340747680978E-02, .4180573665594916E-07, 
 500.0000000000000, .1910113469829580E-02, .4313287331174663E-07, 
 500.0000000000000, .1968886191978182E-02, .4446000719380755E-07, 
 500.0000000000000, .2027658914126785E-02, .4578713821679681E-07, 
 500.0000000000000, .2086431636275387E-02, .4711426629538039E-07, 
 500.0000000000000, .2145204358423991E-02, .4844139134422492E-07, 
 500.0000000000000, .2203977080572592E-02, .4976851327799801E-07, 
 500.0000000000000, .2262749802721196E-02, .5109563201136765E-07, 
 500.0000000000000, .2321522524869797E-02, .5242274745900444E-07, 
 500.0000000000000, .2380295247018401E-02, .5374985953557928E-07, 
 500.0000000000000, .2439067969167002E-02, .5507696815576388E-07, 
 500.0000000000000, .2497840691315604E-02, .5640407323423156E-07, 
 500.0000000000000, .2556613413464207E-02, .5773117468565669E-07, 
 500.0000000000000, .2615386135612809E-02, .5905827242471442E-07, 
 500.0000000000000, .2674158857761413E-02, .6038536636608289E-07, 
 500.0000000000000, .2732931579910014E-02, .6171245642443806E-07, 
 500.0000000000000, .2791704302058618E-02, .6303954251446139E-07, 
 500.0000000000000, .2850477024207219E-02, .6436662455083195E-07, 
 500.0000000000000, .2909249746355823E-02, .6569370244823275E-07, 
 500.0000000000000, .2968022468504424E-02, .6702077612134670E-07, 
 500.0000000000000, .3026795190653028E-02, .6834784548485863E-07, 
 500.0000000000000, .3085567912801629E-02, .6967491045345565E-07, 
 500.0000000000000, .3144340634950233E-02, .7100197094182423E-07, 
 500.0000000000000, .3203113357098834E-02, .7232902686465474E-07, 
 500.0000000000000, .3261886079247436E-02, .7365607813663705E-07, 
 500.0000000000000, .3320658801396040E-02, .7498312467246326E-07, 
 500.0000000000000, .3379431523544641E-02, .7631016638682857E-07, 
 500.0000000000000, .3438204245693245E-02, .7763720319442656E-07, 
 500.0000000000000, .3496976967841846E-02, .7896423500995688E-07, 
 500.0000000000000, .3555749689990450E-02, .8029126174811527E-07, 
 500.0000000000000, .3614522412139051E-02, .8161828332360449E-07, 
 500.0000000000000, .3673295134287655E-02, .8294529965112601E-07, 
 500.0000000000000, .3732067856436256E-02, .8427231064538351E-07, 
 500.0000000000000, .3790840578584860E-02, .8559931622108336E-07, 
 500.0000000000000, .3849613300733462E-02, .8692631629293154E-07, 
 500.0000000000000, .3908386022882065E-02, .8825331077563960E-07, 
 500.0000000000000, .3967158745030667E-02, .8958029958391784E-07, 
 500.0000000000000, .4025931467179268E-02, .9090728263247783E-07, 
 500.0000000000000, .4084704189327872E-02, .9223425983603795E-07, 
 500.0000000000000, .4143476911476473E-02, .9356123110931217E-07, 
 500.0000000000000, .4202249633625077E-02, .9488819636701949E-07, 
 500.0000000000000, .4261022355773678E-02, .9621515552388299E-07, 
 500.0000000000000, .4319795077922282E-02, .9754210849462389E-07, 
 500.0000000000000, .4378567800070884E-02, .9886905519396853E-07, 
 500.0000000000000, .4437340522219487E-02, .1001959955366433E-06, 
 500.0000000000000, .4496113244368089E-02, .1015229294373773E-06, 
 500.0000000000000, .4554885966516692E-02, .1028498568109023E-06, 
 500.0000000000000, .4613658688665294E-02, .1041767775719518E-06, 
 500.0000000000000, .4672431410813897E-02, .1055036916352616E-06, 
 500.0000000000000, .4731204132962499E-02, .1068305989155702E-06, 
 500.0000000000000, .4789976855111100E-02, .1081574993276163E-06, 
 500.0000000000000, .4848749577259704E-02, .1094843927861440E-06, 
 500.0000000000000, .4907522299408306E-02, .1108112792058975E-06, 
 500.0000000000000, .4966295021556909E-02, .1121381585016250E-06, 
 500.0000000000000, .5025067743705511E-02, .1134650305880749E-06, 
 500.0000000000000, .5083840465854114E-02, .1147918953799999E-06, 
 500.0000000000000, .5142613188002716E-02, .1161187527921535E-06, 
 500.0000000000000, .5201385910151319E-02, .1174456027392944E-06, 
 500.0000000000000, .5260158632299921E-02, .1187724451361797E-06, 
 500.0000000000000, .5318931354448524E-02, .1200992798975734E-06, 
 500.0000000000000, .5377704076597126E-02, .1214261069382398E-06, 
 500.0000000000000, .5436476798745728E-02, .1227529261729428E-06, 
 500.0000000000000, .5495249520894331E-02, .1240797375164567E-06, 
 500.0000000000000, .5554022243042933E-02, .1254065408835493E-06, 
 500.0000000000000, .5612794965191536E-02, .1267333361889988E-06, 
 500.0000000000000, .5671567687340138E-02, .1280601233475822E-06, 
 500.0000000000000, .5730340409488741E-02, .1293869022740787E-06, 
 500.0000000000000, .5789113131637343E-02, .1307136728832721E-06, 
 500.0000000000000, .5847885853785946E-02, .1320404350899484E-06, 
