 T(K), V (V), JL_Peltier_Coefficient=JL_Peltier/I (V), V (mV), JL_Peltier_Coefficient (microV), 
 100.0000000000000, -.5847885853785946E-02, .000000000000000, -5.847885853785947, .000000000000000, 
 100.0000000000000, -.5789113131637344E-02, .000000000000000, -5.789113131637343, .000000000000000, 
 100.0000000000000, -.5730340409488741E-02, .000000000000000, -5.730340409488741, .000000000000000, 
 100.0000000000000, -.5671567687340139E-02, .000000000000000, -5.671567687340138, .000000000000000, 
 100.0000000000000, -.5612794965191536E-02, .000000000000000, -5.612794965191536, .000000000000000, 
 100.0000000000000, -.5554022243042933E-02, .000000000000000, -5.554022243042933, .000000000000000, 
 100.0000000000000, -.5495249520894332E-02, .000000000000000, -5.495249520894331, .000000000000000, 
 100.0000000000000, -.5436476798745729E-02, .000000000000000, -5.436476798745729, .000000000000000, 
 100.0000000000000, -.5377704076597127E-02, .000000000000000, -5.377704076597126, .000000000000000, 
 100.0000000000000, -.5318931354448524E-02, .000000000000000, -5.318931354448524, .000000000000000, 
 100.0000000000000, -.5260158632299922E-02, .000000000000000, -5.260158632299921, .000000000000000, 
 100.0000000000000, -.5201385910151319E-02, .000000000000000, -5.201385910151319, .000000000000000, 
 100.0000000000000, -.5142613188002717E-02, .000000000000000, -5.142613188002716, .000000000000000, 
 100.0000000000000, -.5083840465854114E-02, .000000000000000, -5.083840465854114, .000000000000000, 
 100.0000000000000, -.5025067743705511E-02, .000000000000000, -5.025067743705511, .000000000000000, 
 100.0000000000000, -.4966295021556909E-02, .000000000000000, -4.966295021556909, .000000000000000, 
 100.0000000000000, -.4907522299408306E-02, .000000000000000, -4.907522299408306, .000000000000000, 
 100.0000000000000, -.4848749577259704E-02, .000000000000000, -4.848749577259704, .000000000000000, 
 100.0000000000000, -.4789976855111101E-02, .000000000000000, -4.789976855111101, .000000000000000, 
 100.0000000000000, -.4731204132962500E-02, .000000000000000, -4.731204132962500, .000000000000000, 
 100.0000000000000, -.4672431410813896E-02, .000000000000000, -4.672431410813896, .000000000000000, 
 100.0000000000000, -.4613658688665295E-02, .000000000000000, -4.613658688665295, .000000000000000, 
 100.0000000000000, -.4554885966516692E-02, .000000000000000, -4.554885966516692, .000000000000000, 
 100.0000000000000, -.4496113244368089E-02, .000000000000000, -4.496113244368090, .000000000000000, 
 100.0000000000000, -.4437340522219487E-02, .000000000000000, -4.437340522219487, .000000000000000, 
 100.0000000000000, -.4378567800070884E-02, .000000000000000, -4.378567800070885, .000000000000000, 
 100.0000000000000, -.4319795077922282E-02, .000000000000000, -4.319795077922282, .000000000000000, 
 100.0000000000000, -.4261022355773679E-02, .000000000000000, -4.261022355773679, .000000000000000, 
 100.0000000000000, -.4202249633625077E-02, .000000000000000, -4.202249633625077, .000000000000000, 
 100.0000000000000, -.4143476911476474E-02, .000000000000000, -4.143476911476474, .000000000000000, 
 100.0000000000000, -.4084704189327872E-02, .000000000000000, -4.084704189327872, .000000000000000, 
 100.0000000000000, -.4025931467179269E-02, .000000000000000, -4.025931467179269, .000000000000000, 
 100.0000000000000, -.3967158745030668E-02, .000000000000000, -3.967158745030667, .000000000000000, 
 100.0000000000000, -.3908386022882064E-02, .000000000000000, -3.908386022882064, .000000000000000, 
 100.0000000000000, -.3849613300733462E-02, .000000000000000, -3.849613300733462, .000000000000000, 
 100.0000000000000, -.3790840578584859E-02, .000000000000000, -3.790840578584859, .000000000000000, 
 100.0000000000000, -.3732067856436257E-02, .000000000000000, -3.732067856436257, .000000000000000, 
 100.0000000000000, -.3673295134287655E-02, .000000000000000, -3.673295134287655, .000000000000000, 
 100.0000000000000, -.3614522412139052E-02, .000000000000000, -3.614522412139052, .000000000000000, 
 100.0000000000000, -.3555749689990450E-02, .000000000000000, -3.555749689990450, .000000000000000, 
 100.0000000000000, -.3496976967841847E-02, .000000000000000, -3.496976967841847, .000000000000000, 
 100.0000000000000, -.3438204245693245E-02, .000000000000000, -3.438204245693245, .000000000000000, 
 100.0000000000000, -.3379431523544643E-02, .000000000000000, -3.379431523544643, .000000000000000, 
 100.0000000000000, -.3320658801396040E-02, .000000000000000, -3.320658801396040, .000000000000000, 
 100.0000000000000, -.3261886079247437E-02, .000000000000000, -3.261886079247438, .000000000000000, 
 100.0000000000000, -.3203113357098835E-02, .000000000000000, -3.203113357098835, .000000000000000, 
 100.0000000000000, -.3144340634950232E-02, .000000000000000, -3.144340634950233, .000000000000000, 
 100.0000000000000, -.3085567912801630E-02, .000000000000000, -3.085567912801630, .000000000000000, 
 100.0000000000000, -.3026795190653028E-02, .000000000000000, -3.026795190653028, .000000000000000, 
 100.0000000000000, -.2968022468504425E-02, .000000000000000, -2.968022468504425, .000000000000000, 
 100.0000000000000, -.2909249746355823E-02, .000000000000000, -2.909249746355822, .000000000000000, 
 100.0000000000000, -.2850477024207220E-02, .000000000000000, -2.850477024207220, .000000000000000, 
 100.0000000000000, -.2791704302058618E-02, .000000000000000, -2.791704302058617, .000000000000000, 
 100.0000000000000, -.2732931579910015E-02, .000000000000000, -2.732931579910015, .000000000000000, 
 100.0000000000000, -.2674158857761413E-02, .000000000000000, -2.674158857761412, .000000000000000, 
 100.0000000000000, -.2615386135612810E-02, .000000000000000, -2.615386135612810, .000000000000000, 
 100.0000000000000, -.2556613413464208E-02, .000000000000000, -2.556613413464208, .000000000000000, 
 100.0000000000000, -.2497840691315605E-02, .000000000000000, -2.497840691315605, .000000000000000, 
 100.0000000000000, -.2439067969167003E-02, .000000000000000, -2.439067969167003, .000000000000000, 
 100.0000000000000, -.2380295247018400E-02, .000000000000000, -2.380295247018400, .000000000000000, 
 100.0000000000000, -.2321522524869798E-02, .000000000000000, -2.321522524869798, .000000000000000, 
 100.0000000000000, -.2262749802721196E-02, .000000000000000, -2.262749802721196, .000000000000000, 
 100.0000000000000, -.2203977080572593E-02, .000000000000000, -2.203977080572593, .000000000000000, 
 100.0000000000000, -.2145204358423991E-02, .000000000000000, -2.145204358423991, .000000000000000, 
 100.0000000000000, -.2086431636275388E-02, .000000000000000, -2.086431636275388, .000000000000000, 
 100.0000000000000, -.2027658914126785E-02, .000000000000000, -2.027658914126786, .000000000000000, 
 100.0000000000000, -.1968886191978183E-02, .000000000000000, -1.968886191978183, .000000000000000, 
 100.0000000000000, -.1910113469829580E-02, .000000000000000, -1.910113469829580, .000000000000000, 
 100.0000000000000, -.1851340747680978E-02, .000000000000000, -1.851340747680978, .000000000000000, 
 100.0000000000000, -.1792568025532375E-02, .000000000000000, -1.792568025532375, .000000000000000, 
 100.0000000000000, -.1733795303383773E-02, .000000000000000, -1.733795303383773, .000000000000000, 
 100.0000000000000, -.1675022581235171E-02, .000000000000000, -1.675022581235171, .000000000000000, 
 100.0000000000000, -.1616249859086569E-02, .000000000000000, -1.616249859086569, .000000000000000, 
 100.0000000000000, -.1557477136937966E-02, .000000000000000, -1.557477136937966, .000000000000000, 
 100.0000000000000, -.1498704414789363E-02, .000000000000000, -1.498704414789364, .000000000000000, 
 100.0000000000000, -.1439931692640761E-02, .000000000000000, -1.439931692640761, .000000000000000, 
 100.0000000000000, -.1381158970492158E-02, .000000000000000, -1.381158970492158, .000000000000000, 
 100.0000000000000, -.1322386248343556E-02, .000000000000000, -1.322386248343556, .000000000000000, 
 100.0000000000000, -.1263613526194953E-02, .000000000000000, -1.263613526194953, .000000000000000, 
 100.0000000000000, -.1204840804046351E-02, .000000000000000, -1.204840804046351, .000000000000000, 
 100.0000000000000, -.1146068081897748E-02, .000000000000000, -1.146068081897748, .000000000000000, 
 100.0000000000000, -.1087295359749146E-02, .000000000000000, -1.087295359749146, .000000000000000, 
 100.0000000000000, -.1028522637600543E-02, .000000000000000, -1.028522637600543, .000000000000000, 
 100.0000000000000, -.9697499154519406E-03, .000000000000000, -.9697499154519406, .000000000000000, 
 100.0000000000000, -.9109771933033389E-03, .000000000000000, -.9109771933033389, .000000000000000, 
 100.0000000000000, -.8522044711547364E-03, .000000000000000, -.8522044711547364, .000000000000000, 
 100.0000000000000, -.7934317490061338E-03, .000000000000000, -.7934317490061339, .000000000000000, 
 100.0000000000000, -.7346590268575313E-03, .000000000000000, -.7346590268575313, .000000000000000, 
 100.0000000000000, -.6758863047089288E-03, .000000000000000, -.6758863047089287, .000000000000000, 
 100.0000000000000, -.6171135825603262E-03, .000000000000000, -.6171135825603262, .000000000000000, 
 100.0000000000000, -.5583408604117237E-03, .000000000000000, -.5583408604117237, .000000000000000, 
 100.0000000000000, -.4995681382631212E-03, .000000000000000, -.4995681382631211, .000000000000000, 
 100.0000000000000, -.4407954161145186E-03, .000000000000000, -.4407954161145186, .000000000000000, 
 100.0000000000000, -.3820226939659161E-03, .000000000000000, -.3820226939659161, .000000000000000, 
 100.0000000000000, -.3232499718173135E-03, .000000000000000, -.3232499718173135, .000000000000000, 
 100.0000000000000, -.2644772496687110E-03, .000000000000000, -.2644772496687110, .000000000000000, 
 100.0000000000000, -.2057045275201093E-03, .000000000000000, -.2057045275201093, .000000000000000, 
 100.0000000000000, -.1469318053715068E-03, .000000000000000, -.1469318053715068, .000000000000000, 
 100.0000000000000, -.8815908322290424E-04, .000000000000000, -.8815908322290425E-01, .000000000000000, 
 100.0000000000000, -.2938636107430170E-04, .000000000000000, -.2938636107430170E-01, .000000000000000, 
 100.0000000000000, .2938636107430084E-04, .5101311280019725E-03, .2938636107430084E-01, 510.1311280019725, 
 100.0000000000000, .8815908322290338E-04, .4807459075117056E-03, .8815908322290338E-01, 480.7459075117056, 
 100.0000000000000, .1469318053715059E-03, .4513618276026658E-03, .1469318053715059, 451.3618276026658, 
 100.0000000000000, .2057045275201085E-03, .4219788882737713E-03, .2057045275201085, 421.9788882737712, 
 100.0000000000000, .2644772496687110E-03, .3925970895198497E-03, .2644772496687110, 392.5970895198496, 
 100.0000000000000, .3232499718173135E-03, .3632164313372164E-03, .3232499718173135, 363.2164313372164, 
 100.0000000000000, .3820226939659161E-03, .3338369137189767E-03, .3820226939659161, 333.8369137189767, 
 100.0000000000000, .4407954161145186E-03, .3044585366571295E-03, .4407954161145186, 304.4585366571295, 
 100.0000000000000, .4995681382631212E-03, .2750813001432360E-03, .4995681382631211, 275.0813001432360, 
 100.0000000000000, .5583408604117228E-03, .2457052041668288E-03, .5583408604117228, 245.7052041668288, 
 100.0000000000000, .6171135825603254E-03, .2163302487167712E-03, .6171135825603253, 216.3302487167712, 
 100.0000000000000, .6758863047089279E-03, .1869564337801867E-03, .6758863047089279, 186.9564337801867, 
 100.0000000000000, .7346590268575304E-03, .1575837593432835E-03, .7346590268575305, 157.5837593432836, 
 100.0000000000000, .7934317490061330E-03, .1282122253906146E-03, .7934317490061330, 128.2122253906146, 
 100.0000000000000, .8522044711547355E-03, .9884183190571693E-04, .8522044711547355, 98.84183190571693, 
 100.0000000000000, .9109771933033381E-03, .6947257887089696E-04, .9109771933033380, 69.47257887089697, 
 100.0000000000000, .9697499154519406E-03, .4010446626706073E-04, .9697499154519406, 40.10446626706073, 
 100.0000000000000, .1028522637600543E-02, .1073749407374281E-04, 1.028522637600543, 10.73749407374281, 
 100.0000000000000, .1087295359749146E-02, .000000000000000, 1.087295359749146, .000000000000000, 
 100.0000000000000, .1146068081897748E-02, .000000000000000, 1.146068081897748, .000000000000000, 
 100.0000000000000, .1204840804046351E-02, .000000000000000, 1.204840804046351, .000000000000000, 
 100.0000000000000, .1263613526194953E-02, .000000000000000, 1.263613526194953, .000000000000000, 
 100.0000000000000, .1322386248343555E-02, .000000000000000, 1.322386248343555, .000000000000000, 
 100.0000000000000, .1381158970492158E-02, .000000000000000, 1.381158970492157, .000000000000000, 
 100.0000000000000, .1439931692640760E-02, .000000000000000, 1.439931692640760, .000000000000000, 
 100.0000000000000, .1498704414789363E-02, .000000000000000, 1.498704414789363, .000000000000000, 
 100.0000000000000, .1557477136937965E-02, .000000000000000, 1.557477136937965, .000000000000000, 
 100.0000000000000, .1616249859086568E-02, .000000000000000, 1.616249859086568, .000000000000000, 
 100.0000000000000, .1675022581235170E-02, .000000000000000, 1.675022581235170, .000000000000000, 
 100.0000000000000, .1733795303383773E-02, .000000000000000, 1.733795303383773, .000000000000000, 
 100.0000000000000, .1792568025532375E-02, .000000000000000, 1.792568025532375, .000000000000000, 
 100.0000000000000, .1851340747680978E-02, .000000000000000, 1.851340747680978, .000000000000000, 
 100.0000000000000, .1910113469829580E-02, .000000000000000, 1.910113469829580, .000000000000000, 
 100.0000000000000, .1968886191978182E-02, .000000000000000, 1.968886191978182, .000000000000000, 
 100.0000000000000, .2027658914126785E-02, .000000000000000, 2.027658914126786, .000000000000000, 
 100.0000000000000, .2086431636275387E-02, .000000000000000, 2.086431636275387, .000000000000000, 
 100.0000000000000, .2145204358423991E-02, .000000000000000, 2.145204358423991, .000000000000000, 
 100.0000000000000, .2203977080572592E-02, .000000000000000, 2.203977080572592, .000000000000000, 
 100.0000000000000, .2262749802721196E-02, .000000000000000, 2.262749802721196, .000000000000000, 
 100.0000000000000, .2321522524869797E-02, .000000000000000, 2.321522524869797, .000000000000000, 
 100.0000000000000, .2380295247018401E-02, .000000000000000, 2.380295247018401, .000000000000000, 
 100.0000000000000, .2439067969167002E-02, .000000000000000, 2.439067969167002, .000000000000000, 
 100.0000000000000, .2497840691315604E-02, .000000000000000, 2.497840691315604, .000000000000000, 
 100.0000000000000, .2556613413464207E-02, .000000000000000, 2.556613413464207, .000000000000000, 
 100.0000000000000, .2615386135612809E-02, .000000000000000, 2.615386135612809, .000000000000000, 
 100.0000000000000, .2674158857761413E-02, .000000000000000, 2.674158857761412, .000000000000000, 
 100.0000000000000, .2732931579910014E-02, .000000000000000, 2.732931579910014, .000000000000000, 
 100.0000000000000, .2791704302058618E-02, .000000000000000, 2.791704302058617, .000000000000000, 
 100.0000000000000, .2850477024207219E-02, .000000000000000, 2.850477024207219, .000000000000000, 
 100.0000000000000, .2909249746355823E-02, .000000000000000, 2.909249746355822, .000000000000000, 
 100.0000000000000, .2968022468504424E-02, .000000000000000, 2.968022468504425, .000000000000000, 
 100.0000000000000, .3026795190653028E-02, .000000000000000, 3.026795190653028, .000000000000000, 
 100.0000000000000, .3085567912801629E-02, .000000000000000, 3.085567912801630, .000000000000000, 
 100.0000000000000, .3144340634950233E-02, .000000000000000, 3.144340634950233, .000000000000000, 
 100.0000000000000, .3203113357098834E-02, .000000000000000, 3.203113357098835, .000000000000000, 
 100.0000000000000, .3261886079247436E-02, .000000000000000, 3.261886079247436, .000000000000000, 
 100.0000000000000, .3320658801396040E-02, .000000000000000, 3.320658801396040, .000000000000000, 
 100.0000000000000, .3379431523544641E-02, .000000000000000, 3.379431523544641, .000000000000000, 
 100.0000000000000, .3438204245693245E-02, .000000000000000, 3.438204245693245, .000000000000000, 
 100.0000000000000, .3496976967841846E-02, .000000000000000, 3.496976967841846, .000000000000000, 
 100.0000000000000, .3555749689990450E-02, .000000000000000, 3.555749689990450, .000000000000000, 
 100.0000000000000, .3614522412139051E-02, .000000000000000, 3.614522412139051, .000000000000000, 
 100.0000000000000, .3673295134287655E-02, .000000000000000, 3.673295134287655, .000000000000000, 
 100.0000000000000, .3732067856436256E-02, .000000000000000, 3.732067856436256, .000000000000000, 
 100.0000000000000, .3790840578584860E-02, .000000000000000, 3.790840578584860, .000000000000000, 
 100.0000000000000, .3849613300733462E-02, .000000000000000, 3.849613300733461, .000000000000000, 
 100.0000000000000, .3908386022882065E-02, .000000000000000, 3.908386022882065, .000000000000000, 
 100.0000000000000, .3967158745030667E-02, .000000000000000, 3.967158745030666, .000000000000000, 
 100.0000000000000, .4025931467179268E-02, .000000000000000, 4.025931467179269, .000000000000000, 
 100.0000000000000, .4084704189327872E-02, .000000000000000, 4.084704189327872, .000000000000000, 
 100.0000000000000, .4143476911476473E-02, .000000000000000, 4.143476911476474, .000000000000000, 
 100.0000000000000, .4202249633625077E-02, .000000000000000, 4.202249633625077, .000000000000000, 
 100.0000000000000, .4261022355773678E-02, .000000000000000, 4.261022355773679, .000000000000000, 
 100.0000000000000, .4319795077922282E-02, .000000000000000, 4.319795077922282, .000000000000000, 
 100.0000000000000, .4378567800070884E-02, .000000000000000, 4.378567800070884, .000000000000000, 
 100.0000000000000, .4437340522219487E-02, .000000000000000, 4.437340522219487, .000000000000000, 
 100.0000000000000, .4496113244368089E-02, .000000000000000, 4.496113244368089, .000000000000000, 
 100.0000000000000, .4554885966516692E-02, .000000000000000, 4.554885966516692, .000000000000000, 
 100.0000000000000, .4613658688665294E-02, .000000000000000, 4.613658688665294, .000000000000000, 
 100.0000000000000, .4672431410813897E-02, .000000000000000, 4.672431410813897, .000000000000000, 
 100.0000000000000, .4731204132962499E-02, .000000000000000, 4.731204132962499, .000000000000000, 
 100.0000000000000, .4789976855111100E-02, .000000000000000, 4.789976855111100, .000000000000000, 
 100.0000000000000, .4848749577259704E-02, .000000000000000, 4.848749577259704, .000000000000000, 
 100.0000000000000, .4907522299408306E-02, .000000000000000, 4.907522299408305, .000000000000000, 
 100.0000000000000, .4966295021556909E-02, .000000000000000, 4.966295021556909, .000000000000000, 
 100.0000000000000, .5025067743705511E-02, .000000000000000, 5.025067743705510, .000000000000000, 
 100.0000000000000, .5083840465854114E-02, .000000000000000, 5.083840465854114, .000000000000000, 
 100.0000000000000, .5142613188002716E-02, .000000000000000, 5.142613188002715, .000000000000000, 
 100.0000000000000, .5201385910151319E-02, .000000000000000, 5.201385910151319, .000000000000000, 
 100.0000000000000, .5260158632299921E-02, .000000000000000, 5.260158632299921, .000000000000000, 
 100.0000000000000, .5318931354448524E-02, .000000000000000, 5.318931354448524, .000000000000000, 
 100.0000000000000, .5377704076597126E-02, .000000000000000, 5.377704076597126, .000000000000000, 
 100.0000000000000, .5436476798745728E-02, .000000000000000, 5.436476798745727, .000000000000000, 
 100.0000000000000, .5495249520894331E-02, .000000000000000, 5.495249520894331, .000000000000000, 
 100.0000000000000, .5554022243042933E-02, .000000000000000, 5.554022243042932, .000000000000000, 
 100.0000000000000, .5612794965191536E-02, .000000000000000, 5.612794965191536, .000000000000000, 
 100.0000000000000, .5671567687340138E-02, .000000000000000, 5.671567687340137, .000000000000000, 
 100.0000000000000, .5730340409488741E-02, .000000000000000, 5.730340409488741, .000000000000000, 
 100.0000000000000, .5789113131637343E-02, .000000000000000, 5.789113131637343, .000000000000000, 
 100.0000000000000, .5847885853785946E-02, .000000000000000, 5.847885853785947, .000000000000000, 
 150.0000000000000, -.5847885853785946E-02, .000000000000000, -5.847885853785947, .000000000000000, 
 150.0000000000000, -.5789113131637344E-02, .000000000000000, -5.789113131637343, .000000000000000, 
 150.0000000000000, -.5730340409488741E-02, .000000000000000, -5.730340409488741, .000000000000000, 
 150.0000000000000, -.5671567687340139E-02, .000000000000000, -5.671567687340138, .000000000000000, 
 150.0000000000000, -.5612794965191536E-02, .000000000000000, -5.612794965191536, .000000000000000, 
 150.0000000000000, -.5554022243042933E-02, .000000000000000, -5.554022243042933, .000000000000000, 
 150.0000000000000, -.5495249520894332E-02, .000000000000000, -5.495249520894331, .000000000000000, 
 150.0000000000000, -.5436476798745729E-02, .000000000000000, -5.436476798745729, .000000000000000, 
 150.0000000000000, -.5377704076597127E-02, .000000000000000, -5.377704076597126, .000000000000000, 
 150.0000000000000, -.5318931354448524E-02, .000000000000000, -5.318931354448524, .000000000000000, 
 150.0000000000000, -.5260158632299922E-02, .000000000000000, -5.260158632299921, .000000000000000, 
 150.0000000000000, -.5201385910151319E-02, .000000000000000, -5.201385910151319, .000000000000000, 
 150.0000000000000, -.5142613188002717E-02, .000000000000000, -5.142613188002716, .000000000000000, 
 150.0000000000000, -.5083840465854114E-02, .000000000000000, -5.083840465854114, .000000000000000, 
 150.0000000000000, -.5025067743705511E-02, .000000000000000, -5.025067743705511, .000000000000000, 
 150.0000000000000, -.4966295021556909E-02, .000000000000000, -4.966295021556909, .000000000000000, 
 150.0000000000000, -.4907522299408306E-02, .000000000000000, -4.907522299408306, .000000000000000, 
 150.0000000000000, -.4848749577259704E-02, .000000000000000, -4.848749577259704, .000000000000000, 
 150.0000000000000, -.4789976855111101E-02, .000000000000000, -4.789976855111101, .000000000000000, 
 150.0000000000000, -.4731204132962500E-02, .000000000000000, -4.731204132962500, .000000000000000, 
 150.0000000000000, -.4672431410813896E-02, .000000000000000, -4.672431410813896, .000000000000000, 
 150.0000000000000, -.4613658688665295E-02, .000000000000000, -4.613658688665295, .000000000000000, 
 150.0000000000000, -.4554885966516692E-02, .000000000000000, -4.554885966516692, .000000000000000, 
 150.0000000000000, -.4496113244368089E-02, .000000000000000, -4.496113244368090, .000000000000000, 
 150.0000000000000, -.4437340522219487E-02, .000000000000000, -4.437340522219487, .000000000000000, 
 150.0000000000000, -.4378567800070884E-02, .000000000000000, -4.378567800070885, .000000000000000, 
 150.0000000000000, -.4319795077922282E-02, .000000000000000, -4.319795077922282, .000000000000000, 
 150.0000000000000, -.4261022355773679E-02, .000000000000000, -4.261022355773679, .000000000000000, 
 150.0000000000000, -.4202249633625077E-02, .000000000000000, -4.202249633625077, .000000000000000, 
 150.0000000000000, -.4143476911476474E-02, .000000000000000, -4.143476911476474, .000000000000000, 
 150.0000000000000, -.4084704189327872E-02, .000000000000000, -4.084704189327872, .000000000000000, 
 150.0000000000000, -.4025931467179269E-02, .000000000000000, -4.025931467179269, .000000000000000, 
 150.0000000000000, -.3967158745030668E-02, .000000000000000, -3.967158745030667, .000000000000000, 
 150.0000000000000, -.3908386022882064E-02, .000000000000000, -3.908386022882064, .000000000000000, 
 150.0000000000000, -.3849613300733462E-02, .000000000000000, -3.849613300733462, .000000000000000, 
 150.0000000000000, -.3790840578584859E-02, .000000000000000, -3.790840578584859, .000000000000000, 
 150.0000000000000, -.3732067856436257E-02, .000000000000000, -3.732067856436257, .000000000000000, 
 150.0000000000000, -.3673295134287655E-02, .000000000000000, -3.673295134287655, .000000000000000, 
 150.0000000000000, -.3614522412139052E-02, .000000000000000, -3.614522412139052, .000000000000000, 
 150.0000000000000, -.3555749689990450E-02, .000000000000000, -3.555749689990450, .000000000000000, 
 150.0000000000000, -.3496976967841847E-02, .000000000000000, -3.496976967841847, .000000000000000, 
 150.0000000000000, -.3438204245693245E-02, .000000000000000, -3.438204245693245, .000000000000000, 
 150.0000000000000, -.3379431523544643E-02, .000000000000000, -3.379431523544643, .000000000000000, 
 150.0000000000000, -.3320658801396040E-02, .000000000000000, -3.320658801396040, .000000000000000, 
 150.0000000000000, -.3261886079247437E-02, .000000000000000, -3.261886079247438, .000000000000000, 
 150.0000000000000, -.3203113357098835E-02, .000000000000000, -3.203113357098835, .000000000000000, 
 150.0000000000000, -.3144340634950232E-02, .000000000000000, -3.144340634950233, .000000000000000, 
 150.0000000000000, -.3085567912801630E-02, .000000000000000, -3.085567912801630, .000000000000000, 
 150.0000000000000, -.3026795190653028E-02, .000000000000000, -3.026795190653028, .000000000000000, 
 150.0000000000000, -.2968022468504425E-02, .000000000000000, -2.968022468504425, .000000000000000, 
 150.0000000000000, -.2909249746355823E-02, .000000000000000, -2.909249746355822, .000000000000000, 
 150.0000000000000, -.2850477024207220E-02, .000000000000000, -2.850477024207220, .000000000000000, 
 150.0000000000000, -.2791704302058618E-02, .000000000000000, -2.791704302058617, .000000000000000, 
 150.0000000000000, -.2732931579910015E-02, .000000000000000, -2.732931579910015, .000000000000000, 
 150.0000000000000, -.2674158857761413E-02, .000000000000000, -2.674158857761412, .000000000000000, 
 150.0000000000000, -.2615386135612810E-02, .000000000000000, -2.615386135612810, .000000000000000, 
 150.0000000000000, -.2556613413464208E-02, .000000000000000, -2.556613413464208, .000000000000000, 
 150.0000000000000, -.2497840691315605E-02, .000000000000000, -2.497840691315605, .000000000000000, 
 150.0000000000000, -.2439067969167003E-02, .000000000000000, -2.439067969167003, .000000000000000, 
 150.0000000000000, -.2380295247018400E-02, .000000000000000, -2.380295247018400, .000000000000000, 
 150.0000000000000, -.2321522524869798E-02, .000000000000000, -2.321522524869798, .000000000000000, 
 150.0000000000000, -.2262749802721196E-02, .000000000000000, -2.262749802721196, .000000000000000, 
 150.0000000000000, -.2203977080572593E-02, .000000000000000, -2.203977080572593, .000000000000000, 
 150.0000000000000, -.2145204358423991E-02, .000000000000000, -2.145204358423991, .000000000000000, 
 150.0000000000000, -.2086431636275388E-02, .000000000000000, -2.086431636275388, .000000000000000, 
 150.0000000000000, -.2027658914126785E-02, .000000000000000, -2.027658914126786, .000000000000000, 
 150.0000000000000, -.1968886191978183E-02, .000000000000000, -1.968886191978183, .000000000000000, 
 150.0000000000000, -.1910113469829580E-02, .000000000000000, -1.910113469829580, .000000000000000, 
 150.0000000000000, -.1851340747680978E-02, .000000000000000, -1.851340747680978, .000000000000000, 
 150.0000000000000, -.1792568025532375E-02, .000000000000000, -1.792568025532375, .000000000000000, 
 150.0000000000000, -.1733795303383773E-02, .000000000000000, -1.733795303383773, .000000000000000, 
 150.0000000000000, -.1675022581235171E-02, .000000000000000, -1.675022581235171, .000000000000000, 
 150.0000000000000, -.1616249859086569E-02, .000000000000000, -1.616249859086569, .000000000000000, 
 150.0000000000000, -.1557477136937966E-02, .000000000000000, -1.557477136937966, .000000000000000, 
 150.0000000000000, -.1498704414789363E-02, .000000000000000, -1.498704414789364, .000000000000000, 
 150.0000000000000, -.1439931692640761E-02, .000000000000000, -1.439931692640761, .000000000000000, 
 150.0000000000000, -.1381158970492158E-02, .000000000000000, -1.381158970492158, .000000000000000, 
 150.0000000000000, -.1322386248343556E-02, .000000000000000, -1.322386248343556, .000000000000000, 
 150.0000000000000, -.1263613526194953E-02, .000000000000000, -1.263613526194953, .000000000000000, 
 150.0000000000000, -.1204840804046351E-02, .000000000000000, -1.204840804046351, .000000000000000, 
 150.0000000000000, -.1146068081897748E-02, .000000000000000, -1.146068081897748, .000000000000000, 
 150.0000000000000, -.1087295359749146E-02, .000000000000000, -1.087295359749146, .000000000000000, 
 150.0000000000000, -.1028522637600543E-02, .000000000000000, -1.028522637600543, .000000000000000, 
 150.0000000000000, -.9697499154519406E-03, .000000000000000, -.9697499154519406, .000000000000000, 
 150.0000000000000, -.9109771933033389E-03, .000000000000000, -.9109771933033389, .000000000000000, 
 150.0000000000000, -.8522044711547364E-03, .000000000000000, -.8522044711547364, .000000000000000, 
 150.0000000000000, -.7934317490061338E-03, .000000000000000, -.7934317490061339, .000000000000000, 
 150.0000000000000, -.7346590268575313E-03, .000000000000000, -.7346590268575313, .000000000000000, 
 150.0000000000000, -.6758863047089288E-03, .000000000000000, -.6758863047089287, .000000000000000, 
 150.0000000000000, -.6171135825603262E-03, .000000000000000, -.6171135825603262, .000000000000000, 
 150.0000000000000, -.5583408604117237E-03, .000000000000000, -.5583408604117237, .000000000000000, 
 150.0000000000000, -.4995681382631212E-03, .000000000000000, -.4995681382631211, .000000000000000, 
 150.0000000000000, -.4407954161145186E-03, .000000000000000, -.4407954161145186, .000000000000000, 
 150.0000000000000, -.3820226939659161E-03, .000000000000000, -.3820226939659161, .000000000000000, 
 150.0000000000000, -.3232499718173135E-03, .000000000000000, -.3232499718173135, .000000000000000, 
 150.0000000000000, -.2644772496687110E-03, .000000000000000, -.2644772496687110, .000000000000000, 
 150.0000000000000, -.2057045275201093E-03, .000000000000000, -.2057045275201093, .000000000000000, 
 150.0000000000000, -.1469318053715068E-03, .000000000000000, -.1469318053715068, .000000000000000, 
 150.0000000000000, -.8815908322290424E-04, .000000000000000, -.8815908322290425E-01, .000000000000000, 
 150.0000000000000, -.2938636107430170E-04, .000000000000000, -.2938636107430170E-01, .000000000000000, 
 150.0000000000000, .2938636107430084E-04, .9643178075166750E-03, .2938636107430084E-01, 964.3178075166750, 
 150.0000000000000, .8815908322290338E-04, .9349323259760032E-03, .8815908322290338E-01, 934.9323259760032, 
 150.0000000000000, .1469318053715059E-03, .9055477239672000E-03, .1469318053715059, 905.5477239672000, 
 150.0000000000000, .2057045275201085E-03, .8761640014911327E-03, .2057045275201085, 876.1640014911327, 
 150.0000000000000, .2644772496687110E-03, .8467811585444115E-03, .2644772496687110, 846.7811585444116, 
 150.0000000000000, .3232499718173135E-03, .8173991951225346E-03, .3232499718173135, 817.3991951225346, 
 150.0000000000000, .3820226939659161E-03, .7880181112231603E-03, .3820226939659161, 788.0181112231603, 
 150.0000000000000, .4407954161145186E-03, .7586379068401765E-03, .4407954161145186, 758.6379068401765, 
 150.0000000000000, .4995681382631212E-03, .7292585819682699E-03, .4995681382631211, 729.2585819682699, 
 150.0000000000000, .5583408604117228E-03, .6998801366019025E-03, .5583408604117228, 699.8801366019024, 
 150.0000000000000, .6171135825603254E-03, .6705025707327399E-03, .6171135825603253, 670.5025707327400, 
 150.0000000000000, .6758863047089279E-03, .6411258843535438E-03, .6758863047089279, 641.1258843535438, 
 150.0000000000000, .7346590268575304E-03, .6117500774551191E-03, .7346590268575305, 611.7500774551191, 
 150.0000000000000, .7934317490061330E-03, .5823751500278718E-03, .7934317490061330, 582.3751500278719, 
 150.0000000000000, .8522044711547355E-03, .5530011020614493E-03, .8522044711547355, 553.0011020614493, 
 150.0000000000000, .9109771933033381E-03, .5236279335444231E-03, .9109771933033380, 523.6279335444231, 
 150.0000000000000, .9697499154519406E-03, .4942556444652337E-03, .9697499154519406, 494.2556444652337, 
 150.0000000000000, .1028522637600543E-02, .4648842348104809E-03, 1.028522637600543, 464.8842348104809, 
 150.0000000000000, .1087295359749146E-02, .4355137045670776E-03, 1.087295359749146, 435.5137045670776, 
 150.0000000000000, .1146068081897748E-02, .4061440537200973E-03, 1.146068081897748, 406.1440537200972, 
 150.0000000000000, .1204840804046351E-02, .3767752822548373E-03, 1.204840804046351, 376.7752822548373, 
 150.0000000000000, .1263613526194953E-02, .3474073901547421E-03, 1.263613526194953, 347.4073901547421, 
 150.0000000000000, .1322386248343555E-02, .3180403774031267E-03, 1.322386248343555, 318.0403774031267, 
 150.0000000000000, .1381158970492158E-02, .2886742439825649E-03, 1.381158970492157, 288.6742439825649, 
 150.0000000000000, .1439931692640760E-02, .2593089898743713E-03, 1.439931692640760, 259.3089898743713, 
 150.0000000000000, .1498704414789363E-02, .2299446150594292E-03, 1.498704414789363, 229.9446150594292, 
 150.0000000000000, .1557477136937965E-02, .2005811195177810E-03, 1.557477136937965, 200.5811195177810, 
 150.0000000000000, .1616249859086568E-02, .1712185032283781E-03, 1.616249859086568, 171.2185032283781, 
 150.0000000000000, .1675022581235170E-02, .1418567661696312E-03, 1.675022581235170, 141.8567661696312, 
 150.0000000000000, .1733795303383773E-02, .1124959083191931E-03, 1.733795303383773, 112.4959083191930, 
 150.0000000000000, .1792568025532375E-02, .8313592965377590E-04, 1.792568025532375, 83.13592965377590, 
 150.0000000000000, .1851340747680978E-02, .5377683014934326E-04, 1.851340747680978, 53.77683014934326, 
 150.0000000000000, .1910113469829580E-02, .2441860978095574E-04, 1.910113469829580, 24.41860978095574, 
 150.0000000000000, .1968886191978182E-02, .000000000000000, 1.968886191978182, .000000000000000, 
 150.0000000000000, .2027658914126785E-02, .000000000000000, 2.027658914126786, .000000000000000, 
 150.0000000000000, .2086431636275387E-02, .000000000000000, 2.086431636275387, .000000000000000, 
 150.0000000000000, .2145204358423991E-02, .000000000000000, 2.145204358423991, .000000000000000, 
 150.0000000000000, .2203977080572592E-02, .000000000000000, 2.203977080572592, .000000000000000, 
 150.0000000000000, .2262749802721196E-02, .000000000000000, 2.262749802721196, .000000000000000, 
 150.0000000000000, .2321522524869797E-02, .000000000000000, 2.321522524869797, .000000000000000, 
 150.0000000000000, .2380295247018401E-02, .000000000000000, 2.380295247018401, .000000000000000, 
 150.0000000000000, .2439067969167002E-02, .000000000000000, 2.439067969167002, .000000000000000, 
 150.0000000000000, .2497840691315604E-02, .000000000000000, 2.497840691315604, .000000000000000, 
 150.0000000000000, .2556613413464207E-02, .000000000000000, 2.556613413464207, .000000000000000, 
 150.0000000000000, .2615386135612809E-02, .000000000000000, 2.615386135612809, .000000000000000, 
 150.0000000000000, .2674158857761413E-02, .000000000000000, 2.674158857761412, .000000000000000, 
 150.0000000000000, .2732931579910014E-02, .000000000000000, 2.732931579910014, .000000000000000, 
 150.0000000000000, .2791704302058618E-02, .000000000000000, 2.791704302058617, .000000000000000, 
 150.0000000000000, .2850477024207219E-02, .000000000000000, 2.850477024207219, .000000000000000, 
 150.0000000000000, .2909249746355823E-02, .000000000000000, 2.909249746355822, .000000000000000, 
 150.0000000000000, .2968022468504424E-02, .000000000000000, 2.968022468504425, .000000000000000, 
 150.0000000000000, .3026795190653028E-02, .000000000000000, 3.026795190653028, .000000000000000, 
 150.0000000000000, .3085567912801629E-02, .000000000000000, 3.085567912801630, .000000000000000, 
 150.0000000000000, .3144340634950233E-02, .000000000000000, 3.144340634950233, .000000000000000, 
 150.0000000000000, .3203113357098834E-02, .000000000000000, 3.203113357098835, .000000000000000, 
 150.0000000000000, .3261886079247436E-02, .000000000000000, 3.261886079247436, .000000000000000, 
 150.0000000000000, .3320658801396040E-02, .000000000000000, 3.320658801396040, .000000000000000, 
 150.0000000000000, .3379431523544641E-02, .000000000000000, 3.379431523544641, .000000000000000, 
 150.0000000000000, .3438204245693245E-02, .000000000000000, 3.438204245693245, .000000000000000, 
 150.0000000000000, .3496976967841846E-02, .000000000000000, 3.496976967841846, .000000000000000, 
 150.0000000000000, .3555749689990450E-02, .000000000000000, 3.555749689990450, .000000000000000, 
 150.0000000000000, .3614522412139051E-02, .000000000000000, 3.614522412139051, .000000000000000, 
 150.0000000000000, .3673295134287655E-02, .000000000000000, 3.673295134287655, .000000000000000, 
 150.0000000000000, .3732067856436256E-02, .000000000000000, 3.732067856436256, .000000000000000, 
 150.0000000000000, .3790840578584860E-02, .000000000000000, 3.790840578584860, .000000000000000, 
 150.0000000000000, .3849613300733462E-02, .000000000000000, 3.849613300733461, .000000000000000, 
 150.0000000000000, .3908386022882065E-02, .000000000000000, 3.908386022882065, .000000000000000, 
 150.0000000000000, .3967158745030667E-02, .000000000000000, 3.967158745030666, .000000000000000, 
 150.0000000000000, .4025931467179268E-02, .000000000000000, 4.025931467179269, .000000000000000, 
 150.0000000000000, .4084704189327872E-02, .000000000000000, 4.084704189327872, .000000000000000, 
 150.0000000000000, .4143476911476473E-02, .000000000000000, 4.143476911476474, .000000000000000, 
 150.0000000000000, .4202249633625077E-02, .000000000000000, 4.202249633625077, .000000000000000, 
 150.0000000000000, .4261022355773678E-02, .000000000000000, 4.261022355773679, .000000000000000, 
 150.0000000000000, .4319795077922282E-02, .000000000000000, 4.319795077922282, .000000000000000, 
 150.0000000000000, .4378567800070884E-02, .000000000000000, 4.378567800070884, .000000000000000, 
 150.0000000000000, .4437340522219487E-02, .000000000000000, 4.437340522219487, .000000000000000, 
 150.0000000000000, .4496113244368089E-02, .000000000000000, 4.496113244368089, .000000000000000, 
 150.0000000000000, .4554885966516692E-02, .000000000000000, 4.554885966516692, .000000000000000, 
 150.0000000000000, .4613658688665294E-02, .000000000000000, 4.613658688665294, .000000000000000, 
 150.0000000000000, .4672431410813897E-02, .000000000000000, 4.672431410813897, .000000000000000, 
 150.0000000000000, .4731204132962499E-02, .000000000000000, 4.731204132962499, .000000000000000, 
 150.0000000000000, .4789976855111100E-02, .000000000000000, 4.789976855111100, .000000000000000, 
 150.0000000000000, .4848749577259704E-02, .000000000000000, 4.848749577259704, .000000000000000, 
 150.0000000000000, .4907522299408306E-02, .000000000000000, 4.907522299408305, .000000000000000, 
 150.0000000000000, .4966295021556909E-02, .000000000000000, 4.966295021556909, .000000000000000, 
 150.0000000000000, .5025067743705511E-02, .000000000000000, 5.025067743705510, .000000000000000, 
 150.0000000000000, .5083840465854114E-02, .000000000000000, 5.083840465854114, .000000000000000, 
 150.0000000000000, .5142613188002716E-02, .000000000000000, 5.142613188002715, .000000000000000, 
 150.0000000000000, .5201385910151319E-02, .000000000000000, 5.201385910151319, .000000000000000, 
 150.0000000000000, .5260158632299921E-02, .000000000000000, 5.260158632299921, .000000000000000, 
 150.0000000000000, .5318931354448524E-02, .000000000000000, 5.318931354448524, .000000000000000, 
 150.0000000000000, .5377704076597126E-02, .000000000000000, 5.377704076597126, .000000000000000, 
 150.0000000000000, .5436476798745728E-02, .000000000000000, 5.436476798745727, .000000000000000, 
 150.0000000000000, .5495249520894331E-02, .000000000000000, 5.495249520894331, .000000000000000, 
 150.0000000000000, .5554022243042933E-02, .000000000000000, 5.554022243042932, .000000000000000, 
 150.0000000000000, .5612794965191536E-02, .000000000000000, 5.612794965191536, .000000000000000, 
 150.0000000000000, .5671567687340138E-02, .000000000000000, 5.671567687340137, .000000000000000, 
 150.0000000000000, .5730340409488741E-02, .000000000000000, 5.730340409488741, .000000000000000, 
 150.0000000000000, .5789113131637343E-02, .000000000000000, 5.789113131637343, .000000000000000, 
 150.0000000000000, .5847885853785946E-02, .000000000000000, 5.847885853785947, .000000000000000, 
 200.0000000000000, -.5847885853785946E-02, .000000000000000, -5.847885853785947, .000000000000000, 
 200.0000000000000, -.5789113131637344E-02, .000000000000000, -5.789113131637343, .000000000000000, 
 200.0000000000000, -.5730340409488741E-02, .000000000000000, -5.730340409488741, .000000000000000, 
 200.0000000000000, -.5671567687340139E-02, .000000000000000, -5.671567687340138, .000000000000000, 
 200.0000000000000, -.5612794965191536E-02, .000000000000000, -5.612794965191536, .000000000000000, 
 200.0000000000000, -.5554022243042933E-02, .000000000000000, -5.554022243042933, .000000000000000, 
 200.0000000000000, -.5495249520894332E-02, .000000000000000, -5.495249520894331, .000000000000000, 
 200.0000000000000, -.5436476798745729E-02, .000000000000000, -5.436476798745729, .000000000000000, 
 200.0000000000000, -.5377704076597127E-02, .000000000000000, -5.377704076597126, .000000000000000, 
 200.0000000000000, -.5318931354448524E-02, .000000000000000, -5.318931354448524, .000000000000000, 
 200.0000000000000, -.5260158632299922E-02, .000000000000000, -5.260158632299921, .000000000000000, 
 200.0000000000000, -.5201385910151319E-02, .000000000000000, -5.201385910151319, .000000000000000, 
 200.0000000000000, -.5142613188002717E-02, .000000000000000, -5.142613188002716, .000000000000000, 
 200.0000000000000, -.5083840465854114E-02, .000000000000000, -5.083840465854114, .000000000000000, 
 200.0000000000000, -.5025067743705511E-02, .000000000000000, -5.025067743705511, .000000000000000, 
 200.0000000000000, -.4966295021556909E-02, .000000000000000, -4.966295021556909, .000000000000000, 
 200.0000000000000, -.4907522299408306E-02, .000000000000000, -4.907522299408306, .000000000000000, 
 200.0000000000000, -.4848749577259704E-02, .000000000000000, -4.848749577259704, .000000000000000, 
 200.0000000000000, -.4789976855111101E-02, .000000000000000, -4.789976855111101, .000000000000000, 
 200.0000000000000, -.4731204132962500E-02, .000000000000000, -4.731204132962500, .000000000000000, 
 200.0000000000000, -.4672431410813896E-02, .000000000000000, -4.672431410813896, .000000000000000, 
 200.0000000000000, -.4613658688665295E-02, .000000000000000, -4.613658688665295, .000000000000000, 
 200.0000000000000, -.4554885966516692E-02, .000000000000000, -4.554885966516692, .000000000000000, 
 200.0000000000000, -.4496113244368089E-02, .000000000000000, -4.496113244368090, .000000000000000, 
 200.0000000000000, -.4437340522219487E-02, .000000000000000, -4.437340522219487, .000000000000000, 
 200.0000000000000, -.4378567800070884E-02, .000000000000000, -4.378567800070885, .000000000000000, 
 200.0000000000000, -.4319795077922282E-02, .000000000000000, -4.319795077922282, .000000000000000, 
 200.0000000000000, -.4261022355773679E-02, .000000000000000, -4.261022355773679, .000000000000000, 
 200.0000000000000, -.4202249633625077E-02, .000000000000000, -4.202249633625077, .000000000000000, 
 200.0000000000000, -.4143476911476474E-02, .000000000000000, -4.143476911476474, .000000000000000, 
 200.0000000000000, -.4084704189327872E-02, .000000000000000, -4.084704189327872, .000000000000000, 
 200.0000000000000, -.4025931467179269E-02, .000000000000000, -4.025931467179269, .000000000000000, 
 200.0000000000000, -.3967158745030668E-02, .000000000000000, -3.967158745030667, .000000000000000, 
 200.0000000000000, -.3908386022882064E-02, .000000000000000, -3.908386022882064, .000000000000000, 
 200.0000000000000, -.3849613300733462E-02, .000000000000000, -3.849613300733462, .000000000000000, 
 200.0000000000000, -.3790840578584859E-02, .000000000000000, -3.790840578584859, .000000000000000, 
 200.0000000000000, -.3732067856436257E-02, .000000000000000, -3.732067856436257, .000000000000000, 
 200.0000000000000, -.3673295134287655E-02, .000000000000000, -3.673295134287655, .000000000000000, 
 200.0000000000000, -.3614522412139052E-02, .000000000000000, -3.614522412139052, .000000000000000, 
 200.0000000000000, -.3555749689990450E-02, .000000000000000, -3.555749689990450, .000000000000000, 
 200.0000000000000, -.3496976967841847E-02, .000000000000000, -3.496976967841847, .000000000000000, 
 200.0000000000000, -.3438204245693245E-02, .000000000000000, -3.438204245693245, .000000000000000, 
 200.0000000000000, -.3379431523544643E-02, .000000000000000, -3.379431523544643, .000000000000000, 
 200.0000000000000, -.3320658801396040E-02, .000000000000000, -3.320658801396040, .000000000000000, 
 200.0000000000000, -.3261886079247437E-02, .000000000000000, -3.261886079247438, .000000000000000, 
 200.0000000000000, -.3203113357098835E-02, .000000000000000, -3.203113357098835, .000000000000000, 
 200.0000000000000, -.3144340634950232E-02, .000000000000000, -3.144340634950233, .000000000000000, 
 200.0000000000000, -.3085567912801630E-02, .000000000000000, -3.085567912801630, .000000000000000, 
 200.0000000000000, -.3026795190653028E-02, .000000000000000, -3.026795190653028, .000000000000000, 
 200.0000000000000, -.2968022468504425E-02, .000000000000000, -2.968022468504425, .000000000000000, 
 200.0000000000000, -.2909249746355823E-02, .000000000000000, -2.909249746355822, .000000000000000, 
 200.0000000000000, -.2850477024207220E-02, .000000000000000, -2.850477024207220, .000000000000000, 
 200.0000000000000, -.2791704302058618E-02, .000000000000000, -2.791704302058617, .000000000000000, 
 200.0000000000000, -.2732931579910015E-02, .000000000000000, -2.732931579910015, .000000000000000, 
 200.0000000000000, -.2674158857761413E-02, .000000000000000, -2.674158857761412, .000000000000000, 
 200.0000000000000, -.2615386135612810E-02, .000000000000000, -2.615386135612810, .000000000000000, 
 200.0000000000000, -.2556613413464208E-02, .000000000000000, -2.556613413464208, .000000000000000, 
 200.0000000000000, -.2497840691315605E-02, .000000000000000, -2.497840691315605, .000000000000000, 
 200.0000000000000, -.2439067969167003E-02, .000000000000000, -2.439067969167003, .000000000000000, 
 200.0000000000000, -.2380295247018400E-02, .000000000000000, -2.380295247018400, .000000000000000, 
 200.0000000000000, -.2321522524869798E-02, .000000000000000, -2.321522524869798, .000000000000000, 
 200.0000000000000, -.2262749802721196E-02, .000000000000000, -2.262749802721196, .000000000000000, 
 200.0000000000000, -.2203977080572593E-02, .000000000000000, -2.203977080572593, .000000000000000, 
 200.0000000000000, -.2145204358423991E-02, .000000000000000, -2.145204358423991, .000000000000000, 
 200.0000000000000, -.2086431636275388E-02, .000000000000000, -2.086431636275388, .000000000000000, 
 200.0000000000000, -.2027658914126785E-02, .000000000000000, -2.027658914126786, .000000000000000, 
 200.0000000000000, -.1968886191978183E-02, .000000000000000, -1.968886191978183, .000000000000000, 
 200.0000000000000, -.1910113469829580E-02, .000000000000000, -1.910113469829580, .000000000000000, 
 200.0000000000000, -.1851340747680978E-02, .000000000000000, -1.851340747680978, .000000000000000, 
 200.0000000000000, -.1792568025532375E-02, .000000000000000, -1.792568025532375, .000000000000000, 
 200.0000000000000, -.1733795303383773E-02, .000000000000000, -1.733795303383773, .000000000000000, 
 200.0000000000000, -.1675022581235171E-02, .000000000000000, -1.675022581235171, .000000000000000, 
 200.0000000000000, -.1616249859086569E-02, .000000000000000, -1.616249859086569, .000000000000000, 
 200.0000000000000, -.1557477136937966E-02, .000000000000000, -1.557477136937966, .000000000000000, 
 200.0000000000000, -.1498704414789363E-02, .000000000000000, -1.498704414789364, .000000000000000, 
 200.0000000000000, -.1439931692640761E-02, .000000000000000, -1.439931692640761, .000000000000000, 
 200.0000000000000, -.1381158970492158E-02, .000000000000000, -1.381158970492158, .000000000000000, 
 200.0000000000000, -.1322386248343556E-02, .000000000000000, -1.322386248343556, .000000000000000, 
 200.0000000000000, -.1263613526194953E-02, .000000000000000, -1.263613526194953, .000000000000000, 
 200.0000000000000, -.1204840804046351E-02, .000000000000000, -1.204840804046351, .000000000000000, 
 200.0000000000000, -.1146068081897748E-02, .000000000000000, -1.146068081897748, .000000000000000, 
 200.0000000000000, -.1087295359749146E-02, .000000000000000, -1.087295359749146, .000000000000000, 
 200.0000000000000, -.1028522637600543E-02, .000000000000000, -1.028522637600543, .000000000000000, 
 200.0000000000000, -.9697499154519406E-03, .000000000000000, -.9697499154519406, .000000000000000, 
 200.0000000000000, -.9109771933033389E-03, .000000000000000, -.9109771933033389, .000000000000000, 
 200.0000000000000, -.8522044711547364E-03, .000000000000000, -.8522044711547364, .000000000000000, 
 200.0000000000000, -.7934317490061338E-03, .000000000000000, -.7934317490061339, .000000000000000, 
 200.0000000000000, -.7346590268575313E-03, .000000000000000, -.7346590268575313, .000000000000000, 
 200.0000000000000, -.6758863047089288E-03, .000000000000000, -.6758863047089287, .000000000000000, 
 200.0000000000000, -.6171135825603262E-03, .000000000000000, -.6171135825603262, .000000000000000, 
 200.0000000000000, -.5583408604117237E-03, .000000000000000, -.5583408604117237, .000000000000000, 
 200.0000000000000, -.4995681382631212E-03, .000000000000000, -.4995681382631211, .000000000000000, 
 200.0000000000000, -.4407954161145186E-03, .000000000000000, -.4407954161145186, .000000000000000, 
 200.0000000000000, -.3820226939659161E-03, .000000000000000, -.3820226939659161, .000000000000000, 
 200.0000000000000, -.3232499718173135E-03, .000000000000000, -.3232499718173135, .000000000000000, 
 200.0000000000000, -.2644772496687110E-03, .000000000000000, -.2644772496687110, .000000000000000, 
 200.0000000000000, -.2057045275201093E-03, .000000000000000, -.2057045275201093, .000000000000000, 
 200.0000000000000, -.1469318053715068E-03, .000000000000000, -.1469318053715068, .000000000000000, 
 200.0000000000000, -.8815908322290424E-04, .000000000000000, -.8815908322290425E-01, .000000000000000, 
 200.0000000000000, -.2938636107430170E-04, .000000000000000, -.2938636107430170E-01, .000000000000000, 
 200.0000000000000, .2938636107430084E-04, .1422566676135237E-02, .2938636107430084E-01, 1422.566676135237, 
 200.0000000000000, .8815908322290338E-04, .1393180989021319E-02, .8815908322290338E-01, 1393.180989021319, 
 200.0000000000000, .1469318053715059E-03, .1363795975861519E-02, .1469318053715059, 1363.795975861519, 
 200.0000000000000, .2057045275201085E-03, .1334411636659517E-02, .2057045275201085, 1334.411636659517, 
 200.0000000000000, .2644772496687110E-03, .1305027971410253E-02, .2644772496687110, 1305.027971410253, 
 200.0000000000000, .3232499718173135E-03, .1275644980114825E-02, .3232499718173135, 1275.644980114825, 
 200.0000000000000, .3820226939659161E-03, .1246262662769391E-02, .3820226939659161, 1246.262662769391, 
 200.0000000000000, .4407954161145186E-03, .1216881019371208E-02, .4407954161145186, 1216.881019371208, 
 200.0000000000000, .4995681382631212E-03, .1187500049917631E-02, .4995681382631211, 1187.500049917631, 
 200.0000000000000, .5583408604117228E-03, .1158119754403261E-02, .5583408604117228, 1158.119754403261, 
 200.0000000000000, .6171135825603254E-03, .1128740132824501E-02, .6171135825603253, 1128.740132824501, 
 200.0000000000000, .6758863047089279E-03, .1099361185175675E-02, .6758863047089279, 1099.361185175675, 
 200.0000000000000, .7346590268575304E-03, .1069982911452347E-02, .7346590268575305, 1069.982911452347, 
 200.0000000000000, .7934317490061330E-03, .1040605311647999E-02, .7934317490061330, 1040.605311647999, 
 200.0000000000000, .8522044711547355E-03, .1011228385756033E-02, .8522044711547355, 1011.228385756033, 
 200.0000000000000, .9109771933033381E-03, .9818521337696656E-03, .9109771933033380, 981.8521337696656, 
 200.0000000000000, .9697499154519406E-03, .9524765556814441E-03, .9697499154519406, 952.4765556814441, 
 200.0000000000000, .1028522637600543E-02, .9231016514837922E-03, 1.028522637600543, 923.1016514837922, 
 200.0000000000000, .1087295359749146E-02, .8937274211675239E-03, 1.087295359749146, 893.7274211675239, 
 200.0000000000000, .1146068081897748E-02, .8643538647241534E-03, 1.146068081897748, 864.3538647241534, 
 200.0000000000000, .1204840804046351E-02, .8349809821441869E-03, 1.204840804046351, 834.9809821441869, 
 200.0000000000000, .1263613526194953E-02, .8056087734178629E-03, 1.263613526194953, 805.6087734178629, 
 200.0000000000000, .1322386248343555E-02, .7762372385345696E-03, 1.322386248343555, 776.2372385345697, 
 200.0000000000000, .1381158970492158E-02, .7468663774832178E-03, 1.381158970492157, 746.8663774832178, 
 200.0000000000000, .1439931692640760E-02, .7174961902527002E-03, 1.439931692640760, 717.4961902527002, 
 200.0000000000000, .1498704414789363E-02, .6881266768310084E-03, 1.498704414789363, 688.1266768310084, 
 200.0000000000000, .1557477136937965E-02, .6587578372056665E-03, 1.557477136937965, 658.7578372056665, 
 200.0000000000000, .1616249859086568E-02, .6293896713638247E-03, 1.616249859086568, 629.3896713638247, 
 200.0000000000000, .1675022581235170E-02, .6000221792919600E-03, 1.675022581235170, 600.0221792919600, 
 200.0000000000000, .1733795303383773E-02, .5706553609763952E-03, 1.733795303383773, 570.6553609763953, 
 200.0000000000000, .1792568025532375E-02, .5412892164026191E-03, 1.792568025532375, 541.2892164026191, 
 200.0000000000000, .1851340747680978E-02, .5119237455555486E-03, 1.851340747680978, 511.9237455555486, 
 200.0000000000000, .1910113469829580E-02, .4825589484201824E-03, 1.910113469829580, 482.5589484201823, 
 200.0000000000000, .1968886191978182E-02, .4531948249804379E-03, 1.968886191978182, 453.1948249804379, 
 200.0000000000000, .2027658914126785E-02, .4238313752198353E-03, 2.027658914126786, 423.8313752198354, 
 200.0000000000000, .2086431636275387E-02, .3944685991217179E-03, 2.086431636275387, 394.4685991217179, 
 200.0000000000000, .2145204358423991E-02, .3651064966684936E-03, 2.145204358423991, 365.1064966684936, 
 200.0000000000000, .2203977080572592E-02, .3357450678424276E-03, 2.203977080572592, 335.7450678424276, 
 200.0000000000000, .2262749802721196E-02, .3063843126251199E-03, 2.262749802721196, 306.3843126251199, 
 200.0000000000000, .2321522524869797E-02, .2770242309977389E-03, 2.321522524869797, 277.0242309977389, 
 200.0000000000000, .2380295247018401E-02, .2476648229410042E-03, 2.380295247018401, 247.6648229410042, 
 200.0000000000000, .2439067969167002E-02, .2183060884347931E-03, 2.439067969167002, 218.3060884347931, 
 200.0000000000000, .2497840691315604E-02, .1889480274590124E-03, 2.497840691315604, 188.9480274590124, 
 200.0000000000000, .2556613413464207E-02, .1595906399928010E-03, 2.556613413464207, 159.5906399928010, 
 200.0000000000000, .2615386135612809E-02, .1302339260146733E-03, 2.615386135612809, 130.2339260146733, 
 200.0000000000000, .2674158857761413E-02, .1008778855029342E-03, 2.674158857761412, 100.8778855029342, 
 200.0000000000000, .2732931579910014E-02, .7152251843515270E-04, 2.732931579910014, 71.52251843515270, 
 200.0000000000000, .2791704302058618E-02, .4216782478859351E-04, 2.791704302058617, 42.16782478859351, 
 200.0000000000000, .2850477024207219E-02, .1281380453994619E-04, 2.850477024207219, 12.81380453994619, 
 200.0000000000000, .2909249746355823E-02, .000000000000000, 2.909249746355822, .000000000000000, 
 200.0000000000000, .2968022468504424E-02, .000000000000000, 2.968022468504425, .000000000000000, 
 200.0000000000000, .3026795190653028E-02, .000000000000000, 3.026795190653028, .000000000000000, 
 200.0000000000000, .3085567912801629E-02, .000000000000000, 3.085567912801630, .000000000000000, 
 200.0000000000000, .3144340634950233E-02, .000000000000000, 3.144340634950233, .000000000000000, 
 200.0000000000000, .3203113357098834E-02, .000000000000000, 3.203113357098835, .000000000000000, 
 200.0000000000000, .3261886079247436E-02, .000000000000000, 3.261886079247436, .000000000000000, 
 200.0000000000000, .3320658801396040E-02, .000000000000000, 3.320658801396040, .000000000000000, 
 200.0000000000000, .3379431523544641E-02, .000000000000000, 3.379431523544641, .000000000000000, 
 200.0000000000000, .3438204245693245E-02, .000000000000000, 3.438204245693245, .000000000000000, 
 200.0000000000000, .3496976967841846E-02, .000000000000000, 3.496976967841846, .000000000000000, 
 200.0000000000000, .3555749689990450E-02, .000000000000000, 3.555749689990450, .000000000000000, 
 200.0000000000000, .3614522412139051E-02, .000000000000000, 3.614522412139051, .000000000000000, 
 200.0000000000000, .3673295134287655E-02, .000000000000000, 3.673295134287655, .000000000000000, 
 200.0000000000000, .3732067856436256E-02, .000000000000000, 3.732067856436256, .000000000000000, 
 200.0000000000000, .3790840578584860E-02, .000000000000000, 3.790840578584860, .000000000000000, 
 200.0000000000000, .3849613300733462E-02, .000000000000000, 3.849613300733461, .000000000000000, 
 200.0000000000000, .3908386022882065E-02, .000000000000000, 3.908386022882065, .000000000000000, 
 200.0000000000000, .3967158745030667E-02, .000000000000000, 3.967158745030666, .000000000000000, 
 200.0000000000000, .4025931467179268E-02, .000000000000000, 4.025931467179269, .000000000000000, 
 200.0000000000000, .4084704189327872E-02, .000000000000000, 4.084704189327872, .000000000000000, 
 200.0000000000000, .4143476911476473E-02, .000000000000000, 4.143476911476474, .000000000000000, 
 200.0000000000000, .4202249633625077E-02, .000000000000000, 4.202249633625077, .000000000000000, 
 200.0000000000000, .4261022355773678E-02, .000000000000000, 4.261022355773679, .000000000000000, 
 200.0000000000000, .4319795077922282E-02, .000000000000000, 4.319795077922282, .000000000000000, 
 200.0000000000000, .4378567800070884E-02, .000000000000000, 4.378567800070884, .000000000000000, 
 200.0000000000000, .4437340522219487E-02, .000000000000000, 4.437340522219487, .000000000000000, 
 200.0000000000000, .4496113244368089E-02, .000000000000000, 4.496113244368089, .000000000000000, 
 200.0000000000000, .4554885966516692E-02, .000000000000000, 4.554885966516692, .000000000000000, 
 200.0000000000000, .4613658688665294E-02, .000000000000000, 4.613658688665294, .000000000000000, 
 200.0000000000000, .4672431410813897E-02, .000000000000000, 4.672431410813897, .000000000000000, 
 200.0000000000000, .4731204132962499E-02, .000000000000000, 4.731204132962499, .000000000000000, 
 200.0000000000000, .4789976855111100E-02, .000000000000000, 4.789976855111100, .000000000000000, 
 200.0000000000000, .4848749577259704E-02, .000000000000000, 4.848749577259704, .000000000000000, 
 200.0000000000000, .4907522299408306E-02, .000000000000000, 4.907522299408305, .000000000000000, 
 200.0000000000000, .4966295021556909E-02, .000000000000000, 4.966295021556909, .000000000000000, 
 200.0000000000000, .5025067743705511E-02, .000000000000000, 5.025067743705510, .000000000000000, 
 200.0000000000000, .5083840465854114E-02, .000000000000000, 5.083840465854114, .000000000000000, 
 200.0000000000000, .5142613188002716E-02, .000000000000000, 5.142613188002715, .000000000000000, 
 200.0000000000000, .5201385910151319E-02, .000000000000000, 5.201385910151319, .000000000000000, 
 200.0000000000000, .5260158632299921E-02, .000000000000000, 5.260158632299921, .000000000000000, 
 200.0000000000000, .5318931354448524E-02, .000000000000000, 5.318931354448524, .000000000000000, 
 200.0000000000000, .5377704076597126E-02, .000000000000000, 5.377704076597126, .000000000000000, 
 200.0000000000000, .5436476798745728E-02, .000000000000000, 5.436476798745727, .000000000000000, 
 200.0000000000000, .5495249520894331E-02, .000000000000000, 5.495249520894331, .000000000000000, 
 200.0000000000000, .5554022243042933E-02, .000000000000000, 5.554022243042932, .000000000000000, 
 200.0000000000000, .5612794965191536E-02, .000000000000000, 5.612794965191536, .000000000000000, 
 200.0000000000000, .5671567687340138E-02, .000000000000000, 5.671567687340137, .000000000000000, 
 200.0000000000000, .5730340409488741E-02, .000000000000000, 5.730340409488741, .000000000000000, 
 200.0000000000000, .5789113131637343E-02, .000000000000000, 5.789113131637343, .000000000000000, 
 200.0000000000000, .5847885853785946E-02, .000000000000000, 5.847885853785947, .000000000000000, 
 250.0000000000000, -.5847885853785946E-02, .000000000000000, -5.847885853785947, .000000000000000, 
 250.0000000000000, -.5789113131637344E-02, .000000000000000, -5.789113131637343, .000000000000000, 
 250.0000000000000, -.5730340409488741E-02, .000000000000000, -5.730340409488741, .000000000000000, 
 250.0000000000000, -.5671567687340139E-02, .000000000000000, -5.671567687340138, .000000000000000, 
 250.0000000000000, -.5612794965191536E-02, .000000000000000, -5.612794965191536, .000000000000000, 
 250.0000000000000, -.5554022243042933E-02, .000000000000000, -5.554022243042933, .000000000000000, 
 250.0000000000000, -.5495249520894332E-02, .000000000000000, -5.495249520894331, .000000000000000, 
 250.0000000000000, -.5436476798745729E-02, .000000000000000, -5.436476798745729, .000000000000000, 
 250.0000000000000, -.5377704076597127E-02, .000000000000000, -5.377704076597126, .000000000000000, 
 250.0000000000000, -.5318931354448524E-02, .000000000000000, -5.318931354448524, .000000000000000, 
 250.0000000000000, -.5260158632299922E-02, .000000000000000, -5.260158632299921, .000000000000000, 
 250.0000000000000, -.5201385910151319E-02, .000000000000000, -5.201385910151319, .000000000000000, 
 250.0000000000000, -.5142613188002717E-02, .000000000000000, -5.142613188002716, .000000000000000, 
 250.0000000000000, -.5083840465854114E-02, .000000000000000, -5.083840465854114, .000000000000000, 
 250.0000000000000, -.5025067743705511E-02, .000000000000000, -5.025067743705511, .000000000000000, 
 250.0000000000000, -.4966295021556909E-02, .000000000000000, -4.966295021556909, .000000000000000, 
 250.0000000000000, -.4907522299408306E-02, .000000000000000, -4.907522299408306, .000000000000000, 
 250.0000000000000, -.4848749577259704E-02, .000000000000000, -4.848749577259704, .000000000000000, 
 250.0000000000000, -.4789976855111101E-02, .000000000000000, -4.789976855111101, .000000000000000, 
 250.0000000000000, -.4731204132962500E-02, .000000000000000, -4.731204132962500, .000000000000000, 
 250.0000000000000, -.4672431410813896E-02, .000000000000000, -4.672431410813896, .000000000000000, 
 250.0000000000000, -.4613658688665295E-02, .000000000000000, -4.613658688665295, .000000000000000, 
 250.0000000000000, -.4554885966516692E-02, .000000000000000, -4.554885966516692, .000000000000000, 
 250.0000000000000, -.4496113244368089E-02, .000000000000000, -4.496113244368090, .000000000000000, 
 250.0000000000000, -.4437340522219487E-02, .000000000000000, -4.437340522219487, .000000000000000, 
 250.0000000000000, -.4378567800070884E-02, .000000000000000, -4.378567800070885, .000000000000000, 
 250.0000000000000, -.4319795077922282E-02, .000000000000000, -4.319795077922282, .000000000000000, 
 250.0000000000000, -.4261022355773679E-02, .000000000000000, -4.261022355773679, .000000000000000, 
 250.0000000000000, -.4202249633625077E-02, .000000000000000, -4.202249633625077, .000000000000000, 
 250.0000000000000, -.4143476911476474E-02, .000000000000000, -4.143476911476474, .000000000000000, 
 250.0000000000000, -.4084704189327872E-02, .000000000000000, -4.084704189327872, .000000000000000, 
 250.0000000000000, -.4025931467179269E-02, .000000000000000, -4.025931467179269, .000000000000000, 
 250.0000000000000, -.3967158745030668E-02, .000000000000000, -3.967158745030667, .000000000000000, 
 250.0000000000000, -.3908386022882064E-02, .000000000000000, -3.908386022882064, .000000000000000, 
 250.0000000000000, -.3849613300733462E-02, .000000000000000, -3.849613300733462, .000000000000000, 
 250.0000000000000, -.3790840578584859E-02, .000000000000000, -3.790840578584859, .000000000000000, 
 250.0000000000000, -.3732067856436257E-02, .000000000000000, -3.732067856436257, .000000000000000, 
 250.0000000000000, -.3673295134287655E-02, .000000000000000, -3.673295134287655, .000000000000000, 
 250.0000000000000, -.3614522412139052E-02, .000000000000000, -3.614522412139052, .000000000000000, 
 250.0000000000000, -.3555749689990450E-02, .000000000000000, -3.555749689990450, .000000000000000, 
 250.0000000000000, -.3496976967841847E-02, .000000000000000, -3.496976967841847, .000000000000000, 
 250.0000000000000, -.3438204245693245E-02, .000000000000000, -3.438204245693245, .000000000000000, 
 250.0000000000000, -.3379431523544643E-02, .000000000000000, -3.379431523544643, .000000000000000, 
 250.0000000000000, -.3320658801396040E-02, .000000000000000, -3.320658801396040, .000000000000000, 
 250.0000000000000, -.3261886079247437E-02, .000000000000000, -3.261886079247438, .000000000000000, 
 250.0000000000000, -.3203113357098835E-02, .000000000000000, -3.203113357098835, .000000000000000, 
 250.0000000000000, -.3144340634950232E-02, .000000000000000, -3.144340634950233, .000000000000000, 
 250.0000000000000, -.3085567912801630E-02, .000000000000000, -3.085567912801630, .000000000000000, 
 250.0000000000000, -.3026795190653028E-02, .000000000000000, -3.026795190653028, .000000000000000, 
 250.0000000000000, -.2968022468504425E-02, .000000000000000, -2.968022468504425, .000000000000000, 
 250.0000000000000, -.2909249746355823E-02, .000000000000000, -2.909249746355822, .000000000000000, 
 250.0000000000000, -.2850477024207220E-02, .000000000000000, -2.850477024207220, .000000000000000, 
 250.0000000000000, -.2791704302058618E-02, .000000000000000, -2.791704302058617, .000000000000000, 
 250.0000000000000, -.2732931579910015E-02, .000000000000000, -2.732931579910015, .000000000000000, 
 250.0000000000000, -.2674158857761413E-02, .000000000000000, -2.674158857761412, .000000000000000, 
 250.0000000000000, -.2615386135612810E-02, .000000000000000, -2.615386135612810, .000000000000000, 
 250.0000000000000, -.2556613413464208E-02, .000000000000000, -2.556613413464208, .000000000000000, 
 250.0000000000000, -.2497840691315605E-02, .000000000000000, -2.497840691315605, .000000000000000, 
 250.0000000000000, -.2439067969167003E-02, .000000000000000, -2.439067969167003, .000000000000000, 
 250.0000000000000, -.2380295247018400E-02, .000000000000000, -2.380295247018400, .000000000000000, 
 250.0000000000000, -.2321522524869798E-02, .000000000000000, -2.321522524869798, .000000000000000, 
 250.0000000000000, -.2262749802721196E-02, .000000000000000, -2.262749802721196, .000000000000000, 
 250.0000000000000, -.2203977080572593E-02, .000000000000000, -2.203977080572593, .000000000000000, 
 250.0000000000000, -.2145204358423991E-02, .000000000000000, -2.145204358423991, .000000000000000, 
 250.0000000000000, -.2086431636275388E-02, .000000000000000, -2.086431636275388, .000000000000000, 
 250.0000000000000, -.2027658914126785E-02, .000000000000000, -2.027658914126786, .000000000000000, 
 250.0000000000000, -.1968886191978183E-02, .000000000000000, -1.968886191978183, .000000000000000, 
 250.0000000000000, -.1910113469829580E-02, .000000000000000, -1.910113469829580, .000000000000000, 
 250.0000000000000, -.1851340747680978E-02, .000000000000000, -1.851340747680978, .000000000000000, 
 250.0000000000000, -.1792568025532375E-02, .000000000000000, -1.792568025532375, .000000000000000, 
 250.0000000000000, -.1733795303383773E-02, .000000000000000, -1.733795303383773, .000000000000000, 
 250.0000000000000, -.1675022581235171E-02, .000000000000000, -1.675022581235171, .000000000000000, 
 250.0000000000000, -.1616249859086569E-02, .000000000000000, -1.616249859086569, .000000000000000, 
 250.0000000000000, -.1557477136937966E-02, .000000000000000, -1.557477136937966, .000000000000000, 
 250.0000000000000, -.1498704414789363E-02, .000000000000000, -1.498704414789364, .000000000000000, 
 250.0000000000000, -.1439931692640761E-02, .000000000000000, -1.439931692640761, .000000000000000, 
 250.0000000000000, -.1381158970492158E-02, .000000000000000, -1.381158970492158, .000000000000000, 
 250.0000000000000, -.1322386248343556E-02, .000000000000000, -1.322386248343556, .000000000000000, 
 250.0000000000000, -.1263613526194953E-02, .000000000000000, -1.263613526194953, .000000000000000, 
 250.0000000000000, -.1204840804046351E-02, .000000000000000, -1.204840804046351, .000000000000000, 
 250.0000000000000, -.1146068081897748E-02, .000000000000000, -1.146068081897748, .000000000000000, 
 250.0000000000000, -.1087295359749146E-02, .000000000000000, -1.087295359749146, .000000000000000, 
 250.0000000000000, -.1028522637600543E-02, .000000000000000, -1.028522637600543, .000000000000000, 
 250.0000000000000, -.9697499154519406E-03, .000000000000000, -.9697499154519406, .000000000000000, 
 250.0000000000000, -.9109771933033389E-03, .000000000000000, -.9109771933033389, .000000000000000, 
 250.0000000000000, -.8522044711547364E-03, .000000000000000, -.8522044711547364, .000000000000000, 
 250.0000000000000, -.7934317490061338E-03, .000000000000000, -.7934317490061339, .000000000000000, 
 250.0000000000000, -.7346590268575313E-03, .000000000000000, -.7346590268575313, .000000000000000, 
 250.0000000000000, -.6758863047089288E-03, .000000000000000, -.6758863047089287, .000000000000000, 
 250.0000000000000, -.6171135825603262E-03, .000000000000000, -.6171135825603262, .000000000000000, 
 250.0000000000000, -.5583408604117237E-03, .000000000000000, -.5583408604117237, .000000000000000, 
 250.0000000000000, -.4995681382631212E-03, .000000000000000, -.4995681382631211, .000000000000000, 
 250.0000000000000, -.4407954161145186E-03, .000000000000000, -.4407954161145186, .000000000000000, 
 250.0000000000000, -.3820226939659161E-03, .000000000000000, -.3820226939659161, .000000000000000, 
 250.0000000000000, -.3232499718173135E-03, .000000000000000, -.3232499718173135, .000000000000000, 
 250.0000000000000, -.2644772496687110E-03, .000000000000000, -.2644772496687110, .000000000000000, 
 250.0000000000000, -.2057045275201093E-03, .000000000000000, -.2057045275201093, .000000000000000, 
 250.0000000000000, -.1469318053715068E-03, .000000000000000, -.1469318053715068, .000000000000000, 
 250.0000000000000, -.8815908322290424E-04, .000000000000000, -.8815908322290425E-01, .000000000000000, 
 250.0000000000000, -.2938636107430170E-04, .000000000000000, -.2938636107430170E-01, .000000000000000, 
 250.0000000000000, .2938636107430084E-04, .1867282652945953E-02, .2938636107430084E-01, 1867.282652945953, 
 250.0000000000000, .8815908322290338E-04, .1837896822900515E-02, .8815908322290338E-01, 1837.896822900515, 
 250.0000000000000, .1469318053715059E-03, .1808511523885882E-02, .1469318053715059, 1808.511523885882, 
 250.0000000000000, .2057045275201085E-03, .1779126755901506E-02, .2057045275201085, 1779.126755901506, 
 250.0000000000000, .2644772496687110E-03, .1749742518944757E-02, .2644772496687110, 1749.742518944757, 
 250.0000000000000, .3232499718173135E-03, .1720358813016455E-02, .3232499718173135, 1720.358813016455, 
 250.0000000000000, .3820226939659161E-03, .1690975638113197E-02, .3820226939659161, 1690.975638113197, 
 250.0000000000000, .4407954161145186E-03, .1661592994234201E-02, .4407954161145186, 1661.592994234201, 
 250.0000000000000, .4995681382631212E-03, .1632210881377379E-02, .4995681382631211, 1632.210881377379, 
 250.0000000000000, .5583408604117228E-03, .1602829299539692E-02, .5583408604117228, 1602.829299539692, 
 250.0000000000000, .6171135825603254E-03, .1573448248719109E-02, .6171135825603253, 1573.448248719109, 
 250.0000000000000, .6758863047089279E-03, .1544067728912010E-02, .6758863047089279, 1544.067728912010, 
 250.0000000000000, .7346590268575304E-03, .1514687740115958E-02, .7346590268575305, 1514.687740115958, 
 250.0000000000000, .7934317490061330E-03, .1485308282326717E-02, .7934317490061330, 1485.308282326717, 
 250.0000000000000, .8522044711547355E-03, .1455929355540142E-02, .8522044711547355, 1455.929355540142, 
 250.0000000000000, .9109771933033381E-03, .1426550959752799E-02, .9109771933033380, 1426.550959752799, 
 250.0000000000000, .9697499154519406E-03, .1397173094960073E-02, .9697499154519406, 1397.173094960074, 
 250.0000000000000, .1028522637600543E-02, .1367795761156846E-02, 1.028522637600543, 1367.795761156846, 
 250.0000000000000, .1087295359749146E-02, .1338418958338126E-02, 1.087295359749146, 1338.418958338126, 
 250.0000000000000, .1146068081897748E-02, .1309042686498670E-02, 1.146068081897748, 1309.042686498670, 
 250.0000000000000, .1204840804046351E-02, .1279666945632796E-02, 1.204840804046351, 1279.666945632796, 
 250.0000000000000, .1263613526194953E-02, .1250291735734297E-02, 1.263613526194953, 1250.291735734297, 
 250.0000000000000, .1322386248343555E-02, .1220917056797146E-02, 1.322386248343555, 1220.917056797146, 
 250.0000000000000, .1381158970492158E-02, .1191542908814672E-02, 1.381158970492157, 1191.542908814672, 
 250.0000000000000, .1439931692640760E-02, .1162169291780228E-02, 1.439931692640760, 1162.169291780228, 
 250.0000000000000, .1498704414789363E-02, .1132796205686403E-02, 1.498704414789363, 1132.796205686403, 
 250.0000000000000, .1557477136937965E-02, .1103423650525602E-02, 1.557477136937965, 1103.423650525601, 
 250.0000000000000, .1616249859086568E-02, .1074051626290296E-02, 1.616249859086568, 1074.051626290296, 
 250.0000000000000, .1675022581235170E-02, .1044680132972246E-02, 1.675022581235170, 1044.680132972246, 
 250.0000000000000, .1733795303383773E-02, .1015309170563495E-02, 1.733795303383773, 1015.309170563495, 
 250.0000000000000, .1792568025532375E-02, .9859387390548195E-03, 1.792568025532375, 985.9387390548195, 
 250.0000000000000, .1851340747680978E-02, .9565688384375986E-03, 1.851340747680978, 956.5688384375986, 
 250.0000000000000, .1910113469829580E-02, .9271994687024759E-03, 1.910113469829580, 927.1994687024759, 
 250.0000000000000, .1968886191978182E-02, .8978306298400191E-03, 1.968886191978182, 897.8306298400191, 
 250.0000000000000, .2027658914126785E-02, .8684623218402106E-03, 2.027658914126786, 868.4623218402106, 
 250.0000000000000, .2086431636275387E-02, .8390945446928446E-03, 2.086431636275387, 839.0945446928446, 
 250.0000000000000, .2145204358423991E-02, .8097272983876918E-03, 2.145204358423991, 809.7272983876918, 
 250.0000000000000, .2203977080572592E-02, .7803605829138502E-03, 2.203977080572592, 780.3605829138502, 
 250.0000000000000, .2262749802721196E-02, .7509943982602430E-03, 2.262749802721196, 750.9943982602430, 
 250.0000000000000, .2321522524869797E-02, .7216287444157625E-03, 2.321522524869797, 721.6287444157625, 
 250.0000000000000, .2380295247018401E-02, .6922636213684710E-03, 2.380295247018401, 692.2636213684710, 
 250.0000000000000, .2439067969167002E-02, .6628990291063880E-03, 2.439067969167002, 662.8990291063880, 
 250.0000000000000, .2497840691315604E-02, .6335349676176151E-03, 2.497840691315604, 633.5349676176151, 
 250.0000000000000, .2556613413464207E-02, .6041714368893662E-03, 2.556613413464207, 604.1714368893662, 
 250.0000000000000, .2615386135612809E-02, .5748084369088328E-03, 2.615386135612809, 574.8084369088328, 
 250.0000000000000, .2674158857761413E-02, .5454459676628125E-03, 2.674158857761412, 545.4459676628124, 
 250.0000000000000, .2732931579910014E-02, .5160840291379851E-03, 2.732931579910014, 516.0840291379851, 
 250.0000000000000, .2791704302058618E-02, .4867226213206016E-03, 2.791704302058617, 486.7226213206015, 
 250.0000000000000, .2850477024207219E-02, .4573617441965265E-03, 2.850477024207219, 457.3617441965265, 
 250.0000000000000, .2909249746355823E-02, .4280013977515900E-03, 2.909249746355822, 428.0013977515900, 
 250.0000000000000, .2968022468504424E-02, .3986415819709666E-03, 2.968022468504425, 398.6415819709666, 
 250.0000000000000, .3026795190653028E-02, .3692822968399693E-03, 3.026795190653028, 369.2822968399693, 
 250.0000000000000, .3085567912801629E-02, .3399235423431405E-03, 3.085567912801630, 339.9235423431405, 
 250.0000000000000, .3144340634950233E-02, .3105653184650824E-03, 3.144340634950233, 310.5653184650824, 
 250.0000000000000, .3203113357098834E-02, .2812076251899082E-03, 3.203113357098835, 281.2076251899082, 
 250.0000000000000, .3261886079247436E-02, .2518504625016402E-03, 3.261886079247436, 251.8504625016402, 
 250.0000000000000, .3320658801396040E-02, .2224938303835533E-03, 3.320658801396040, 222.4938303835533, 
 250.0000000000000, .3379431523544641E-02, .1931377288192613E-03, 3.379431523544641, 193.1377288192613, 
 250.0000000000000, .3438204245693245E-02, .1637821577915782E-03, 3.438204245693245, 163.7821577915782, 
 250.0000000000000, .3496976967841846E-02, .1344271172832445E-03, 3.496976967841846, 134.4271172832445, 
 250.0000000000000, .3555749689990450E-02, .1050726072765407E-03, 3.555749689990450, 105.0726072765407, 
 250.0000000000000, .3614522412139051E-02, .7571862775382646E-04, 3.614522412139051, 75.71862775382645, 
 250.0000000000000, .3673295134287655E-02, .4636517869658109E-04, 3.673295134287655, 46.36517869658109, 
 250.0000000000000, .3732067856436256E-02, .1701226008642897E-04, 3.732067856436256, 17.01226008642897, 
 250.0000000000000, .3790840578584860E-02, .000000000000000, 3.790840578584860, .000000000000000, 
 250.0000000000000, .3849613300733462E-02, .000000000000000, 3.849613300733461, .000000000000000, 
 250.0000000000000, .3908386022882065E-02, .000000000000000, 3.908386022882065, .000000000000000, 
 250.0000000000000, .3967158745030667E-02, .000000000000000, 3.967158745030666, .000000000000000, 
 250.0000000000000, .4025931467179268E-02, .000000000000000, 4.025931467179269, .000000000000000, 
 250.0000000000000, .4084704189327872E-02, .000000000000000, 4.084704189327872, .000000000000000, 
 250.0000000000000, .4143476911476473E-02, .000000000000000, 4.143476911476474, .000000000000000, 
 250.0000000000000, .4202249633625077E-02, .000000000000000, 4.202249633625077, .000000000000000, 
 250.0000000000000, .4261022355773678E-02, .000000000000000, 4.261022355773679, .000000000000000, 
 250.0000000000000, .4319795077922282E-02, .000000000000000, 4.319795077922282, .000000000000000, 
 250.0000000000000, .4378567800070884E-02, .000000000000000, 4.378567800070884, .000000000000000, 
 250.0000000000000, .4437340522219487E-02, .000000000000000, 4.437340522219487, .000000000000000, 
 250.0000000000000, .4496113244368089E-02, .000000000000000, 4.496113244368089, .000000000000000, 
 250.0000000000000, .4554885966516692E-02, .000000000000000, 4.554885966516692, .000000000000000, 
 250.0000000000000, .4613658688665294E-02, .000000000000000, 4.613658688665294, .000000000000000, 
 250.0000000000000, .4672431410813897E-02, .000000000000000, 4.672431410813897, .000000000000000, 
 250.0000000000000, .4731204132962499E-02, .000000000000000, 4.731204132962499, .000000000000000, 
 250.0000000000000, .4789976855111100E-02, .000000000000000, 4.789976855111100, .000000000000000, 
 250.0000000000000, .4848749577259704E-02, .000000000000000, 4.848749577259704, .000000000000000, 
 250.0000000000000, .4907522299408306E-02, .000000000000000, 4.907522299408305, .000000000000000, 
 250.0000000000000, .4966295021556909E-02, .000000000000000, 4.966295021556909, .000000000000000, 
 250.0000000000000, .5025067743705511E-02, .000000000000000, 5.025067743705510, .000000000000000, 
 250.0000000000000, .5083840465854114E-02, .000000000000000, 5.083840465854114, .000000000000000, 
 250.0000000000000, .5142613188002716E-02, .000000000000000, 5.142613188002715, .000000000000000, 
 250.0000000000000, .5201385910151319E-02, .000000000000000, 5.201385910151319, .000000000000000, 
 250.0000000000000, .5260158632299921E-02, .000000000000000, 5.260158632299921, .000000000000000, 
 250.0000000000000, .5318931354448524E-02, .000000000000000, 5.318931354448524, .000000000000000, 
 250.0000000000000, .5377704076597126E-02, .000000000000000, 5.377704076597126, .000000000000000, 
 250.0000000000000, .5436476798745728E-02, .000000000000000, 5.436476798745727, .000000000000000, 
 250.0000000000000, .5495249520894331E-02, .000000000000000, 5.495249520894331, .000000000000000, 
 250.0000000000000, .5554022243042933E-02, .000000000000000, 5.554022243042932, .000000000000000, 
 250.0000000000000, .5612794965191536E-02, .000000000000000, 5.612794965191536, .000000000000000, 
 250.0000000000000, .5671567687340138E-02, .000000000000000, 5.671567687340137, .000000000000000, 
 250.0000000000000, .5730340409488741E-02, .000000000000000, 5.730340409488741, .000000000000000, 
 250.0000000000000, .5789113131637343E-02, .000000000000000, 5.789113131637343, .000000000000000, 
 250.0000000000000, .5847885853785946E-02, .000000000000000, 5.847885853785947, .000000000000000, 
 300.0000000000000, -.5847885853785946E-02, .000000000000000, -5.847885853785947, .000000000000000, 
 300.0000000000000, -.5789113131637344E-02, .000000000000000, -5.789113131637343, .000000000000000, 
 300.0000000000000, -.5730340409488741E-02, .000000000000000, -5.730340409488741, .000000000000000, 
 300.0000000000000, -.5671567687340139E-02, .000000000000000, -5.671567687340138, .000000000000000, 
 300.0000000000000, -.5612794965191536E-02, .000000000000000, -5.612794965191536, .000000000000000, 
 300.0000000000000, -.5554022243042933E-02, .000000000000000, -5.554022243042933, .000000000000000, 
 300.0000000000000, -.5495249520894332E-02, .000000000000000, -5.495249520894331, .000000000000000, 
 300.0000000000000, -.5436476798745729E-02, .000000000000000, -5.436476798745729, .000000000000000, 
 300.0000000000000, -.5377704076597127E-02, .000000000000000, -5.377704076597126, .000000000000000, 
 300.0000000000000, -.5318931354448524E-02, .000000000000000, -5.318931354448524, .000000000000000, 
 300.0000000000000, -.5260158632299922E-02, .000000000000000, -5.260158632299921, .000000000000000, 
 300.0000000000000, -.5201385910151319E-02, .000000000000000, -5.201385910151319, .000000000000000, 
 300.0000000000000, -.5142613188002717E-02, .000000000000000, -5.142613188002716, .000000000000000, 
 300.0000000000000, -.5083840465854114E-02, .000000000000000, -5.083840465854114, .000000000000000, 
 300.0000000000000, -.5025067743705511E-02, .000000000000000, -5.025067743705511, .000000000000000, 
 300.0000000000000, -.4966295021556909E-02, .000000000000000, -4.966295021556909, .000000000000000, 
 300.0000000000000, -.4907522299408306E-02, .000000000000000, -4.907522299408306, .000000000000000, 
 300.0000000000000, -.4848749577259704E-02, .000000000000000, -4.848749577259704, .000000000000000, 
 300.0000000000000, -.4789976855111101E-02, .000000000000000, -4.789976855111101, .000000000000000, 
 300.0000000000000, -.4731204132962500E-02, .000000000000000, -4.731204132962500, .000000000000000, 
 300.0000000000000, -.4672431410813896E-02, .000000000000000, -4.672431410813896, .000000000000000, 
 300.0000000000000, -.4613658688665295E-02, .000000000000000, -4.613658688665295, .000000000000000, 
 300.0000000000000, -.4554885966516692E-02, .000000000000000, -4.554885966516692, .000000000000000, 
 300.0000000000000, -.4496113244368089E-02, .000000000000000, -4.496113244368090, .000000000000000, 
 300.0000000000000, -.4437340522219487E-02, .000000000000000, -4.437340522219487, .000000000000000, 
 300.0000000000000, -.4378567800070884E-02, .000000000000000, -4.378567800070885, .000000000000000, 
 300.0000000000000, -.4319795077922282E-02, .000000000000000, -4.319795077922282, .000000000000000, 
 300.0000000000000, -.4261022355773679E-02, .000000000000000, -4.261022355773679, .000000000000000, 
 300.0000000000000, -.4202249633625077E-02, .000000000000000, -4.202249633625077, .000000000000000, 
 300.0000000000000, -.4143476911476474E-02, .000000000000000, -4.143476911476474, .000000000000000, 
 300.0000000000000, -.4084704189327872E-02, .000000000000000, -4.084704189327872, .000000000000000, 
 300.0000000000000, -.4025931467179269E-02, .000000000000000, -4.025931467179269, .000000000000000, 
 300.0000000000000, -.3967158745030668E-02, .000000000000000, -3.967158745030667, .000000000000000, 
 300.0000000000000, -.3908386022882064E-02, .000000000000000, -3.908386022882064, .000000000000000, 
 300.0000000000000, -.3849613300733462E-02, .000000000000000, -3.849613300733462, .000000000000000, 
 300.0000000000000, -.3790840578584859E-02, .000000000000000, -3.790840578584859, .000000000000000, 
 300.0000000000000, -.3732067856436257E-02, .000000000000000, -3.732067856436257, .000000000000000, 
 300.0000000000000, -.3673295134287655E-02, .000000000000000, -3.673295134287655, .000000000000000, 
 300.0000000000000, -.3614522412139052E-02, .000000000000000, -3.614522412139052, .000000000000000, 
 300.0000000000000, -.3555749689990450E-02, .000000000000000, -3.555749689990450, .000000000000000, 
 300.0000000000000, -.3496976967841847E-02, .000000000000000, -3.496976967841847, .000000000000000, 
 300.0000000000000, -.3438204245693245E-02, .000000000000000, -3.438204245693245, .000000000000000, 
 300.0000000000000, -.3379431523544643E-02, .000000000000000, -3.379431523544643, .000000000000000, 
 300.0000000000000, -.3320658801396040E-02, .000000000000000, -3.320658801396040, .000000000000000, 
 300.0000000000000, -.3261886079247437E-02, .000000000000000, -3.261886079247438, .000000000000000, 
 300.0000000000000, -.3203113357098835E-02, .000000000000000, -3.203113357098835, .000000000000000, 
 300.0000000000000, -.3144340634950232E-02, .000000000000000, -3.144340634950233, .000000000000000, 
 300.0000000000000, -.3085567912801630E-02, .000000000000000, -3.085567912801630, .000000000000000, 
 300.0000000000000, -.3026795190653028E-02, .000000000000000, -3.026795190653028, .000000000000000, 
 300.0000000000000, -.2968022468504425E-02, .000000000000000, -2.968022468504425, .000000000000000, 
 300.0000000000000, -.2909249746355823E-02, .000000000000000, -2.909249746355822, .000000000000000, 
 300.0000000000000, -.2850477024207220E-02, .000000000000000, -2.850477024207220, .000000000000000, 
 300.0000000000000, -.2791704302058618E-02, .000000000000000, -2.791704302058617, .000000000000000, 
 300.0000000000000, -.2732931579910015E-02, .000000000000000, -2.732931579910015, .000000000000000, 
 300.0000000000000, -.2674158857761413E-02, .000000000000000, -2.674158857761412, .000000000000000, 
 300.0000000000000, -.2615386135612810E-02, .000000000000000, -2.615386135612810, .000000000000000, 
 300.0000000000000, -.2556613413464208E-02, .000000000000000, -2.556613413464208, .000000000000000, 
 300.0000000000000, -.2497840691315605E-02, .000000000000000, -2.497840691315605, .000000000000000, 
 300.0000000000000, -.2439067969167003E-02, .000000000000000, -2.439067969167003, .000000000000000, 
 300.0000000000000, -.2380295247018400E-02, .000000000000000, -2.380295247018400, .000000000000000, 
 300.0000000000000, -.2321522524869798E-02, .000000000000000, -2.321522524869798, .000000000000000, 
 300.0000000000000, -.2262749802721196E-02, .000000000000000, -2.262749802721196, .000000000000000, 
 300.0000000000000, -.2203977080572593E-02, .000000000000000, -2.203977080572593, .000000000000000, 
 300.0000000000000, -.2145204358423991E-02, .000000000000000, -2.145204358423991, .000000000000000, 
 300.0000000000000, -.2086431636275388E-02, .000000000000000, -2.086431636275388, .000000000000000, 
 300.0000000000000, -.2027658914126785E-02, .000000000000000, -2.027658914126786, .000000000000000, 
 300.0000000000000, -.1968886191978183E-02, .000000000000000, -1.968886191978183, .000000000000000, 
 300.0000000000000, -.1910113469829580E-02, .000000000000000, -1.910113469829580, .000000000000000, 
 300.0000000000000, -.1851340747680978E-02, .000000000000000, -1.851340747680978, .000000000000000, 
 300.0000000000000, -.1792568025532375E-02, .000000000000000, -1.792568025532375, .000000000000000, 
 300.0000000000000, -.1733795303383773E-02, .000000000000000, -1.733795303383773, .000000000000000, 
 300.0000000000000, -.1675022581235171E-02, .000000000000000, -1.675022581235171, .000000000000000, 
 300.0000000000000, -.1616249859086569E-02, .000000000000000, -1.616249859086569, .000000000000000, 
 300.0000000000000, -.1557477136937966E-02, .000000000000000, -1.557477136937966, .000000000000000, 
 300.0000000000000, -.1498704414789363E-02, .000000000000000, -1.498704414789364, .000000000000000, 
 300.0000000000000, -.1439931692640761E-02, .000000000000000, -1.439931692640761, .000000000000000, 
 300.0000000000000, -.1381158970492158E-02, .000000000000000, -1.381158970492158, .000000000000000, 
 300.0000000000000, -.1322386248343556E-02, .000000000000000, -1.322386248343556, .000000000000000, 
 300.0000000000000, -.1263613526194953E-02, .000000000000000, -1.263613526194953, .000000000000000, 
 300.0000000000000, -.1204840804046351E-02, .000000000000000, -1.204840804046351, .000000000000000, 
 300.0000000000000, -.1146068081897748E-02, .000000000000000, -1.146068081897748, .000000000000000, 
 300.0000000000000, -.1087295359749146E-02, .000000000000000, -1.087295359749146, .000000000000000, 
 300.0000000000000, -.1028522637600543E-02, .000000000000000, -1.028522637600543, .000000000000000, 
 300.0000000000000, -.9697499154519406E-03, .000000000000000, -.9697499154519406, .000000000000000, 
 300.0000000000000, -.9109771933033389E-03, .000000000000000, -.9109771933033389, .000000000000000, 
 300.0000000000000, -.8522044711547364E-03, .000000000000000, -.8522044711547364, .000000000000000, 
 300.0000000000000, -.7934317490061338E-03, .000000000000000, -.7934317490061339, .000000000000000, 
 300.0000000000000, -.7346590268575313E-03, .000000000000000, -.7346590268575313, .000000000000000, 
 300.0000000000000, -.6758863047089288E-03, .000000000000000, -.6758863047089287, .000000000000000, 
 300.0000000000000, -.6171135825603262E-03, .000000000000000, -.6171135825603262, .000000000000000, 
 300.0000000000000, -.5583408604117237E-03, .000000000000000, -.5583408604117237, .000000000000000, 
 300.0000000000000, -.4995681382631212E-03, .000000000000000, -.4995681382631211, .000000000000000, 
 300.0000000000000, -.4407954161145186E-03, .000000000000000, -.4407954161145186, .000000000000000, 
 300.0000000000000, -.3820226939659161E-03, .000000000000000, -.3820226939659161, .000000000000000, 
 300.0000000000000, -.3232499718173135E-03, .000000000000000, -.3232499718173135, .000000000000000, 
 300.0000000000000, -.2644772496687110E-03, .000000000000000, -.2644772496687110, .000000000000000, 
 300.0000000000000, -.2057045275201093E-03, .000000000000000, -.2057045275201093, .000000000000000, 
 300.0000000000000, -.1469318053715068E-03, .000000000000000, -.1469318053715068, .000000000000000, 
 300.0000000000000, -.8815908322290424E-04, .000000000000000, -.8815908322290425E-01, .000000000000000, 
 300.0000000000000, -.2938636107430170E-04, .000000000000000, -.2938636107430170E-01, .000000000000000, 
 300.0000000000000, .2938636107430084E-04, .2324461216801062E-02, .2938636107430084E-01, 2324.461216801062, 
 300.0000000000000, .8815908322290338E-04, .2295075302318501E-02, .8815908322290338E-01, 2295.075302318501, 
 300.0000000000000, .1469318053715059E-03, .2265689834424998E-02, .1469318053715059, 2265.689834424998, 
 300.0000000000000, .2057045275201085E-03, .2236304813120937E-02, .2057045275201085, 2236.304813120937, 
 300.0000000000000, .2644772496687110E-03, .2206920238408468E-02, .2644772496687110, 2206.920238408468, 
 300.0000000000000, .3232499718173135E-03, .2177536110284448E-02, .3232499718173135, 2177.536110284448, 
 300.0000000000000, .3820226939659161E-03, .2148152428748841E-02, .3820226939659161, 2148.152428748841, 
 300.0000000000000, .4407954161145186E-03, .2118769193800624E-02, .4407954161145186, 2118.769193800624, 
 300.0000000000000, .4995681382631212E-03, .2089386405437609E-02, .4995681382631211, 2089.386405437609, 
 300.0000000000000, .5583408604117228E-03, .2060004063660486E-02, .5583408604117228, 2060.004063660486, 
 300.0000000000000, .6171135825603254E-03, .2030622168466066E-02, .6171135825603253, 2030.622168466066, 
 300.0000000000000, .6758863047089279E-03, .2001240719853145E-02, .6758863047089279, 2001.240719853145, 
 300.0000000000000, .7346590268575304E-03, .1971859717819888E-02, .7346590268575305, 1971.859717819888, 
 300.0000000000000, .7934317490061330E-03, .1942479162364859E-02, .7934317490061330, 1942.479162364859, 
 300.0000000000000, .8522044711547355E-03, .1913099053485201E-02, .8522044711547355, 1913.099053485201, 
 300.0000000000000, .9109771933033381E-03, .1883719391179011E-02, .9109771933033380, 1883.719391179011, 
 300.0000000000000, .9697499154519406E-03, .1854340175443617E-02, .9697499154519406, 1854.340175443617, 
 300.0000000000000, .1028522637600543E-02, .1824961406276521E-02, 1.028522637600543, 1824.961406276521, 
 300.0000000000000, .1087295359749146E-02, .1795583083674739E-02, 1.087295359749146, 1795.583083674739, 
 300.0000000000000, .1146068081897748E-02, .1766205207635204E-02, 1.146068081897748, 1766.205207635204, 
 300.0000000000000, .1204840804046351E-02, .1736827778155131E-02, 1.204840804046351, 1736.827778155131, 
 300.0000000000000, .1263613526194953E-02, .1707450795231025E-02, 1.263613526194953, 1707.450795231025, 
 300.0000000000000, .1322386248343555E-02, .1678074258858960E-02, 1.322386248343555, 1678.074258858960, 
 300.0000000000000, .1381158970492158E-02, .1648698169036235E-02, 1.381158970492157, 1648.698169036235, 
 300.0000000000000, .1439931692640760E-02, .1619322525758058E-02, 1.439931692640760, 1619.322525758058, 
 300.0000000000000, .1498704414789363E-02, .1589947329021198E-02, 1.498704414789363, 1589.947329021198, 
 300.0000000000000, .1557477136937965E-02, .1560572578821042E-02, 1.557477136937965, 1560.572578821042, 
 300.0000000000000, .1616249859086568E-02, .1531198275153365E-02, 1.616249859086568, 1531.198275153365, 
 300.0000000000000, .1675022581235170E-02, .1501824418013969E-02, 1.675022581235170, 1501.824418013970, 
 300.0000000000000, .1733795303383773E-02, .1472451007398109E-02, 1.733795303383773, 1472.451007398109, 
 300.0000000000000, .1792568025532375E-02, .1443078043300813E-02, 1.792568025532375, 1443.078043300814, 
 300.0000000000000, .1851340747680978E-02, .1413705525717072E-02, 1.851340747680978, 1413.705525717073, 
 300.0000000000000, .1910113469829580E-02, .1384333454642044E-02, 1.910113469829580, 1384.333454642044, 
 300.0000000000000, .1968886191978182E-02, .1354961830070091E-02, 1.968886191978182, 1354.961830070091, 
 300.0000000000000, .2027658914126785E-02, .1325590651996055E-02, 2.027658914126786, 1325.590651996055, 
 300.0000000000000, .2086431636275387E-02, .1296219920414189E-02, 2.086431636275387, 1296.219920414189, 
 300.0000000000000, .2145204358423991E-02, .1266849635318688E-02, 2.145204358423991, 1266.849635318688, 
 300.0000000000000, .2203977080572592E-02, .1237479796703532E-02, 2.203977080572592, 1237.479796703532, 
 300.0000000000000, .2262749802721196E-02, .1208110404562610E-02, 2.262749802721196, 1208.110404562610, 
 300.0000000000000, .2321522524869797E-02, .1178741458889717E-02, 2.321522524869797, 1178.741458889717, 
 300.0000000000000, .2380295247018401E-02, .1149372959678423E-02, 2.380295247018401, 1149.372959678423, 
 300.0000000000000, .2439067969167002E-02, .1120004906921854E-02, 2.439067969167002, 1120.004906921854, 
 300.0000000000000, .2497840691315604E-02, .1090637300613325E-02, 2.497840691315604, 1090.637300613325, 
 300.0000000000000, .2556613413464207E-02, .1061270140746134E-02, 2.556613413464207, 1061.270140746134, 
 300.0000000000000, .2615386135612809E-02, .1031903427312766E-02, 2.615386135612809, 1031.903427312766, 
 300.0000000000000, .2674158857761413E-02, .1002537160306275E-02, 2.674158857761412, 1002.537160306274, 
 300.0000000000000, .2732931579910014E-02, .9731713397190941E-03, 2.732931579910014, 973.1713397190941, 
 300.0000000000000, .2791704302058618E-02, .9438059655434306E-03, 2.791704302058617, 943.8059655434306, 
 300.0000000000000, .2850477024207219E-02, .9144410377716257E-03, 2.850477024207219, 914.4410377716257, 
 300.0000000000000, .2909249746355823E-02, .8850765563959563E-03, 2.909249746355822, 885.0765563959562, 
 300.0000000000000, .2968022468504424E-02, .8557125214080996E-03, 2.968022468504425, 855.7125214080996, 
 300.0000000000000, .3026795190653028E-02, .8263489327995039E-03, 3.026795190653028, 826.3489327995039, 
 300.0000000000000, .3085567912801629E-02, .7969857905621703E-03, 3.085567912801630, 796.9857905621702, 
 300.0000000000000, .3144340634950233E-02, .7676230946873971E-03, 3.144340634950233, 767.6230946873970, 
 300.0000000000000, .3203113357098834E-02, .7382608451662774E-03, 3.203113357098835, 738.2608451662774, 
 300.0000000000000, .3261886079247436E-02, .7088990419898807E-03, 3.261886079247436, 708.8990419898806, 
 300.0000000000000, .3320658801396040E-02, .6795376851492540E-03, 3.320658801396040, 679.5376851492540, 
 300.0000000000000, .3379431523544641E-02, .6501767746349049E-03, 3.379431523544641, 650.1767746349049, 
 300.0000000000000, .3438204245693245E-02, .6208163104376856E-03, 3.438204245693245, 620.8163104376856, 
 300.0000000000000, .3496976967841846E-02, .5914562925475955E-03, 3.496976967841846, 591.4562925475955, 
 300.0000000000000, .3555749689990450E-02, .5620967209553818E-03, 3.555749689990450, 562.0967209553818, 
 300.0000000000000, .3614522412139051E-02, .5327375956504920E-03, 3.614522412139051, 532.7375956504919, 
 300.0000000000000, .3673295134287655E-02, .5033789166233392E-03, 3.673295134287655, 503.3789166233391, 
 300.0000000000000, .3732067856436256E-02, .4740206838635906E-03, 3.732067856436256, 474.0206838635906, 
 300.0000000000000, .3790840578584860E-02, .4446628973605228E-03, 3.790840578584860, 444.6628973605228, 
 300.0000000000000, .3849613300733462E-02, .4153055571039354E-03, 3.849613300733461, 415.3055571039354, 
 300.0000000000000, .3908386022882065E-02, .3859486630827096E-03, 3.908386022882065, 385.9486630827096, 
 300.0000000000000, .3967158745030667E-02, .3565922152861654E-03, 3.967158745030666, 356.5922152861655, 
 300.0000000000000, .4025931467179268E-02, .3272362137031426E-03, 4.025931467179269, 327.2362137031426, 
 300.0000000000000, .4084704189327872E-02, .2978806583223293E-03, 4.084704189327872, 297.8806583223293, 
 300.0000000000000, .4143476911476473E-02, .2685255491324341E-03, 4.143476911476474, 268.5255491324340, 
 300.0000000000000, .4202249633625077E-02, .2391708861217916E-03, 4.202249633625077, 239.1708861217916, 
 300.0000000000000, .4261022355773678E-02, .2098166692785992E-03, 4.261022355773679, 209.8166692785992, 
 300.0000000000000, .4319795077922282E-02, .1804628985911271E-03, 4.319795077922282, 180.4628985911271, 
 300.0000000000000, .4378567800070884E-02, .1511095740471393E-03, 4.378567800070884, 151.1095740471393, 
 300.0000000000000, .4437340522219487E-02, .1217566956343750E-03, 4.437340522219487, 121.7566956343750, 
 300.0000000000000, .4496113244368089E-02, .9240426334058448E-04, 4.496113244368089, 92.40426334058448, 
 300.0000000000000, .4554885966516692E-02, .6305227715298865E-04, 4.554885966516692, 63.05227715298865, 
 300.0000000000000, .4613658688665294E-02, .3370073705909102E-04, 4.613658688665294, 33.70073705909102, 
 300.0000000000000, .4672431410813897E-02, .4349643045792714E-05, 4.672431410813897, 4.349643045792714, 
 300.0000000000000, .4731204132962499E-02, .000000000000000, 4.731204132962499, .000000000000000, 
 300.0000000000000, .4789976855111100E-02, .000000000000000, 4.789976855111100, .000000000000000, 
 300.0000000000000, .4848749577259704E-02, .000000000000000, 4.848749577259704, .000000000000000, 
 300.0000000000000, .4907522299408306E-02, .000000000000000, 4.907522299408305, .000000000000000, 
 300.0000000000000, .4966295021556909E-02, .000000000000000, 4.966295021556909, .000000000000000, 
 300.0000000000000, .5025067743705511E-02, .000000000000000, 5.025067743705510, .000000000000000, 
 300.0000000000000, .5083840465854114E-02, .000000000000000, 5.083840465854114, .000000000000000, 
 300.0000000000000, .5142613188002716E-02, .000000000000000, 5.142613188002715, .000000000000000, 
 300.0000000000000, .5201385910151319E-02, .000000000000000, 5.201385910151319, .000000000000000, 
 300.0000000000000, .5260158632299921E-02, .000000000000000, 5.260158632299921, .000000000000000, 
 300.0000000000000, .5318931354448524E-02, .000000000000000, 5.318931354448524, .000000000000000, 
 300.0000000000000, .5377704076597126E-02, .000000000000000, 5.377704076597126, .000000000000000, 
 300.0000000000000, .5436476798745728E-02, .000000000000000, 5.436476798745727, .000000000000000, 
 300.0000000000000, .5495249520894331E-02, .000000000000000, 5.495249520894331, .000000000000000, 
 300.0000000000000, .5554022243042933E-02, .000000000000000, 5.554022243042932, .000000000000000, 
 300.0000000000000, .5612794965191536E-02, .000000000000000, 5.612794965191536, .000000000000000, 
 300.0000000000000, .5671567687340138E-02, .000000000000000, 5.671567687340137, .000000000000000, 
 300.0000000000000, .5730340409488741E-02, .000000000000000, 5.730340409488741, .000000000000000, 
 300.0000000000000, .5789113131637343E-02, .000000000000000, 5.789113131637343, .000000000000000, 
 300.0000000000000, .5847885853785946E-02, .000000000000000, 5.847885853785947, .000000000000000, 
 350.0000000000000, -.5847885853785946E-02, .000000000000000, -5.847885853785947, .000000000000000, 
 350.0000000000000, -.5789113131637344E-02, .000000000000000, -5.789113131637343, .000000000000000, 
 350.0000000000000, -.5730340409488741E-02, .000000000000000, -5.730340409488741, .000000000000000, 
 350.0000000000000, -.5671567687340139E-02, .000000000000000, -5.671567687340138, .000000000000000, 
 350.0000000000000, -.5612794965191536E-02, .000000000000000, -5.612794965191536, .000000000000000, 
 350.0000000000000, -.5554022243042933E-02, .000000000000000, -5.554022243042933, .000000000000000, 
 350.0000000000000, -.5495249520894332E-02, .000000000000000, -5.495249520894331, .000000000000000, 
 350.0000000000000, -.5436476798745729E-02, .000000000000000, -5.436476798745729, .000000000000000, 
 350.0000000000000, -.5377704076597127E-02, .000000000000000, -5.377704076597126, .000000000000000, 
 350.0000000000000, -.5318931354448524E-02, .000000000000000, -5.318931354448524, .000000000000000, 
 350.0000000000000, -.5260158632299922E-02, .000000000000000, -5.260158632299921, .000000000000000, 
 350.0000000000000, -.5201385910151319E-02, .000000000000000, -5.201385910151319, .000000000000000, 
 350.0000000000000, -.5142613188002717E-02, .000000000000000, -5.142613188002716, .000000000000000, 
 350.0000000000000, -.5083840465854114E-02, .000000000000000, -5.083840465854114, .000000000000000, 
 350.0000000000000, -.5025067743705511E-02, .000000000000000, -5.025067743705511, .000000000000000, 
 350.0000000000000, -.4966295021556909E-02, .000000000000000, -4.966295021556909, .000000000000000, 
 350.0000000000000, -.4907522299408306E-02, .000000000000000, -4.907522299408306, .000000000000000, 
 350.0000000000000, -.4848749577259704E-02, .000000000000000, -4.848749577259704, .000000000000000, 
 350.0000000000000, -.4789976855111101E-02, .000000000000000, -4.789976855111101, .000000000000000, 
 350.0000000000000, -.4731204132962500E-02, .000000000000000, -4.731204132962500, .000000000000000, 
 350.0000000000000, -.4672431410813896E-02, .000000000000000, -4.672431410813896, .000000000000000, 
 350.0000000000000, -.4613658688665295E-02, .000000000000000, -4.613658688665295, .000000000000000, 
 350.0000000000000, -.4554885966516692E-02, .000000000000000, -4.554885966516692, .000000000000000, 
 350.0000000000000, -.4496113244368089E-02, .000000000000000, -4.496113244368090, .000000000000000, 
 350.0000000000000, -.4437340522219487E-02, .000000000000000, -4.437340522219487, .000000000000000, 
 350.0000000000000, -.4378567800070884E-02, .000000000000000, -4.378567800070885, .000000000000000, 
 350.0000000000000, -.4319795077922282E-02, .000000000000000, -4.319795077922282, .000000000000000, 
 350.0000000000000, -.4261022355773679E-02, .000000000000000, -4.261022355773679, .000000000000000, 
 350.0000000000000, -.4202249633625077E-02, .000000000000000, -4.202249633625077, .000000000000000, 
 350.0000000000000, -.4143476911476474E-02, .000000000000000, -4.143476911476474, .000000000000000, 
 350.0000000000000, -.4084704189327872E-02, .000000000000000, -4.084704189327872, .000000000000000, 
 350.0000000000000, -.4025931467179269E-02, .000000000000000, -4.025931467179269, .000000000000000, 
 350.0000000000000, -.3967158745030668E-02, .000000000000000, -3.967158745030667, .000000000000000, 
 350.0000000000000, -.3908386022882064E-02, .000000000000000, -3.908386022882064, .000000000000000, 
 350.0000000000000, -.3849613300733462E-02, .000000000000000, -3.849613300733462, .000000000000000, 
 350.0000000000000, -.3790840578584859E-02, .000000000000000, -3.790840578584859, .000000000000000, 
 350.0000000000000, -.3732067856436257E-02, .000000000000000, -3.732067856436257, .000000000000000, 
 350.0000000000000, -.3673295134287655E-02, .000000000000000, -3.673295134287655, .000000000000000, 
 350.0000000000000, -.3614522412139052E-02, .000000000000000, -3.614522412139052, .000000000000000, 
 350.0000000000000, -.3555749689990450E-02, .000000000000000, -3.555749689990450, .000000000000000, 
 350.0000000000000, -.3496976967841847E-02, .000000000000000, -3.496976967841847, .000000000000000, 
 350.0000000000000, -.3438204245693245E-02, .000000000000000, -3.438204245693245, .000000000000000, 
 350.0000000000000, -.3379431523544643E-02, .000000000000000, -3.379431523544643, .000000000000000, 
 350.0000000000000, -.3320658801396040E-02, .000000000000000, -3.320658801396040, .000000000000000, 
 350.0000000000000, -.3261886079247437E-02, .000000000000000, -3.261886079247438, .000000000000000, 
 350.0000000000000, -.3203113357098835E-02, .000000000000000, -3.203113357098835, .000000000000000, 
 350.0000000000000, -.3144340634950232E-02, .000000000000000, -3.144340634950233, .000000000000000, 
 350.0000000000000, -.3085567912801630E-02, .000000000000000, -3.085567912801630, .000000000000000, 
 350.0000000000000, -.3026795190653028E-02, .000000000000000, -3.026795190653028, .000000000000000, 
 350.0000000000000, -.2968022468504425E-02, .000000000000000, -2.968022468504425, .000000000000000, 
 350.0000000000000, -.2909249746355823E-02, .000000000000000, -2.909249746355822, .000000000000000, 
 350.0000000000000, -.2850477024207220E-02, .000000000000000, -2.850477024207220, .000000000000000, 
 350.0000000000000, -.2791704302058618E-02, .000000000000000, -2.791704302058617, .000000000000000, 
 350.0000000000000, -.2732931579910015E-02, .000000000000000, -2.732931579910015, .000000000000000, 
 350.0000000000000, -.2674158857761413E-02, .000000000000000, -2.674158857761412, .000000000000000, 
 350.0000000000000, -.2615386135612810E-02, .000000000000000, -2.615386135612810, .000000000000000, 
 350.0000000000000, -.2556613413464208E-02, .000000000000000, -2.556613413464208, .000000000000000, 
 350.0000000000000, -.2497840691315605E-02, .000000000000000, -2.497840691315605, .000000000000000, 
 350.0000000000000, -.2439067969167003E-02, .000000000000000, -2.439067969167003, .000000000000000, 
 350.0000000000000, -.2380295247018400E-02, .000000000000000, -2.380295247018400, .000000000000000, 
 350.0000000000000, -.2321522524869798E-02, .000000000000000, -2.321522524869798, .000000000000000, 
 350.0000000000000, -.2262749802721196E-02, .000000000000000, -2.262749802721196, .000000000000000, 
 350.0000000000000, -.2203977080572593E-02, .000000000000000, -2.203977080572593, .000000000000000, 
 350.0000000000000, -.2145204358423991E-02, .000000000000000, -2.145204358423991, .000000000000000, 
 350.0000000000000, -.2086431636275388E-02, .000000000000000, -2.086431636275388, .000000000000000, 
 350.0000000000000, -.2027658914126785E-02, .000000000000000, -2.027658914126786, .000000000000000, 
 350.0000000000000, -.1968886191978183E-02, .000000000000000, -1.968886191978183, .000000000000000, 
 350.0000000000000, -.1910113469829580E-02, .000000000000000, -1.910113469829580, .000000000000000, 
 350.0000000000000, -.1851340747680978E-02, .000000000000000, -1.851340747680978, .000000000000000, 
 350.0000000000000, -.1792568025532375E-02, .000000000000000, -1.792568025532375, .000000000000000, 
 350.0000000000000, -.1733795303383773E-02, .000000000000000, -1.733795303383773, .000000000000000, 
 350.0000000000000, -.1675022581235171E-02, .000000000000000, -1.675022581235171, .000000000000000, 
 350.0000000000000, -.1616249859086569E-02, .000000000000000, -1.616249859086569, .000000000000000, 
 350.0000000000000, -.1557477136937966E-02, .000000000000000, -1.557477136937966, .000000000000000, 
 350.0000000000000, -.1498704414789363E-02, .000000000000000, -1.498704414789364, .000000000000000, 
 350.0000000000000, -.1439931692640761E-02, .000000000000000, -1.439931692640761, .000000000000000, 
 350.0000000000000, -.1381158970492158E-02, .000000000000000, -1.381158970492158, .000000000000000, 
 350.0000000000000, -.1322386248343556E-02, .000000000000000, -1.322386248343556, .000000000000000, 
 350.0000000000000, -.1263613526194953E-02, .000000000000000, -1.263613526194953, .000000000000000, 
 350.0000000000000, -.1204840804046351E-02, .000000000000000, -1.204840804046351, .000000000000000, 
 350.0000000000000, -.1146068081897748E-02, .000000000000000, -1.146068081897748, .000000000000000, 
 350.0000000000000, -.1087295359749146E-02, .000000000000000, -1.087295359749146, .000000000000000, 
 350.0000000000000, -.1028522637600543E-02, .000000000000000, -1.028522637600543, .000000000000000, 
 350.0000000000000, -.9697499154519406E-03, .000000000000000, -.9697499154519406, .000000000000000, 
 350.0000000000000, -.9109771933033389E-03, .000000000000000, -.9109771933033389, .000000000000000, 
 350.0000000000000, -.8522044711547364E-03, .000000000000000, -.8522044711547364, .000000000000000, 
 350.0000000000000, -.7934317490061338E-03, .000000000000000, -.7934317490061339, .000000000000000, 
 350.0000000000000, -.7346590268575313E-03, .000000000000000, -.7346590268575313, .000000000000000, 
 350.0000000000000, -.6758863047089288E-03, .000000000000000, -.6758863047089287, .000000000000000, 
 350.0000000000000, -.6171135825603262E-03, .000000000000000, -.6171135825603262, .000000000000000, 
 350.0000000000000, -.5583408604117237E-03, .000000000000000, -.5583408604117237, .000000000000000, 
 350.0000000000000, -.4995681382631212E-03, .000000000000000, -.4995681382631211, .000000000000000, 
 350.0000000000000, -.4407954161145186E-03, .000000000000000, -.4407954161145186, .000000000000000, 
 350.0000000000000, -.3820226939659161E-03, .000000000000000, -.3820226939659161, .000000000000000, 
 350.0000000000000, -.3232499718173135E-03, .000000000000000, -.3232499718173135, .000000000000000, 
 350.0000000000000, -.2644772496687110E-03, .000000000000000, -.2644772496687110, .000000000000000, 
 350.0000000000000, -.2057045275201093E-03, .000000000000000, -.2057045275201093, .000000000000000, 
 350.0000000000000, -.1469318053715068E-03, .000000000000000, -.1469318053715068, .000000000000000, 
 350.0000000000000, -.8815908322290424E-04, .000000000000000, -.8815908322290425E-01, .000000000000000, 
 350.0000000000000, -.2938636107430170E-04, .000000000000000, -.2938636107430170E-01, .000000000000000, 
 350.0000000000000, .2938636107430084E-04, .2843230401829256E-02, .2938636107430084E-01, 2843.230401829256, 
 350.0000000000000, .8815908322290338E-04, .2813844452307002E-02, .8815908322290338E-01, 2813.844452307002, 
 350.0000000000000, .1469318053715059E-03, .2784458914330669E-02, .1469318053715059, 2784.458914330669, 
 350.0000000000000, .2057045275201085E-03, .2755073787905874E-02, .2057045275201085, 2755.073787905874, 
 350.0000000000000, .2644772496687110E-03, .2725689073029116E-02, .2644772496687110, 2725.689073029116, 
 350.0000000000000, .3232499718173135E-03, .2696304769702214E-02, .3232499718173135, 2696.304769702214, 
 350.0000000000000, .3820226939659161E-03, .2666920877923156E-02, .3820226939659161, 2666.920877923156, 
 350.0000000000000, .4407954161145186E-03, .2637537397692657E-02, .4407954161145186, 2637.537397692657, 
 350.0000000000000, .4995681382631212E-03, .2608154329009636E-02, .4995681382631211, 2608.154329009637, 
 350.0000000000000, .5583408604117228E-03, .2578771671873873E-02, .5583408604117228, 2578.771671873872, 
 350.0000000000000, .6171135825603254E-03, .2549389426284180E-02, .6171135825603253, 2549.389426284180, 
 350.0000000000000, .6758863047089279E-03, .2520007592240624E-02, .6758863047089279, 2520.007592240624, 
 350.0000000000000, .7346590268575304E-03, .2490626169741451E-02, .7346590268575305, 2490.626169741452, 
 350.0000000000000, .7934317490061330E-03, .2461245158786386E-02, .7934317490061330, 2461.245158786386, 
 350.0000000000000, .8522044711547355E-03, .2431864559373854E-02, .8522044711547355, 2431.864559373854, 
 350.0000000000000, .9109771933033381E-03, .2402484371503644E-02, .9109771933033380, 2402.484371503644, 
 350.0000000000000, .9697499154519406E-03, .2373104595173746E-02, .9697499154519406, 2373.104595173746, 
 350.0000000000000, .1028522637600543E-02, .2343725230383926E-02, 1.028522637600543, 2343.725230383926, 
 350.0000000000000, .1087295359749146E-02, .2314346277132170E-02, 1.087295359749146, 2314.346277132170, 
 350.0000000000000, .1146068081897748E-02, .2284967735417263E-02, 1.146068081897748, 2284.967735417263, 
 350.0000000000000, .1204840804046351E-02, .2255589605238061E-02, 1.204840804046351, 2255.589605238061, 
 350.0000000000000, .1263613526194953E-02, .2226211886593040E-02, 1.263613526194953, 2226.211886593040, 
 350.0000000000000, .1322386248343555E-02, .2196834579480637E-02, 1.322386248343555, 2196.834579480636, 
 350.0000000000000, .1381158970492158E-02, .2167457683898861E-02, 1.381158970492157, 2167.457683898861, 
 350.0000000000000, .1439931692640760E-02, .2138081199846502E-02, 1.439931692640760, 2138.081199846502, 
 350.0000000000000, .1498704414789363E-02, .2108705127321306E-02, 1.498704414789363, 2108.705127321306, 
 350.0000000000000, .1557477136937965E-02, .2079329466321607E-02, 1.557477136937965, 2079.329466321607, 
 350.0000000000000, .1616249859086568E-02, .2049954216845490E-02, 1.616249859086568, 2049.954216845490, 
 350.0000000000000, .1675022581235170E-02, .2020579378891203E-02, 1.675022581235170, 2020.579378891203, 
 350.0000000000000, .1733795303383773E-02, .1991204952456080E-02, 1.733795303383773, 1991.204952456080, 
 350.0000000000000, .1792568025532375E-02, .1961830937538522E-02, 1.792568025532375, 1961.830937538522, 
 350.0000000000000, .1851340747680978E-02, .1932457334136069E-02, 1.851340747680978, 1932.457334136069, 
 350.0000000000000, .1910113469829580E-02, .1903084142246422E-02, 1.910113469829580, 1903.084142246422, 
 350.0000000000000, .1968886191978182E-02, .1873711361867338E-02, 1.968886191978182, 1873.711361867338, 
 350.0000000000000, .2027658914126785E-02, .1844338992995913E-02, 2.027658914126786, 1844.338992995913, 
 350.0000000000000, .2086431636275387E-02, .1814967035630087E-02, 2.086431636275387, 1814.967035630087, 
 350.0000000000000, .2145204358423991E-02, .1785595489767156E-02, 2.145204358423991, 1785.595489767156, 
 350.0000000000000, .2203977080572592E-02, .1756224355404347E-02, 2.203977080572592, 1756.224355404347, 
 350.0000000000000, .2262749802721196E-02, .1726853632538849E-02, 2.262749802721196, 1726.853632538849, 
 350.0000000000000, .2321522524869797E-02, .1697483321168116E-02, 2.321522524869797, 1697.483321168116, 
 350.0000000000000, .2380295247018401E-02, .1668113421288929E-02, 2.380295247018401, 1668.113421288929, 
 350.0000000000000, .2439067969167002E-02, .1638743932898505E-02, 2.439067969167002, 1638.743932898505, 
 350.0000000000000, .2497840691315604E-02, .1609374855993713E-02, 2.497840691315604, 1609.374855993713, 
 350.0000000000000, .2556613413464207E-02, .1580006190571477E-02, 2.556613413464207, 1580.006190571477, 
 350.0000000000000, .2615386135612809E-02, .1550637936628652E-02, 2.615386135612809, 1550.637936628652, 
 350.0000000000000, .2674158857761413E-02, .1521270094161806E-02, 2.674158857761412, 1521.270094161806, 
 350.0000000000000, .2732931579910014E-02, .1491902663167735E-02, 2.732931579910014, 1491.902663167735, 
 350.0000000000000, .2791704302058618E-02, .1462535643642986E-02, 2.791704302058617, 1462.535643642986, 
 350.0000000000000, .2850477024207219E-02, .1433169035583929E-02, 2.850477024207219, 1433.169035583929, 
 350.0000000000000, .2909249746355823E-02, .1403802838987224E-02, 2.909249746355822, 1403.802838987224, 
 350.0000000000000, .2968022468504424E-02, .1374437053849356E-02, 2.968022468504425, 1374.437053849356, 
 350.0000000000000, .3026795190653028E-02, .1345071680166001E-02, 3.026795190653028, 1345.071680166001, 
 350.0000000000000, .3085567912801629E-02, .1315706717934009E-02, 3.085567912801630, 1315.706717934009, 
 350.0000000000000, .3144340634950233E-02, .1286342167148914E-02, 3.144340634950233, 1286.342167148914, 
 350.0000000000000, .3203113357098834E-02, .1256978027807441E-02, 3.203113357098835, 1256.978027807441, 
 350.0000000000000, .3261886079247436E-02, .1227614299905044E-02, 3.261886079247436, 1227.614299905044, 
 350.0000000000000, .3320658801396040E-02, .1198250983437969E-02, 3.320658801396040, 1198.250983437968, 
 350.0000000000000, .3379431523544641E-02, .1168888078401795E-02, 3.379431523544641, 1168.888078401795, 
 350.0000000000000, .3438204245693245E-02, .1139525584792534E-02, 3.438204245693245, 1139.525584792534, 
 350.0000000000000, .3496976967841846E-02, .1110163502605653E-02, 3.496976967841846, 1110.163502605653, 
 350.0000000000000, .3555749689990450E-02, .1080801831837079E-02, 3.555749689990450, 1080.801831837079, 
 350.0000000000000, .3614522412139051E-02, .1051440572481994E-02, 3.614522412139051, 1051.440572481994, 
 350.0000000000000, .3673295134287655E-02, .1022079724535926E-02, 3.673295134287655, 1022.079724535926, 
 350.0000000000000, .3732067856436256E-02, .9927192879945201E-03, 3.732067856436256, 992.7192879945202, 
 350.0000000000000, .3790840578584860E-02, .9633592628528961E-03, 3.790840578584860, 963.3592628528961, 
 350.0000000000000, .3849613300733462E-02, .9339996491063957E-03, 3.849613300733461, 933.9996491063957, 
 350.0000000000000, .3908386022882065E-02, .9046404467500634E-03, 3.908386022882065, 904.6404467500635, 
 350.0000000000000, .3967158745030667E-02, .8752816557791588E-03, 3.967158745030666, 875.2816557791589, 
 350.0000000000000, .4025931467179268E-02, .8459232761885068E-03, 4.025931467179269, 845.9232761885067, 
 350.0000000000000, .4084704189327872E-02, .8165653079731529E-03, 4.084704189327872, 816.5653079731529, 
 350.0000000000000, .4143476911476473E-02, .7872077511281213E-03, 4.143476911476474, 787.2077511281213, 
 350.0000000000000, .4202249633625077E-02, .7578506056481016E-03, 4.202249633625077, 757.8506056481016, 
 350.0000000000000, .4261022355773678E-02, .7284938715277620E-03, 4.261022355773679, 728.4938715277621, 
 350.0000000000000, .4319795077922282E-02, .6991375487617529E-03, 4.319795077922282, 699.1375487617529, 
 350.0000000000000, .4378567800070884E-02, .6697816373447740E-03, 4.378567800070884, 669.7816373447740, 
 350.0000000000000, .4437340522219487E-02, .6404261372712173E-03, 4.437340522219487, 640.4261372712173, 
 350.0000000000000, .4496113244368089E-02, .6110710485353620E-03, 4.496113244368089, 611.0710485353619, 
 350.0000000000000, .4554885966516692E-02, .5817163711321141E-03, 4.554885966516692, 581.7163711321141, 
 350.0000000000000, .4613658688665294E-02, .5523621050552722E-03, 4.613658688665294, 552.3621050552722, 
 350.0000000000000, .4672431410813897E-02, .5230082502990790E-03, 4.672431410813897, 523.0082502990790, 
 350.0000000000000, .4731204132962499E-02, .4936548068580202E-03, 4.731204132962499, 493.6548068580202, 
 350.0000000000000, .4789976855111100E-02, .4643017747257709E-03, 4.789976855111100, 464.3017747257709, 
 350.0000000000000, .4848749577259704E-02, .4349491538964586E-03, 4.848749577259704, 434.9491538964587, 
 350.0000000000000, .4907522299408306E-02, .4055969443639605E-03, 4.907522299408305, 405.5969443639605, 
 350.0000000000000, .4966295021556909E-02, .3762451461222530E-03, 4.966295021556909, 376.2451461222529, 
 350.0000000000000, .5025067743705511E-02, .3468937591649176E-03, 5.025067743705510, 346.8937591649176, 
 350.0000000000000, .5083840465854114E-02, .3175427834858255E-03, 5.083840465854114, 317.5427834858255, 
 350.0000000000000, .5142613188002716E-02, .2881922190783908E-03, 5.142613188002715, 288.1922190783908, 
 350.0000000000000, .5201385910151319E-02, .2588420659365338E-03, 5.201385910151319, 258.8420659365338, 
 350.0000000000000, .5260158632299921E-02, .2294923240533829E-03, 5.260158632299921, 229.4923240533829, 
 350.0000000000000, .5318931354448524E-02, .2001429934222769E-03, 5.318931354448524, 200.1429934222769, 
 350.0000000000000, .5377704076597126E-02, .1707940740368117E-03, 5.377704076597126, 170.7940740368117, 
 350.0000000000000, .5436476798745728E-02, .1414455658901801E-03, 5.436476798745727, 141.4455658901801, 
 350.0000000000000, .5495249520894331E-02, .1120974689756471E-03, 5.495249520894331, 112.0974689756471, 
 350.0000000000000, .5554022243042933E-02, .8274978328587594E-04, 5.554022243042932, 82.74978328587595, 
 350.0000000000000, .5612794965191536E-02, .5340250881429875E-04, 5.612794965191536, 53.40250881429876, 
 350.0000000000000, .5671567687340138E-02, .2405564555378547E-04, 5.671567687340137, 24.05564555378547, 
 350.0000000000000, .5730340409488741E-02, .000000000000000, 5.730340409488741, .000000000000000, 
 350.0000000000000, .5789113131637343E-02, .000000000000000, 5.789113131637343, .000000000000000, 
 350.0000000000000, .5847885853785946E-02, .000000000000000, 5.847885853785947, .000000000000000, 
 400.0000000000000, -.5847885853785946E-02, .000000000000000, -5.847885853785947, .000000000000000, 
 400.0000000000000, -.5789113131637344E-02, .000000000000000, -5.789113131637343, .000000000000000, 
 400.0000000000000, -.5730340409488741E-02, .000000000000000, -5.730340409488741, .000000000000000, 
 400.0000000000000, -.5671567687340139E-02, .000000000000000, -5.671567687340138, .000000000000000, 
 400.0000000000000, -.5612794965191536E-02, .000000000000000, -5.612794965191536, .000000000000000, 
 400.0000000000000, -.5554022243042933E-02, .000000000000000, -5.554022243042933, .000000000000000, 
 400.0000000000000, -.5495249520894332E-02, .000000000000000, -5.495249520894331, .000000000000000, 
 400.0000000000000, -.5436476798745729E-02, .000000000000000, -5.436476798745729, .000000000000000, 
 400.0000000000000, -.5377704076597127E-02, .000000000000000, -5.377704076597126, .000000000000000, 
 400.0000000000000, -.5318931354448524E-02, .000000000000000, -5.318931354448524, .000000000000000, 
 400.0000000000000, -.5260158632299922E-02, .000000000000000, -5.260158632299921, .000000000000000, 
 400.0000000000000, -.5201385910151319E-02, .000000000000000, -5.201385910151319, .000000000000000, 
 400.0000000000000, -.5142613188002717E-02, .000000000000000, -5.142613188002716, .000000000000000, 
 400.0000000000000, -.5083840465854114E-02, .000000000000000, -5.083840465854114, .000000000000000, 
 400.0000000000000, -.5025067743705511E-02, .000000000000000, -5.025067743705511, .000000000000000, 
 400.0000000000000, -.4966295021556909E-02, .000000000000000, -4.966295021556909, .000000000000000, 
 400.0000000000000, -.4907522299408306E-02, .000000000000000, -4.907522299408306, .000000000000000, 
 400.0000000000000, -.4848749577259704E-02, .000000000000000, -4.848749577259704, .000000000000000, 
 400.0000000000000, -.4789976855111101E-02, .000000000000000, -4.789976855111101, .000000000000000, 
 400.0000000000000, -.4731204132962500E-02, .000000000000000, -4.731204132962500, .000000000000000, 
 400.0000000000000, -.4672431410813896E-02, .000000000000000, -4.672431410813896, .000000000000000, 
 400.0000000000000, -.4613658688665295E-02, .000000000000000, -4.613658688665295, .000000000000000, 
 400.0000000000000, -.4554885966516692E-02, .000000000000000, -4.554885966516692, .000000000000000, 
 400.0000000000000, -.4496113244368089E-02, .000000000000000, -4.496113244368090, .000000000000000, 
 400.0000000000000, -.4437340522219487E-02, .000000000000000, -4.437340522219487, .000000000000000, 
 400.0000000000000, -.4378567800070884E-02, .000000000000000, -4.378567800070885, .000000000000000, 
 400.0000000000000, -.4319795077922282E-02, .000000000000000, -4.319795077922282, .000000000000000, 
 400.0000000000000, -.4261022355773679E-02, .000000000000000, -4.261022355773679, .000000000000000, 
 400.0000000000000, -.4202249633625077E-02, .000000000000000, -4.202249633625077, .000000000000000, 
 400.0000000000000, -.4143476911476474E-02, .000000000000000, -4.143476911476474, .000000000000000, 
 400.0000000000000, -.4084704189327872E-02, .000000000000000, -4.084704189327872, .000000000000000, 
 400.0000000000000, -.4025931467179269E-02, .000000000000000, -4.025931467179269, .000000000000000, 
 400.0000000000000, -.3967158745030668E-02, .000000000000000, -3.967158745030667, .000000000000000, 
 400.0000000000000, -.3908386022882064E-02, .000000000000000, -3.908386022882064, .000000000000000, 
 400.0000000000000, -.3849613300733462E-02, .000000000000000, -3.849613300733462, .000000000000000, 
 400.0000000000000, -.3790840578584859E-02, .000000000000000, -3.790840578584859, .000000000000000, 
 400.0000000000000, -.3732067856436257E-02, .000000000000000, -3.732067856436257, .000000000000000, 
 400.0000000000000, -.3673295134287655E-02, .000000000000000, -3.673295134287655, .000000000000000, 
 400.0000000000000, -.3614522412139052E-02, .000000000000000, -3.614522412139052, .000000000000000, 
 400.0000000000000, -.3555749689990450E-02, .000000000000000, -3.555749689990450, .000000000000000, 
 400.0000000000000, -.3496976967841847E-02, .000000000000000, -3.496976967841847, .000000000000000, 
 400.0000000000000, -.3438204245693245E-02, .000000000000000, -3.438204245693245, .000000000000000, 
 400.0000000000000, -.3379431523544643E-02, .000000000000000, -3.379431523544643, .000000000000000, 
 400.0000000000000, -.3320658801396040E-02, .000000000000000, -3.320658801396040, .000000000000000, 
 400.0000000000000, -.3261886079247437E-02, .000000000000000, -3.261886079247438, .000000000000000, 
 400.0000000000000, -.3203113357098835E-02, .000000000000000, -3.203113357098835, .000000000000000, 
 400.0000000000000, -.3144340634950232E-02, .000000000000000, -3.144340634950233, .000000000000000, 
 400.0000000000000, -.3085567912801630E-02, .000000000000000, -3.085567912801630, .000000000000000, 
 400.0000000000000, -.3026795190653028E-02, .000000000000000, -3.026795190653028, .000000000000000, 
 400.0000000000000, -.2968022468504425E-02, .000000000000000, -2.968022468504425, .000000000000000, 
 400.0000000000000, -.2909249746355823E-02, .000000000000000, -2.909249746355822, .000000000000000, 
 400.0000000000000, -.2850477024207220E-02, .000000000000000, -2.850477024207220, .000000000000000, 
 400.0000000000000, -.2791704302058618E-02, .000000000000000, -2.791704302058617, .000000000000000, 
 400.0000000000000, -.2732931579910015E-02, .000000000000000, -2.732931579910015, .000000000000000, 
 400.0000000000000, -.2674158857761413E-02, .000000000000000, -2.674158857761412, .000000000000000, 
 400.0000000000000, -.2615386135612810E-02, .000000000000000, -2.615386135612810, .000000000000000, 
 400.0000000000000, -.2556613413464208E-02, .000000000000000, -2.556613413464208, .000000000000000, 
 400.0000000000000, -.2497840691315605E-02, .000000000000000, -2.497840691315605, .000000000000000, 
 400.0000000000000, -.2439067969167003E-02, .000000000000000, -2.439067969167003, .000000000000000, 
 400.0000000000000, -.2380295247018400E-02, .000000000000000, -2.380295247018400, .000000000000000, 
 400.0000000000000, -.2321522524869798E-02, .000000000000000, -2.321522524869798, .000000000000000, 
 400.0000000000000, -.2262749802721196E-02, .000000000000000, -2.262749802721196, .000000000000000, 
 400.0000000000000, -.2203977080572593E-02, .000000000000000, -2.203977080572593, .000000000000000, 
 400.0000000000000, -.2145204358423991E-02, .000000000000000, -2.145204358423991, .000000000000000, 
 400.0000000000000, -.2086431636275388E-02, .000000000000000, -2.086431636275388, .000000000000000, 
 400.0000000000000, -.2027658914126785E-02, .000000000000000, -2.027658914126786, .000000000000000, 
 400.0000000000000, -.1968886191978183E-02, .000000000000000, -1.968886191978183, .000000000000000, 
 400.0000000000000, -.1910113469829580E-02, .000000000000000, -1.910113469829580, .000000000000000, 
 400.0000000000000, -.1851340747680978E-02, .000000000000000, -1.851340747680978, .000000000000000, 
 400.0000000000000, -.1792568025532375E-02, .000000000000000, -1.792568025532375, .000000000000000, 
 400.0000000000000, -.1733795303383773E-02, .000000000000000, -1.733795303383773, .000000000000000, 
 400.0000000000000, -.1675022581235171E-02, .000000000000000, -1.675022581235171, .000000000000000, 
 400.0000000000000, -.1616249859086569E-02, .000000000000000, -1.616249859086569, .000000000000000, 
 400.0000000000000, -.1557477136937966E-02, .000000000000000, -1.557477136937966, .000000000000000, 
 400.0000000000000, -.1498704414789363E-02, .000000000000000, -1.498704414789364, .000000000000000, 
 400.0000000000000, -.1439931692640761E-02, .000000000000000, -1.439931692640761, .000000000000000, 
 400.0000000000000, -.1381158970492158E-02, .000000000000000, -1.381158970492158, .000000000000000, 
 400.0000000000000, -.1322386248343556E-02, .000000000000000, -1.322386248343556, .000000000000000, 
 400.0000000000000, -.1263613526194953E-02, .000000000000000, -1.263613526194953, .000000000000000, 
 400.0000000000000, -.1204840804046351E-02, .000000000000000, -1.204840804046351, .000000000000000, 
 400.0000000000000, -.1146068081897748E-02, .000000000000000, -1.146068081897748, .000000000000000, 
 400.0000000000000, -.1087295359749146E-02, .000000000000000, -1.087295359749146, .000000000000000, 
 400.0000000000000, -.1028522637600543E-02, .000000000000000, -1.028522637600543, .000000000000000, 
 400.0000000000000, -.9697499154519406E-03, .000000000000000, -.9697499154519406, .000000000000000, 
 400.0000000000000, -.9109771933033389E-03, .000000000000000, -.9109771933033389, .000000000000000, 
 400.0000000000000, -.8522044711547364E-03, .000000000000000, -.8522044711547364, .000000000000000, 
 400.0000000000000, -.7934317490061338E-03, .000000000000000, -.7934317490061339, .000000000000000, 
 400.0000000000000, -.7346590268575313E-03, .000000000000000, -.7346590268575313, .000000000000000, 
 400.0000000000000, -.6758863047089288E-03, .000000000000000, -.6758863047089287, .000000000000000, 
 400.0000000000000, -.6171135825603262E-03, .000000000000000, -.6171135825603262, .000000000000000, 
 400.0000000000000, -.5583408604117237E-03, .000000000000000, -.5583408604117237, .000000000000000, 
 400.0000000000000, -.4995681382631212E-03, .000000000000000, -.4995681382631211, .000000000000000, 
 400.0000000000000, -.4407954161145186E-03, .000000000000000, -.4407954161145186, .000000000000000, 
 400.0000000000000, -.3820226939659161E-03, .000000000000000, -.3820226939659161, .000000000000000, 
 400.0000000000000, -.3232499718173135E-03, .000000000000000, -.3232499718173135, .000000000000000, 
 400.0000000000000, -.2644772496687110E-03, .000000000000000, -.2644772496687110, .000000000000000, 
 400.0000000000000, -.2057045275201093E-03, .000000000000000, -.2057045275201093, .000000000000000, 
 400.0000000000000, -.1469318053715068E-03, .000000000000000, -.1469318053715068, .000000000000000, 
 400.0000000000000, -.8815908322290424E-04, .000000000000000, -.8815908322290425E-01, .000000000000000, 
 400.0000000000000, -.2938636107430170E-04, .000000000000000, -.2938636107430170E-01, .000000000000000, 
 400.0000000000000, .2938636107430084E-04, .3477738282991056E-02, .2938636107430084E-01, 3477.738282991056, 
 400.0000000000000, .8815908322290338E-04, .3448352336455834E-02, .8815908322290338E-01, 3448.352336455834, 
 400.0000000000000, .1469318053715059E-03, .3418966804450857E-02, .1469318053715059, 3418.966804450857, 
 400.0000000000000, .2057045275201085E-03, .3389581686985290E-02, .2057045275201085, 3389.581686985290, 
 400.0000000000000, .2644772496687110E-03, .3360196984055179E-02, .2644772496687110, 3360.196984055179, 
 400.0000000000000, .3232499718173135E-03, .3330812695661676E-02, .3232499718173135, 3330.812695661676, 
 400.0000000000000, .3820226939659161E-03, .3301428821804051E-02, .3820226939659161, 3301.428821804051, 
 400.0000000000000, .4407954161145186E-03, .3272045362482253E-02, .4407954161145186, 3272.045362482253, 
 400.0000000000000, .4995681382631212E-03, .3242662317696183E-02, .4995681382631211, 3242.662317696183, 
 400.0000000000000, .5583408604117228E-03, .3213279687445416E-02, .5583408604117228, 3213.279687445417, 
 400.0000000000000, .6171135825603254E-03, .3183897471731009E-02, .6171135825603253, 3183.897471731008, 
 400.0000000000000, .6758863047089279E-03, .3154515670551791E-02, .6758863047089279, 3154.515670551791, 
 400.0000000000000, .7346590268575304E-03, .3125134283908080E-02, .7346590268575305, 3125.134283908080, 
 400.0000000000000, .7934317490061330E-03, .3095753311799238E-02, .7934317490061330, 3095.753311799238, 
 400.0000000000000, .8522044711547355E-03, .3066372754225720E-02, .8522044711547355, 3066.372754225720, 
 400.0000000000000, .9109771933033381E-03, .3036992611187008E-02, .9109771933033380, 3036.992611187008, 
 400.0000000000000, .9697499154519406E-03, .3007612882682809E-02, .9697499154519406, 3007.612882682809, 
 400.0000000000000, .1028522637600543E-02, .2978233568713239E-02, 1.028522637600543, 2978.233568713239, 
 400.0000000000000, .1087295359749146E-02, .2948854669277677E-02, 1.087295359749146, 2948.854669277677, 
 400.0000000000000, .1146068081897748E-02, .2919476184376379E-02, 1.146068081897748, 2919.476184376379, 
 400.0000000000000, .1204840804046351E-02, .2890098114008577E-02, 1.204840804046351, 2890.098114008577, 
 400.0000000000000, .1263613526194953E-02, .2860720458174372E-02, 1.263613526194953, 2860.720458174372, 
 400.0000000000000, .1322386248343555E-02, .2831343216873608E-02, 1.322386248343555, 2831.343216873608, 
 400.0000000000000, .1381158970492158E-02, .2801966390105659E-02, 1.381158970492157, 2801.966390105660, 
 400.0000000000000, .1439931692640760E-02, .2772589977870556E-02, 1.439931692640760, 2772.589977870557, 
 400.0000000000000, .1498704414789363E-02, .2743213980167833E-02, 1.498704414789363, 2743.213980167833, 
 400.0000000000000, .1557477136937965E-02, .2713838396997138E-02, 1.557477136937965, 2713.838396997138, 
 400.0000000000000, .1616249859086568E-02, .2684463228357902E-02, 1.616249859086568, 2684.463228357902, 
 400.0000000000000, .1675022581235170E-02, .2655088474250499E-02, 1.675022581235170, 2655.088474250499, 
 400.0000000000000, .1733795303383773E-02, .2625714134673956E-02, 1.733795303383773, 2625.714134673956, 
 400.0000000000000, .1792568025532375E-02, .2596340209628019E-02, 1.792568025532375, 2596.340209628019, 
 400.0000000000000, .1851340747680978E-02, .2566966699112403E-02, 1.851340747680978, 2566.966699112403, 
 400.0000000000000, .1910113469829580E-02, .2537593603127005E-02, 1.910113469829580, 2537.593603127005, 
 400.0000000000000, .1968886191978182E-02, .2508220921670822E-02, 1.968886191978182, 2508.220921670822, 
 400.0000000000000, .2027658914126785E-02, .2478848654743791E-02, 2.027658914126786, 2478.848654743791, 
 400.0000000000000, .2086431636275387E-02, .2449476802345489E-02, 2.086431636275387, 2449.476802345489, 
 400.0000000000000, .2145204358423991E-02, .2420105364475590E-02, 2.145204358423991, 2420.105364475589, 
 400.0000000000000, .2203977080572592E-02, .2390734341133390E-02, 2.203977080572592, 2390.734341133390, 
 400.0000000000000, .2262749802721196E-02, .2361363732318224E-02, 2.262749802721196, 2361.363732318224, 
 400.0000000000000, .2321522524869797E-02, .2331993538030023E-02, 2.321522524869797, 2331.993538030023, 
 400.0000000000000, .2380295247018401E-02, .2302623758268289E-02, 2.380295247018401, 2302.623758268289, 
 400.0000000000000, .2439067969167002E-02, .2273254393032376E-02, 2.439067969167002, 2273.254393032376, 
 400.0000000000000, .2497840691315604E-02, .2243885442321828E-02, 2.497840691315604, 2243.885442321828, 
 400.0000000000000, .2556613413464207E-02, .2214516906135846E-02, 2.556613413464207, 2214.516906135846, 
 400.0000000000000, .2615386135612809E-02, .2185148784474197E-02, 2.615386135612809, 2185.148784474197, 
 400.0000000000000, .2674158857761413E-02, .2155781077336379E-02, 2.674158857761412, 2155.781077336379, 
 400.0000000000000, .2732931579910014E-02, .2126413784721775E-02, 2.732931579910014, 2126.413784721775, 
 400.0000000000000, .2791704302058618E-02, .2097046906629587E-02, 2.791704302058617, 2097.046906629587, 
 400.0000000000000, .2850477024207219E-02, .2067680443059394E-02, 2.850477024207219, 2067.680443059393, 
 400.0000000000000, .2909249746355823E-02, .2038314394010489E-02, 2.909249746355822, 2038.314394010489, 
 400.0000000000000, .2968022468504424E-02, .2008948759482485E-02, 2.968022468504425, 2008.948759482485, 
 400.0000000000000, .3026795190653028E-02, .1979583539474486E-02, 3.026795190653028, 1979.583539474486, 
 400.0000000000000, .3085567912801629E-02, .1950218733985933E-02, 3.085567912801630, 1950.218733985933, 
 400.0000000000000, .3144340634950233E-02, .1920854343016320E-02, 3.144340634950233, 1920.854343016320, 
 400.0000000000000, .3203113357098834E-02, .1891490366564795E-02, 3.203113357098835, 1891.490366564796, 
 400.0000000000000, .3261886079247436E-02, .1862126804630936E-02, 3.261886079247436, 1862.126804630936, 
 400.0000000000000, .3320658801396040E-02, .1832763657213681E-02, 3.320658801396040, 1832.763657213681, 
 400.0000000000000, .3379431523544641E-02, .1803400924312677E-02, 3.379431523544641, 1803.400924312677, 
 400.0000000000000, .3438204245693245E-02, .1774038605927004E-02, 3.438204245693245, 1774.038605927004, 
 400.0000000000000, .3496976967841846E-02, .1744676702055844E-02, 3.496976967841846, 1744.676702055844, 
 400.0000000000000, .3555749689990450E-02, .1715315212698752E-02, 3.555749689990450, 1715.315212698752, 
 400.0000000000000, .3614522412139051E-02, .1685954137854724E-02, 3.614522412139051, 1685.954137854724, 
 400.0000000000000, .3673295134287655E-02, .1656593477523218E-02, 3.673295134287655, 1656.593477523218, 
 400.0000000000000, .3732067856436256E-02, .1627233231703095E-02, 3.732067856436256, 1627.233231703095, 
 400.0000000000000, .3790840578584860E-02, .1597873400394089E-02, 3.790840578584860, 1597.873400394089, 
 400.0000000000000, .3849613300733462E-02, .1568513983594852E-02, 3.849613300733461, 1568.513983594852, 
 400.0000000000000, .3908386022882065E-02, .1539154981304996E-02, 3.908386022882065, 1539.154981304996, 
 400.0000000000000, .3967158745030667E-02, .1509796393523437E-02, 3.967158745030666, 1509.796393523437, 
 400.0000000000000, .4025931467179268E-02, .1480438220249493E-02, 4.025931467179269, 1480.438220249493, 
 400.0000000000000, .4084704189327872E-02, .1451080461482147E-02, 4.084704189327872, 1451.080461482147, 
 400.0000000000000, .4143476911476473E-02, .1421723117220739E-02, 4.143476911476474, 1421.723117220739, 
 400.0000000000000, .4202249633625077E-02, .1392366187464225E-02, 4.202249633625077, 1392.366187464225, 
 400.0000000000000, .4261022355773678E-02, .1363009672211823E-02, 4.261022355773679, 1363.009672211823, 
 400.0000000000000, .4319795077922282E-02, .1333653571462632E-02, 4.319795077922282, 1333.653571462632, 
 400.0000000000000, .4378567800070884E-02, .1304297885215662E-02, 4.378567800070884, 1304.297885215662, 
 400.0000000000000, .4437340522219487E-02, .1274942613469961E-02, 4.437340522219487, 1274.942613469961, 
 400.0000000000000, .4496113244368089E-02, .1245587756224599E-02, 4.496113244368089, 1245.587756224599, 
 400.0000000000000, .4554885966516692E-02, .1216233313478757E-02, 4.554885966516692, 1216.233313478758, 
 400.0000000000000, .4613658688665294E-02, .1186879285231470E-02, 4.613658688665294, 1186.879285231470, 
 400.0000000000000, .4672431410813897E-02, .1157525671481631E-02, 4.672431410813897, 1157.525671481631, 
 400.0000000000000, .4731204132962499E-02, .1128172472228214E-02, 4.731204132962499, 1128.172472228214, 
 400.0000000000000, .4789976855111100E-02, .1098819687470475E-02, 4.789976855111100, 1098.819687470475, 
 400.0000000000000, .4848749577259704E-02, .1069467317207203E-02, 4.848749577259704, 1069.467317207203, 
 400.0000000000000, .4907522299408306E-02, .1040115361437512E-02, 4.907522299408305, 1040.115361437512, 
 400.0000000000000, .4966295021556909E-02, .1010763820160207E-02, 4.966295021556909, 1010.763820160207, 
 400.0000000000000, .5025067743705511E-02, .9814126933741717E-03, 5.025067743705510, 981.4126933741718, 
 400.0000000000000, .5083840465854114E-02, .9520619810785338E-03, 5.083840465854114, 952.0619810785338, 
 400.0000000000000, .5142613188002716E-02, .9227116832721675E-03, 5.142613188002715, 922.7116832721674, 
 400.0000000000000, .5201385910151319E-02, .8933617999542365E-03, 5.201385910151319, 893.3617999542365, 
 400.0000000000000, .5260158632299921E-02, .8640123311231489E-03, 5.260158632299921, 864.0123311231489, 
 400.0000000000000, .5318931354448524E-02, .8346632767781220E-03, 5.318931354448524, 834.6632767781221, 
 400.0000000000000, .5377704076597126E-02, .8053146369180640E-03, 5.377704076597126, 805.3146369180640, 
 400.0000000000000, .5436476798745728E-02, .7759664115416751E-03, 5.436476798745727, 775.9664115416751, 
 400.0000000000000, .5495249520894331E-02, .7466186006478994E-03, 5.495249520894331, 746.6186006478994, 
 400.0000000000000, .5554022243042933E-02, .7172712042354766E-03, 5.554022243042932, 717.2712042354766, 
 400.0000000000000, .5612794965191536E-02, .6879242223032147E-03, 5.612794965191536, 687.9242223032147, 
 400.0000000000000, .5671567687340138E-02, .6585776548502798E-03, 5.671567687340137, 658.5776548502798, 
 400.0000000000000, .5730340409488741E-02, .6292315018750942E-03, 5.730340409488741, 629.2315018750942, 
 400.0000000000000, .5789113131637343E-02, .5998857633766366E-03, 5.789113131637343, 599.8857633766366, 
 400.0000000000000, .5847885853785946E-02, .5705404393537577E-03, 5.847885853785947, 570.5404393537577, 
 450.0000000000000, -.5847885853785946E-02, .000000000000000, -5.847885853785947, .000000000000000, 
 450.0000000000000, -.5789113131637344E-02, .000000000000000, -5.789113131637343, .000000000000000, 
 450.0000000000000, -.5730340409488741E-02, .000000000000000, -5.730340409488741, .000000000000000, 
 450.0000000000000, -.5671567687340139E-02, .000000000000000, -5.671567687340138, .000000000000000, 
 450.0000000000000, -.5612794965191536E-02, .000000000000000, -5.612794965191536, .000000000000000, 
 450.0000000000000, -.5554022243042933E-02, .000000000000000, -5.554022243042933, .000000000000000, 
 450.0000000000000, -.5495249520894332E-02, .000000000000000, -5.495249520894331, .000000000000000, 
 450.0000000000000, -.5436476798745729E-02, .000000000000000, -5.436476798745729, .000000000000000, 
 450.0000000000000, -.5377704076597127E-02, .000000000000000, -5.377704076597126, .000000000000000, 
 450.0000000000000, -.5318931354448524E-02, .000000000000000, -5.318931354448524, .000000000000000, 
 450.0000000000000, -.5260158632299922E-02, .000000000000000, -5.260158632299921, .000000000000000, 
 450.0000000000000, -.5201385910151319E-02, .000000000000000, -5.201385910151319, .000000000000000, 
 450.0000000000000, -.5142613188002717E-02, .000000000000000, -5.142613188002716, .000000000000000, 
 450.0000000000000, -.5083840465854114E-02, .000000000000000, -5.083840465854114, .000000000000000, 
 450.0000000000000, -.5025067743705511E-02, .000000000000000, -5.025067743705511, .000000000000000, 
 450.0000000000000, -.4966295021556909E-02, .000000000000000, -4.966295021556909, .000000000000000, 
 450.0000000000000, -.4907522299408306E-02, .000000000000000, -4.907522299408306, .000000000000000, 
 450.0000000000000, -.4848749577259704E-02, .000000000000000, -4.848749577259704, .000000000000000, 
 450.0000000000000, -.4789976855111101E-02, .000000000000000, -4.789976855111101, .000000000000000, 
 450.0000000000000, -.4731204132962500E-02, .000000000000000, -4.731204132962500, .000000000000000, 
 450.0000000000000, -.4672431410813896E-02, .000000000000000, -4.672431410813896, .000000000000000, 
 450.0000000000000, -.4613658688665295E-02, .000000000000000, -4.613658688665295, .000000000000000, 
 450.0000000000000, -.4554885966516692E-02, .000000000000000, -4.554885966516692, .000000000000000, 
 450.0000000000000, -.4496113244368089E-02, .000000000000000, -4.496113244368090, .000000000000000, 
 450.0000000000000, -.4437340522219487E-02, .000000000000000, -4.437340522219487, .000000000000000, 
 450.0000000000000, -.4378567800070884E-02, .000000000000000, -4.378567800070885, .000000000000000, 
 450.0000000000000, -.4319795077922282E-02, .000000000000000, -4.319795077922282, .000000000000000, 
 450.0000000000000, -.4261022355773679E-02, .000000000000000, -4.261022355773679, .000000000000000, 
 450.0000000000000, -.4202249633625077E-02, .000000000000000, -4.202249633625077, .000000000000000, 
 450.0000000000000, -.4143476911476474E-02, .000000000000000, -4.143476911476474, .000000000000000, 
 450.0000000000000, -.4084704189327872E-02, .000000000000000, -4.084704189327872, .000000000000000, 
 450.0000000000000, -.4025931467179269E-02, .000000000000000, -4.025931467179269, .000000000000000, 
 450.0000000000000, -.3967158745030668E-02, .000000000000000, -3.967158745030667, .000000000000000, 
 450.0000000000000, -.3908386022882064E-02, .000000000000000, -3.908386022882064, .000000000000000, 
 450.0000000000000, -.3849613300733462E-02, .000000000000000, -3.849613300733462, .000000000000000, 
 450.0000000000000, -.3790840578584859E-02, .000000000000000, -3.790840578584859, .000000000000000, 
 450.0000000000000, -.3732067856436257E-02, .000000000000000, -3.732067856436257, .000000000000000, 
 450.0000000000000, -.3673295134287655E-02, .000000000000000, -3.673295134287655, .000000000000000, 
 450.0000000000000, -.3614522412139052E-02, .000000000000000, -3.614522412139052, .000000000000000, 
 450.0000000000000, -.3555749689990450E-02, .000000000000000, -3.555749689990450, .000000000000000, 
 450.0000000000000, -.3496976967841847E-02, .000000000000000, -3.496976967841847, .000000000000000, 
 450.0000000000000, -.3438204245693245E-02, .000000000000000, -3.438204245693245, .000000000000000, 
 450.0000000000000, -.3379431523544643E-02, .000000000000000, -3.379431523544643, .000000000000000, 
 450.0000000000000, -.3320658801396040E-02, .000000000000000, -3.320658801396040, .000000000000000, 
 450.0000000000000, -.3261886079247437E-02, .000000000000000, -3.261886079247438, .000000000000000, 
 450.0000000000000, -.3203113357098835E-02, .000000000000000, -3.203113357098835, .000000000000000, 
 450.0000000000000, -.3144340634950232E-02, .000000000000000, -3.144340634950233, .000000000000000, 
 450.0000000000000, -.3085567912801630E-02, .000000000000000, -3.085567912801630, .000000000000000, 
 450.0000000000000, -.3026795190653028E-02, .000000000000000, -3.026795190653028, .000000000000000, 
 450.0000000000000, -.2968022468504425E-02, .000000000000000, -2.968022468504425, .000000000000000, 
 450.0000000000000, -.2909249746355823E-02, .000000000000000, -2.909249746355822, .000000000000000, 
 450.0000000000000, -.2850477024207220E-02, .000000000000000, -2.850477024207220, .000000000000000, 
 450.0000000000000, -.2791704302058618E-02, .000000000000000, -2.791704302058617, .000000000000000, 
 450.0000000000000, -.2732931579910015E-02, .000000000000000, -2.732931579910015, .000000000000000, 
 450.0000000000000, -.2674158857761413E-02, .000000000000000, -2.674158857761412, .000000000000000, 
 450.0000000000000, -.2615386135612810E-02, .000000000000000, -2.615386135612810, .000000000000000, 
 450.0000000000000, -.2556613413464208E-02, .000000000000000, -2.556613413464208, .000000000000000, 
 450.0000000000000, -.2497840691315605E-02, .000000000000000, -2.497840691315605, .000000000000000, 
 450.0000000000000, -.2439067969167003E-02, .000000000000000, -2.439067969167003, .000000000000000, 
 450.0000000000000, -.2380295247018400E-02, .000000000000000, -2.380295247018400, .000000000000000, 
 450.0000000000000, -.2321522524869798E-02, .000000000000000, -2.321522524869798, .000000000000000, 
 450.0000000000000, -.2262749802721196E-02, .000000000000000, -2.262749802721196, .000000000000000, 
 450.0000000000000, -.2203977080572593E-02, .000000000000000, -2.203977080572593, .000000000000000, 
 450.0000000000000, -.2145204358423991E-02, .000000000000000, -2.145204358423991, .000000000000000, 
 450.0000000000000, -.2086431636275388E-02, .000000000000000, -2.086431636275388, .000000000000000, 
 450.0000000000000, -.2027658914126785E-02, .000000000000000, -2.027658914126786, .000000000000000, 
 450.0000000000000, -.1968886191978183E-02, .000000000000000, -1.968886191978183, .000000000000000, 
 450.0000000000000, -.1910113469829580E-02, .000000000000000, -1.910113469829580, .000000000000000, 
 450.0000000000000, -.1851340747680978E-02, .000000000000000, -1.851340747680978, .000000000000000, 
 450.0000000000000, -.1792568025532375E-02, .000000000000000, -1.792568025532375, .000000000000000, 
 450.0000000000000, -.1733795303383773E-02, .000000000000000, -1.733795303383773, .000000000000000, 
 450.0000000000000, -.1675022581235171E-02, .000000000000000, -1.675022581235171, .000000000000000, 
 450.0000000000000, -.1616249859086569E-02, .000000000000000, -1.616249859086569, .000000000000000, 
 450.0000000000000, -.1557477136937966E-02, .000000000000000, -1.557477136937966, .000000000000000, 
 450.0000000000000, -.1498704414789363E-02, .000000000000000, -1.498704414789364, .000000000000000, 
 450.0000000000000, -.1439931692640761E-02, .000000000000000, -1.439931692640761, .000000000000000, 
 450.0000000000000, -.1381158970492158E-02, .000000000000000, -1.381158970492158, .000000000000000, 
 450.0000000000000, -.1322386248343556E-02, .000000000000000, -1.322386248343556, .000000000000000, 
 450.0000000000000, -.1263613526194953E-02, .000000000000000, -1.263613526194953, .000000000000000, 
 450.0000000000000, -.1204840804046351E-02, .000000000000000, -1.204840804046351, .000000000000000, 
 450.0000000000000, -.1146068081897748E-02, .000000000000000, -1.146068081897748, .000000000000000, 
 450.0000000000000, -.1087295359749146E-02, .000000000000000, -1.087295359749146, .000000000000000, 
 450.0000000000000, -.1028522637600543E-02, .000000000000000, -1.028522637600543, .000000000000000, 
 450.0000000000000, -.9697499154519406E-03, .000000000000000, -.9697499154519406, .000000000000000, 
 450.0000000000000, -.9109771933033389E-03, .000000000000000, -.9109771933033389, .000000000000000, 
 450.0000000000000, -.8522044711547364E-03, .000000000000000, -.8522044711547364, .000000000000000, 
 450.0000000000000, -.7934317490061338E-03, .000000000000000, -.7934317490061339, .000000000000000, 
 450.0000000000000, -.7346590268575313E-03, .000000000000000, -.7346590268575313, .000000000000000, 
 450.0000000000000, -.6758863047089288E-03, .000000000000000, -.6758863047089287, .000000000000000, 
 450.0000000000000, -.6171135825603262E-03, .000000000000000, -.6171135825603262, .000000000000000, 
 450.0000000000000, -.5583408604117237E-03, .000000000000000, -.5583408604117237, .000000000000000, 
 450.0000000000000, -.4995681382631212E-03, .000000000000000, -.4995681382631211, .000000000000000, 
 450.0000000000000, -.4407954161145186E-03, .000000000000000, -.4407954161145186, .000000000000000, 
 450.0000000000000, -.3820226939659161E-03, .000000000000000, -.3820226939659161, .000000000000000, 
 450.0000000000000, -.3232499718173135E-03, .000000000000000, -.3232499718173135, .000000000000000, 
 450.0000000000000, -.2644772496687110E-03, .000000000000000, -.2644772496687110, .000000000000000, 
 450.0000000000000, -.2057045275201093E-03, .000000000000000, -.2057045275201093, .000000000000000, 
 450.0000000000000, -.1469318053715068E-03, .000000000000000, -.1469318053715068, .000000000000000, 
 450.0000000000000, -.8815908322290424E-04, .000000000000000, -.8815908322290425E-01, .000000000000000, 
 450.0000000000000, -.2938636107430170E-04, .000000000000000, -.2938636107430170E-01, .000000000000000, 
 450.0000000000000, .2938636107430084E-04, .4275610255283605E-02, .2938636107430084E-01, 4275.610255283605, 
 450.0000000000000, .8815908322290338E-04, .4246224338279535E-02, .8815908322290338E-01, 4246.224338279535, 
 450.0000000000000, .1469318053715059E-03, .4216838865350186E-02, .1469318053715059, 4216.838865350186, 
 450.0000000000000, .2057045275201085E-03, .4187453836492426E-02, .2057045275201085, 4187.453836492426, 
 450.0000000000000, .2644772496687110E-03, .4158069251705831E-02, .2644772496687110, 4158.069251705831, 
 450.0000000000000, .3232499718173135E-03, .4128685110990638E-02, .3232499718173135, 4128.685110990637, 
 450.0000000000000, .3820226939659161E-03, .4099301414347756E-02, .3820226939659161, 4099.301414347757, 
 450.0000000000000, .4407954161145186E-03, .4069918161776934E-02, .4407954161145186, 4069.918161776935, 
 450.0000000000000, .4995681382631212E-03, .4040535353279611E-02, .4995681382631211, 4040.535353279611, 
 450.0000000000000, .5583408604117228E-03, .4011152988854148E-02, .5583408604117228, 4011.152988854148, 
 450.0000000000000, .6171135825603254E-03, .3981771068502159E-02, .6171135825603253, 3981.771068502159, 
 450.0000000000000, .6758863047089279E-03, .3952389592223253E-02, .6758863047089279, 3952.389592223253, 
 450.0000000000000, .7346590268575304E-03, .3923008560017770E-02, .7346590268575305, 3923.008560017769, 
 450.0000000000000, .7934317490061330E-03, .3893627971886243E-02, .7934317490061330, 3893.627971886243, 
 450.0000000000000, .8522044711547355E-03, .3864247827828882E-02, .8522044711547355, 3864.247827828882, 
 450.0000000000000, .9109771933033381E-03, .3834868127846581E-02, .9109771933033380, 3834.868127846582, 
 450.0000000000000, .9697499154519406E-03, .3805488871939004E-02, .9697499154519406, 3805.488871939004, 
 450.0000000000000, .1028522637600543E-02, .3776110060106813E-02, 1.028522637600543, 3776.110060106813, 
 450.0000000000000, .1087295359749146E-02, .3746731692350939E-02, 1.087295359749146, 3746.731692350939, 
 450.0000000000000, .1146068081897748E-02, .3717353768670983E-02, 1.146068081897748, 3717.353768670983, 
 450.0000000000000, .1204840804046351E-02, .3687976289068333E-02, 1.204840804046351, 3687.976289068333, 
 450.0000000000000, .1263613526194953E-02, .3658599253543285E-02, 1.263613526194953, 3658.599253543285, 
 450.0000000000000, .1322386248343555E-02, .3629222662096035E-02, 1.322386248343555, 3629.222662096035, 
 450.0000000000000, .1381158970492158E-02, .3599846514727911E-02, 1.381158970492157, 3599.846514727911, 
 450.0000000000000, .1439931692640760E-02, .3570470811438564E-02, 1.439931692640760, 3570.470811438563, 
 450.0000000000000, .1498704414789363E-02, .3541095552229497E-02, 1.498704414789363, 3541.095552229497, 
 450.0000000000000, .1557477136937965E-02, .3511720737100898E-02, 1.557477136937965, 3511.720737100899, 
 450.0000000000000, .1616249859086568E-02, .3482346366053982E-02, 1.616249859086568, 3482.346366053982, 
 450.0000000000000, .1675022581235170E-02, .3452972439089131E-02, 1.675022581235170, 3452.972439089131, 
 450.0000000000000, .1733795303383773E-02, .3423598956206940E-02, 1.733795303383773, 3423.598956206939, 
 450.0000000000000, .1792568025532375E-02, .3394225917408478E-02, 1.792568025532375, 3394.225917408478, 
 450.0000000000000, .1851340747680978E-02, .3364853322694432E-02, 1.851340747680978, 3364.853322694431, 
 450.0000000000000, .1910113469829580E-02, .3335481172065985E-02, 1.910113469829580, 3335.481172065985, 
 450.0000000000000, .1968886191978182E-02, .3306109465523862E-02, 1.968886191978182, 3306.109465523862, 
 450.0000000000000, .2027658914126785E-02, .3276738203068355E-02, 2.027658914126786, 3276.738203068355, 
 450.0000000000000, .2086431636275387E-02, .3247367384701282E-02, 2.086431636275387, 3247.367384701282, 
 450.0000000000000, .2145204358423991E-02, .3217997010423219E-02, 2.145204358423991, 3217.997010423219, 
 450.0000000000000, .2203977080572592E-02, .3188627080235121E-02, 2.203977080572592, 3188.627080235121, 
 450.0000000000000, .2262749802721196E-02, .3159257594137907E-02, 2.262749802721196, 3159.257594137907, 
 450.0000000000000, .2321522524869797E-02, .3129888552132792E-02, 2.321522524869797, 3129.888552132792, 
 450.0000000000000, .2380295247018401E-02, .3100519954220876E-02, 2.380295247018401, 3100.519954220876, 
 450.0000000000000, .2439067969167002E-02, .3071151800403250E-02, 2.439067969167002, 3071.151800403250, 
 450.0000000000000, .2497840691315604E-02, .3041784090680777E-02, 2.497840691315604, 3041.784090680777, 
 450.0000000000000, .2556613413464207E-02, .3012416825055101E-02, 2.556613413464207, 3012.416825055102, 
 450.0000000000000, .2615386135612809E-02, .2983050003526853E-02, 2.615386135612809, 2983.050003526853, 
 450.0000000000000, .2674158857761413E-02, .2953683626097666E-02, 2.674158857761412, 2953.683626097666, 
 450.0000000000000, .2732931579910014E-02, .2924317692768430E-02, 2.732931579910014, 2924.317692768430, 
 450.0000000000000, .2791704302058618E-02, .2894952203540718E-02, 2.791704302058617, 2894.952203540718, 
 450.0000000000000, .2850477024207219E-02, .2865587158415563E-02, 2.850477024207219, 2865.587158415563, 
 450.0000000000000, .2909249746355823E-02, .2836222557394543E-02, 2.909249746355822, 2836.222557394543, 
 450.0000000000000, .2968022468504424E-02, .2806858400478741E-02, 2.968022468504425, 2806.858400478741, 
 450.0000000000000, .3026795190653028E-02, .2777494687669655E-02, 3.026795190653028, 2777.494687669655, 
 450.0000000000000, .3085567912801629E-02, .2748131418968642E-02, 3.085567912801630, 2748.131418968642, 
 450.0000000000000, .3144340634950233E-02, .2718768594377213E-02, 3.144340634950233, 2718.768594377213, 
 450.0000000000000, .3203113357098834E-02, .2689406213896677E-02, 3.203113357098835, 2689.406213896677, 
 450.0000000000000, .3261886079247436E-02, .2660044277528732E-02, 3.261886079247436, 2660.044277528732, 
 450.0000000000000, .3320658801396040E-02, .2630682785274719E-02, 3.320658801396040, 2630.682785274719, 
 450.0000000000000, .3379431523544641E-02, .2601321737136012E-02, 3.379431523544641, 2601.321737136012, 
 450.0000000000000, .3438204245693245E-02, .2571961133114617E-02, 3.438204245693245, 2571.961133114617, 
 450.0000000000000, .3496976967841846E-02, .2542600973211757E-02, 3.496976967841846, 2542.600973211757, 
 450.0000000000000, .3555749689990450E-02, .2513241257429203E-02, 3.555749689990450, 2513.241257429203, 
 450.0000000000000, .3614522412139051E-02, .2483881985768534E-02, 3.614522412139051, 2483.881985768534, 
 450.0000000000000, .3673295134287655E-02, .2454523158231620E-02, 3.673295134287655, 2454.523158231620, 
 450.0000000000000, .3732067856436256E-02, .2425164774819964E-02, 3.732067856436256, 2425.164774819964, 
 450.0000000000000, .3790840578584860E-02, .2395806835535197E-02, 3.790840578584860, 2395.806835535197, 
 450.0000000000000, .3849613300733462E-02, .2366449340379345E-02, 3.849613300733461, 2366.449340379344, 
 450.0000000000000, .3908386022882065E-02, .2337092289354072E-02, 3.908386022882065, 2337.092289354072, 
 450.0000000000000, .3967158745030667E-02, .2307735682460922E-02, 3.967158745030666, 2307.735682460922, 
 450.0000000000000, .4025931467179268E-02, .2278379519702319E-02, 4.025931467179269, 2278.379519702320, 
 450.0000000000000, .4084704189327872E-02, .2249023801079618E-02, 4.084704189327872, 2249.023801079618, 
 450.0000000000000, .4143476911476473E-02, .2219668526594855E-02, 4.143476911476474, 2219.668526594855, 
 450.0000000000000, .4202249633625077E-02, .2190313696250101E-02, 4.202249633625077, 2190.313696250101, 
 450.0000000000000, .4261022355773678E-02, .2160959310047329E-02, 4.261022355773679, 2160.959310047328, 
 450.0000000000000, .4319795077922282E-02, .2131605367988185E-02, 4.319795077922282, 2131.605367988186, 
 450.0000000000000, .4378567800070884E-02, .2102251870075118E-02, 4.378567800070884, 2102.251870075117, 
 450.0000000000000, .4437340522219487E-02, .2072898816309447E-02, 4.437340522219487, 2072.898816309447, 
 450.0000000000000, .4496113244368089E-02, .2043546206694160E-02, 4.496113244368089, 2043.546206694160, 
 450.0000000000000, .4554885966516692E-02, .2014194041230687E-02, 4.554885966516692, 2014.194041230687, 
 450.0000000000000, .4613658688665294E-02, .1984842319921424E-02, 4.613658688665294, 1984.842319921424, 
 450.0000000000000, .4672431410813897E-02, .1955491042768260E-02, 4.672431410813897, 1955.491042768260, 
 450.0000000000000, .4731204132962499E-02, .1926140209773800E-02, 4.731204132962499, 1926.140209773800, 
 450.0000000000000, .4789976855111100E-02, .1896789820939792E-02, 4.789976855111100, 1896.789820939792, 
 450.0000000000000, .4848749577259704E-02, .1867439876268604E-02, 4.848749577259704, 1867.439876268604, 
 450.0000000000000, .4907522299408306E-02, .1838090375762802E-02, 4.907522299408305, 1838.090375762802, 
 450.0000000000000, .4966295021556909E-02, .1808741319424173E-02, 4.966295021556909, 1808.741319424173, 
 450.0000000000000, .5025067743705511E-02, .1779392707255318E-02, 5.025067743705510, 1779.392707255318, 
 450.0000000000000, .5083840465854114E-02, .1750044539258400E-02, 5.083840465854114, 1750.044539258399, 
 450.0000000000000, .5142613188002716E-02, .1720696815435984E-02, 5.142613188002715, 1720.696815435984, 
 450.0000000000000, .5201385910151319E-02, .1691349535790375E-02, 5.201385910151319, 1691.349535790375, 
 450.0000000000000, .5260158632299921E-02, .1662002700323892E-02, 5.260158632299921, 1662.002700323892, 
 450.0000000000000, .5318931354448524E-02, .1632656309039308E-02, 5.318931354448524, 1632.656309039308, 
 450.0000000000000, .5377704076597126E-02, .1603310361938641E-02, 5.377704076597126, 1603.310361938641, 
 450.0000000000000, .5436476798745728E-02, .1573964859024643E-02, 5.436476798745727, 1573.964859024643, 
 450.0000000000000, .5495249520894331E-02, .1544619800299900E-02, 5.495249520894331, 1544.619800299900, 
 450.0000000000000, .5554022243042933E-02, .1515275185766900E-02, 5.554022243042932, 1515.275185766900, 
 450.0000000000000, .5612794965191536E-02, .1485931015428116E-02, 5.612794965191536, 1485.931015428116, 
 450.0000000000000, .5671567687340138E-02, .1456587289286420E-02, 5.671567687340137, 1456.587289286419, 
 450.0000000000000, .5730340409488741E-02, .1427244007344070E-02, 5.730340409488741, 1427.244007344070, 
 450.0000000000000, .5789113131637343E-02, .1397901169604196E-02, 5.789113131637343, 1397.901169604196, 
 450.0000000000000, .5847885853785946E-02, .1368558776069053E-02, 5.847885853785947, 1368.558776069053, 
 500.0000000000000, -.5847885853785946E-02, .000000000000000, -5.847885853785947, .000000000000000, 
 500.0000000000000, -.5789113131637344E-02, .000000000000000, -5.789113131637343, .000000000000000, 
 500.0000000000000, -.5730340409488741E-02, .000000000000000, -5.730340409488741, .000000000000000, 
 500.0000000000000, -.5671567687340139E-02, .000000000000000, -5.671567687340138, .000000000000000, 
 500.0000000000000, -.5612794965191536E-02, .000000000000000, -5.612794965191536, .000000000000000, 
 500.0000000000000, -.5554022243042933E-02, .000000000000000, -5.554022243042933, .000000000000000, 
 500.0000000000000, -.5495249520894332E-02, .000000000000000, -5.495249520894331, .000000000000000, 
 500.0000000000000, -.5436476798745729E-02, .000000000000000, -5.436476798745729, .000000000000000, 
 500.0000000000000, -.5377704076597127E-02, .000000000000000, -5.377704076597126, .000000000000000, 
 500.0000000000000, -.5318931354448524E-02, .000000000000000, -5.318931354448524, .000000000000000, 
 500.0000000000000, -.5260158632299922E-02, .000000000000000, -5.260158632299921, .000000000000000, 
 500.0000000000000, -.5201385910151319E-02, .000000000000000, -5.201385910151319, .000000000000000, 
 500.0000000000000, -.5142613188002717E-02, .000000000000000, -5.142613188002716, .000000000000000, 
 500.0000000000000, -.5083840465854114E-02, .000000000000000, -5.083840465854114, .000000000000000, 
 500.0000000000000, -.5025067743705511E-02, .000000000000000, -5.025067743705511, .000000000000000, 
 500.0000000000000, -.4966295021556909E-02, .000000000000000, -4.966295021556909, .000000000000000, 
 500.0000000000000, -.4907522299408306E-02, .000000000000000, -4.907522299408306, .000000000000000, 
 500.0000000000000, -.4848749577259704E-02, .000000000000000, -4.848749577259704, .000000000000000, 
 500.0000000000000, -.4789976855111101E-02, .000000000000000, -4.789976855111101, .000000000000000, 
 500.0000000000000, -.4731204132962500E-02, .000000000000000, -4.731204132962500, .000000000000000, 
 500.0000000000000, -.4672431410813896E-02, .000000000000000, -4.672431410813896, .000000000000000, 
 500.0000000000000, -.4613658688665295E-02, .000000000000000, -4.613658688665295, .000000000000000, 
 500.0000000000000, -.4554885966516692E-02, .000000000000000, -4.554885966516692, .000000000000000, 
 500.0000000000000, -.4496113244368089E-02, .000000000000000, -4.496113244368090, .000000000000000, 
 500.0000000000000, -.4437340522219487E-02, .000000000000000, -4.437340522219487, .000000000000000, 
 500.0000000000000, -.4378567800070884E-02, .000000000000000, -4.378567800070885, .000000000000000, 
 500.0000000000000, -.4319795077922282E-02, .000000000000000, -4.319795077922282, .000000000000000, 
 500.0000000000000, -.4261022355773679E-02, .000000000000000, -4.261022355773679, .000000000000000, 
 500.0000000000000, -.4202249633625077E-02, .000000000000000, -4.202249633625077, .000000000000000, 
 500.0000000000000, -.4143476911476474E-02, .000000000000000, -4.143476911476474, .000000000000000, 
 500.0000000000000, -.4084704189327872E-02, .000000000000000, -4.084704189327872, .000000000000000, 
 500.0000000000000, -.4025931467179269E-02, .000000000000000, -4.025931467179269, .000000000000000, 
 500.0000000000000, -.3967158745030668E-02, .000000000000000, -3.967158745030667, .000000000000000, 
 500.0000000000000, -.3908386022882064E-02, .000000000000000, -3.908386022882064, .000000000000000, 
 500.0000000000000, -.3849613300733462E-02, .000000000000000, -3.849613300733462, .000000000000000, 
 500.0000000000000, -.3790840578584859E-02, .000000000000000, -3.790840578584859, .000000000000000, 
 500.0000000000000, -.3732067856436257E-02, .000000000000000, -3.732067856436257, .000000000000000, 
 500.0000000000000, -.3673295134287655E-02, .000000000000000, -3.673295134287655, .000000000000000, 
 500.0000000000000, -.3614522412139052E-02, .000000000000000, -3.614522412139052, .000000000000000, 
 500.0000000000000, -.3555749689990450E-02, .000000000000000, -3.555749689990450, .000000000000000, 
 500.0000000000000, -.3496976967841847E-02, .000000000000000, -3.496976967841847, .000000000000000, 
 500.0000000000000, -.3438204245693245E-02, .000000000000000, -3.438204245693245, .000000000000000, 
 500.0000000000000, -.3379431523544643E-02, .000000000000000, -3.379431523544643, .000000000000000, 
 500.0000000000000, -.3320658801396040E-02, .000000000000000, -3.320658801396040, .000000000000000, 
 500.0000000000000, -.3261886079247437E-02, .000000000000000, -3.261886079247438, .000000000000000, 
 500.0000000000000, -.3203113357098835E-02, .000000000000000, -3.203113357098835, .000000000000000, 
 500.0000000000000, -.3144340634950232E-02, .000000000000000, -3.144340634950233, .000000000000000, 
 500.0000000000000, -.3085567912801630E-02, .000000000000000, -3.085567912801630, .000000000000000, 
 500.0000000000000, -.3026795190653028E-02, .000000000000000, -3.026795190653028, .000000000000000, 
 500.0000000000000, -.2968022468504425E-02, .000000000000000, -2.968022468504425, .000000000000000, 
 500.0000000000000, -.2909249746355823E-02, .000000000000000, -2.909249746355822, .000000000000000, 
 500.0000000000000, -.2850477024207220E-02, .000000000000000, -2.850477024207220, .000000000000000, 
 500.0000000000000, -.2791704302058618E-02, .000000000000000, -2.791704302058617, .000000000000000, 
 500.0000000000000, -.2732931579910015E-02, .000000000000000, -2.732931579910015, .000000000000000, 
 500.0000000000000, -.2674158857761413E-02, .000000000000000, -2.674158857761412, .000000000000000, 
 500.0000000000000, -.2615386135612810E-02, .000000000000000, -2.615386135612810, .000000000000000, 
 500.0000000000000, -.2556613413464208E-02, .000000000000000, -2.556613413464208, .000000000000000, 
 500.0000000000000, -.2497840691315605E-02, .000000000000000, -2.497840691315605, .000000000000000, 
 500.0000000000000, -.2439067969167003E-02, .000000000000000, -2.439067969167003, .000000000000000, 
 500.0000000000000, -.2380295247018400E-02, .000000000000000, -2.380295247018400, .000000000000000, 
 500.0000000000000, -.2321522524869798E-02, .000000000000000, -2.321522524869798, .000000000000000, 
 500.0000000000000, -.2262749802721196E-02, .000000000000000, -2.262749802721196, .000000000000000, 
 500.0000000000000, -.2203977080572593E-02, .000000000000000, -2.203977080572593, .000000000000000, 
 500.0000000000000, -.2145204358423991E-02, .000000000000000, -2.145204358423991, .000000000000000, 
 500.0000000000000, -.2086431636275388E-02, .000000000000000, -2.086431636275388, .000000000000000, 
 500.0000000000000, -.2027658914126785E-02, .000000000000000, -2.027658914126786, .000000000000000, 
 500.0000000000000, -.1968886191978183E-02, .000000000000000, -1.968886191978183, .000000000000000, 
 500.0000000000000, -.1910113469829580E-02, .000000000000000, -1.910113469829580, .000000000000000, 
 500.0000000000000, -.1851340747680978E-02, .000000000000000, -1.851340747680978, .000000000000000, 
 500.0000000000000, -.1792568025532375E-02, .000000000000000, -1.792568025532375, .000000000000000, 
 500.0000000000000, -.1733795303383773E-02, .000000000000000, -1.733795303383773, .000000000000000, 
 500.0000000000000, -.1675022581235171E-02, .000000000000000, -1.675022581235171, .000000000000000, 
 500.0000000000000, -.1616249859086569E-02, .000000000000000, -1.616249859086569, .000000000000000, 
 500.0000000000000, -.1557477136937966E-02, .000000000000000, -1.557477136937966, .000000000000000, 
 500.0000000000000, -.1498704414789363E-02, .000000000000000, -1.498704414789364, .000000000000000, 
 500.0000000000000, -.1439931692640761E-02, .000000000000000, -1.439931692640761, .000000000000000, 
 500.0000000000000, -.1381158970492158E-02, .000000000000000, -1.381158970492158, .000000000000000, 
 500.0000000000000, -.1322386248343556E-02, .000000000000000, -1.322386248343556, .000000000000000, 
 500.0000000000000, -.1263613526194953E-02, .000000000000000, -1.263613526194953, .000000000000000, 
 500.0000000000000, -.1204840804046351E-02, .000000000000000, -1.204840804046351, .000000000000000, 
 500.0000000000000, -.1146068081897748E-02, .000000000000000, -1.146068081897748, .000000000000000, 
 500.0000000000000, -.1087295359749146E-02, .000000000000000, -1.087295359749146, .000000000000000, 
 500.0000000000000, -.1028522637600543E-02, .000000000000000, -1.028522637600543, .000000000000000, 
 500.0000000000000, -.9697499154519406E-03, .000000000000000, -.9697499154519406, .000000000000000, 
 500.0000000000000, -.9109771933033389E-03, .000000000000000, -.9109771933033389, .000000000000000, 
 500.0000000000000, -.8522044711547364E-03, .000000000000000, -.8522044711547364, .000000000000000, 
 500.0000000000000, -.7934317490061338E-03, .000000000000000, -.7934317490061339, .000000000000000, 
 500.0000000000000, -.7346590268575313E-03, .000000000000000, -.7346590268575313, .000000000000000, 
 500.0000000000000, -.6758863047089288E-03, .000000000000000, -.6758863047089287, .000000000000000, 
 500.0000000000000, -.6171135825603262E-03, .000000000000000, -.6171135825603262, .000000000000000, 
 500.0000000000000, -.5583408604117237E-03, .000000000000000, -.5583408604117237, .000000000000000, 
 500.0000000000000, -.4995681382631212E-03, .000000000000000, -.4995681382631211, .000000000000000, 
 500.0000000000000, -.4407954161145186E-03, .000000000000000, -.4407954161145186, .000000000000000, 
 500.0000000000000, -.3820226939659161E-03, .000000000000000, -.3820226939659161, .000000000000000, 
 500.0000000000000, -.3232499718173135E-03, .000000000000000, -.3232499718173135, .000000000000000, 
 500.0000000000000, -.2644772496687110E-03, .000000000000000, -.2644772496687110, .000000000000000, 
 500.0000000000000, -.2057045275201093E-03, .000000000000000, -.2057045275201093, .000000000000000, 
 500.0000000000000, -.1469318053715068E-03, .000000000000000, -.1469318053715068, .000000000000000, 
 500.0000000000000, -.8815908322290424E-04, .000000000000000, -.8815908322290425E-01, .000000000000000, 
 500.0000000000000, -.2938636107430170E-04, .000000000000000, -.2938636107430170E-01, .000000000000000, 
 500.0000000000000, .2938636107430084E-04, .5272408185309027E-02, .2938636107430084E-01, 5272.408185309027, 
 500.0000000000000, .8815908322290338E-04, .5243022314208227E-02, .8815908322290338E-01, 5243.022314208227, 
 500.0000000000000, .1469318053715059E-03, .5213636933062389E-02, .1469318053715059, 5213.636933062389, 
 500.0000000000000, .2057045275201085E-03, .5184252041885712E-02, .2057045275201085, 5184.252041885712, 
 500.0000000000000, .2644772496687110E-03, .5154867640674669E-02, .2644772496687110, 5154.867640674669, 
 500.0000000000000, .3232499718173135E-03, .5125483729430578E-02, .3232499718173135, 5125.483729430578, 
 500.0000000000000, .3820226939659161E-03, .5096100308151977E-02, .3820226939659161, 5096.100308151978, 
 500.0000000000000, .4407954161145186E-03, .5066717376840936E-02, .4407954161145186, 5066.717376840937, 
 500.0000000000000, .4995681382631212E-03, .5037334935496382E-02, .4995681382631211, 5037.334935496382, 
 500.0000000000000, .5583408604117228E-03, .5007952984120024E-02, .5583408604117228, 5007.952984120024, 
 500.0000000000000, .6171135825603254E-03, .4978571522711138E-02, .6171135825603253, 4978.571522711139, 
 500.0000000000000, .6758863047089279E-03, .4949190551271163E-02, .6758863047089279, 4949.190551271164, 
 500.0000000000000, .7346590268575304E-03, .4919810069800194E-02, .7346590268575305, 4919.810069800194, 
 500.0000000000000, .7934317490061330E-03, .4890430078298661E-02, .7934317490061330, 4890.430078298661, 
 500.0000000000000, .8522044711547355E-03, .4861050576767911E-02, .8522044711547355, 4861.050576767911, 
 500.0000000000000, .9109771933033381E-03, .4831671565207965E-02, .9109771933033380, 4831.671565207965, 
 500.0000000000000, .9697499154519406E-03, .4802293043620168E-02, .9697499154519406, 4802.293043620169, 
 500.0000000000000, .1028522637600543E-02, .4772915012004973E-02, 1.028522637600543, 4772.915012004973, 
 500.0000000000000, .1087295359749146E-02, .4743537470363171E-02, 1.087295359749146, 4743.537470363171, 
 500.0000000000000, .1146068081897748E-02, .4714160418695826E-02, 1.146068081897748, 4714.160418695827, 
 500.0000000000000, .1204840804046351E-02, .4684783857004386E-02, 1.204840804046351, 4684.783857004386, 
 500.0000000000000, .1263613526194953E-02, .4655407785288948E-02, 1.263613526194953, 4655.407785288948, 
 500.0000000000000, .1322386248343555E-02, .4626032203551210E-02, 1.322386248343555, 4626.032203551210, 
 500.0000000000000, .1381158970492158E-02, .4596657111792310E-02, 1.381158970492157, 4596.657111792310, 
 500.0000000000000, .1439931692640760E-02, .4567282510013150E-02, 1.439931692640760, 4567.282510013149, 
 500.0000000000000, .1498704414789363E-02, .4537908398215147E-02, 1.498704414789363, 4537.908398215147, 
 500.0000000000000, .1557477136937965E-02, .4508534776399412E-02, 1.557477136937965, 4508.534776399411, 
 500.0000000000000, .1616249859086568E-02, .4479161644567476E-02, 1.616249859086568, 4479.161644567476, 
 500.0000000000000, .1675022581235170E-02, .4449789002720585E-02, 1.675022581235170, 4449.789002720585, 
 500.0000000000000, .1733795303383773E-02, .4420416850860230E-02, 1.733795303383773, 4420.416850860231, 
 500.0000000000000, .1792568025532375E-02, .4391045188987703E-02, 1.792568025532375, 4391.045188987703, 
 500.0000000000000, .1851340747680978E-02, .4361674017105077E-02, 1.851340747680978, 4361.674017105077, 
 500.0000000000000, .1910113469829580E-02, .4332303335213200E-02, 1.910113469829580, 4332.303335213200, 
 500.0000000000000, .1968886191978182E-02, .4302933143314589E-02, 1.968886191978182, 4302.933143314590, 
 500.0000000000000, .2027658914126785E-02, .4273563441410212E-02, 2.027658914126786, 4273.563441410211, 
 500.0000000000000, .2086431636275387E-02, .4244194229502129E-02, 2.086431636275387, 4244.194229502129, 
 500.0000000000000, .2145204358423991E-02, .4214825507591920E-02, 2.145204358423991, 4214.825507591920, 
 500.0000000000000, .2203977080572592E-02, .4185457275681600E-02, 2.203977080572592, 4185.457275681600, 
 500.0000000000000, .2262749802721196E-02, .4156089533773129E-02, 2.262749802721196, 4156.089533773129, 
 500.0000000000000, .2321522524869797E-02, .4126722281868283E-02, 2.321522524869797, 4126.722281868283, 
 500.0000000000000, .2380295247018401E-02, .4097355519969065E-02, 2.380295247018401, 4097.355519969065, 
 500.0000000000000, .2439067969167002E-02, .4067989248077634E-02, 2.439067969167002, 4067.989248077634, 
 500.0000000000000, .2497840691315604E-02, .4038623466196239E-02, 2.497840691315604, 4038.623466196238, 
 500.0000000000000, .2556613413464207E-02, .4009258174326740E-02, 2.556613413464207, 4009.258174326740, 
 500.0000000000000, .2615386135612809E-02, .3979893372471457E-02, 2.615386135612809, 3979.893372471457, 
 500.0000000000000, .2674158857761413E-02, .3950529060632739E-02, 2.674158857761412, 3950.529060632739, 
 500.0000000000000, .2732931579910014E-02, .3921165238812576E-02, 2.732931579910014, 3921.165238812575, 
 500.0000000000000, .2791704302058618E-02, .3891801907013593E-02, 2.791704302058617, 3891.801907013593, 
 500.0000000000000, .2850477024207219E-02, .3862439065238226E-02, 2.850477024207219, 3862.439065238226, 
 500.0000000000000, .2909249746355823E-02, .3833076713488795E-02, 2.909249746355822, 3833.076713488795, 
 500.0000000000000, .2968022468504424E-02, .3803714851767825E-02, 2.968022468504425, 3803.714851767825, 
 500.0000000000000, .3026795190653028E-02, .3774353480078137E-02, 3.026795190653028, 3774.353480078137, 
 500.0000000000000, .3085567912801629E-02, .3744992598422105E-02, 3.085567912801630, 3744.992598422105, 
 500.0000000000000, .3144340634950233E-02, .3715632206802287E-02, 3.144340634950233, 3715.632206802287, 
 500.0000000000000, .3203113357098834E-02, .3686272305221616E-02, 3.203113357098835, 3686.272305221616, 
 500.0000000000000, .3261886079247436E-02, .3656912893682965E-02, 3.261886079247436, 3656.912893682965, 
 500.0000000000000, .3320658801396040E-02, .3627553972188897E-02, 3.320658801396040, 3627.553972188897, 
 500.0000000000000, .3379431523544641E-02, .3598195540742088E-02, 3.379431523544641, 3598.195540742088, 
 500.0000000000000, .3438204245693245E-02, .3568837599345942E-02, 3.438204245693245, 3568.837599345942, 
 500.0000000000000, .3496976967841846E-02, .3539480148003110E-02, 3.496976967841846, 3539.480148003111, 
 500.0000000000000, .3555749689990450E-02, .3510123186717085E-02, 3.555749689990450, 3510.123186717085, 
 500.0000000000000, .3614522412139051E-02, .3480766715490206E-02, 3.614522412139051, 3480.766715490206, 
 500.0000000000000, .3673295134287655E-02, .3451410734326265E-02, 3.673295134287655, 3451.410734326265, 
 500.0000000000000, .3732067856436256E-02, .3422055243228298E-02, 3.732067856436256, 3422.055243228298, 
 500.0000000000000, .3790840578584860E-02, .3392700242199096E-02, 3.790840578584860, 3392.700242199096, 
 500.0000000000000, .3849613300733462E-02, .3363345731242270E-02, 3.849613300733461, 3363.345731242270, 
 500.0000000000000, .3908386022882065E-02, .3333991710361353E-02, 3.908386022882065, 3333.991710361353, 
 500.0000000000000, .3967158745030667E-02, .3304638179559231E-02, 3.967158745030666, 3304.638179559231, 
 500.0000000000000, .4025931467179268E-02, .3275285138839936E-02, 4.025931467179269, 3275.285138839936, 
 500.0000000000000, .4084704189327872E-02, .3245932588206392E-02, 4.084704189327872, 3245.932588206392, 
 500.0000000000000, .4143476911476473E-02, .3216580527662627E-02, 4.143476911476474, 3216.580527662627, 
 500.0000000000000, .4202249633625077E-02, .3187228957211807E-02, 4.202249633625077, 3187.228957211807, 
 500.0000000000000, .4261022355773678E-02, .3157877876857776E-02, 4.261022355773679, 3157.877876857776, 
 500.0000000000000, .4319795077922282E-02, .3128527286604284E-02, 4.319795077922282, 3128.527286604285, 
 500.0000000000000, .4378567800070884E-02, .3099177186454773E-02, 4.378567800070884, 3099.177186454773, 
 500.0000000000000, .4437340522219487E-02, .3069827576413453E-02, 4.437340522219487, 3069.827576413453, 
 500.0000000000000, .4496113244368089E-02, .3040478456484150E-02, 4.496113244368089, 3040.478456484150, 
 500.0000000000000, .4554885966516692E-02, .3011129826670329E-02, 4.554885966516692, 3011.129826670329, 
 500.0000000000000, .4613658688665294E-02, .2981781686976544E-02, 4.613658688665294, 2981.781686976543, 
 500.0000000000000, .4672431410813897E-02, .2952434037406206E-02, 4.672431410813897, 2952.434037406206, 
 500.0000000000000, .4731204132962499E-02, .2923086877963775E-02, 4.731204132962499, 2923.086877963775, 
 500.0000000000000, .4789976855111100E-02, .2893740208652957E-02, 4.789976855111100, 2893.740208652957, 
 500.0000000000000, .4848749577259704E-02, .2864394029478366E-02, 4.848749577259704, 2864.394029478366, 
 500.0000000000000, .4907522299408306E-02, .2835048340444031E-02, 4.907522299408305, 2835.048340444031, 
 500.0000000000000, .4966295021556909E-02, .2805703141554262E-02, 4.966295021556909, 2805.703141554262, 
 500.0000000000000, .5025067743705511E-02, .2776358432813073E-02, 5.025067743705510, 2776.358432813073, 
 500.0000000000000, .5083840465854114E-02, .2747014214225105E-02, 5.083840465854114, 2747.014214225105, 
 500.0000000000000, .5142613188002716E-02, .2717670485794677E-02, 5.142613188002715, 2717.670485794677, 
 500.0000000000000, .5201385910151319E-02, .2688327247526396E-02, 5.201385910151319, 2688.327247526396, 
 500.0000000000000, .5260158632299921E-02, .2658984499424657E-02, 5.260158632299921, 2658.984499424657, 
 500.0000000000000, .5318931354448524E-02, .2629642241494045E-02, 5.318931354448524, 2629.642241494044, 
 500.0000000000000, .5377704076597126E-02, .2600300473739043E-02, 5.377704076597126, 2600.300473739042, 
 500.0000000000000, .5436476798745728E-02, .2570959196164659E-02, 5.436476798745727, 2570.959196164659, 
 500.0000000000000, .5495249520894331E-02, .2541618408775153E-02, 5.495249520894331, 2541.618408775153, 
 500.0000000000000, .5554022243042933E-02, .2512278111575769E-02, 5.554022243042932, 2512.278111575769, 
 500.0000000000000, .5612794965191536E-02, .2482938304571253E-02, 5.612794965191536, 2482.938304571253, 
 500.0000000000000, .5671567687340138E-02, .2453598987765916E-02, 5.671567687340137, 2453.598987765916, 
 500.0000000000000, .5730340409488741E-02, .2424260161165360E-02, 5.730340409488741, 2424.260161165360, 
 500.0000000000000, .5789113131637343E-02, .2394921824774418E-02, 5.789113131637343, 2394.921824774417, 
 500.0000000000000, .5847885853785946E-02, .2365583978597850E-02, 5.847885853785947, 2365.583978597851, 
