 T(K), V (V), JR_Peltier(T;V) (W/s), V (mV), JR_Peltier(T;V) (nW/s), 
 100.0000000000000, -.5847885853785946E-02, .4174617965201548E-09, -5.847885853785947, .4174617965201548, 
 100.0000000000000, -.5789113131637344E-02, .4082141606963731E-09, -5.789113131637343, .4082141606963731, 
 100.0000000000000, -.5730340409488741E-02, .3990688262801934E-09, -5.730340409488741, .3990688262801934, 
 100.0000000000000, -.5671567687340139E-02, .3900258027008456E-09, -5.671567687340138, .3900258027008456, 
 100.0000000000000, -.5612794965191536E-02, .3810850993517424E-09, -5.612794965191536, .3810850993517425, 
 100.0000000000000, -.5554022243042933E-02, .3722467255904770E-09, -5.554022243042933, .3722467255904770, 
 100.0000000000000, -.5495249520894332E-02, .3635106907387798E-09, -5.495249520894331, .3635106907387798, 
 100.0000000000000, -.5436476798745729E-02, .3548770040825064E-09, -5.436476798745729, .3548770040825064, 
 100.0000000000000, -.5377704076597127E-02, .3463456748716292E-09, -5.377704076597126, .3463456748716293, 
 100.0000000000000, -.5318931354448524E-02, .3379167123201954E-09, -5.318931354448524, .3379167123201954, 
 100.0000000000000, -.5260158632299922E-02, .3295901256063355E-09, -5.260158632299921, .3295901256063355, 
 100.0000000000000, -.5201385910151319E-02, .3213659238722163E-09, -5.201385910151319, .3213659238722162, 
 100.0000000000000, -.5142613188002717E-02, .3132441162240260E-09, -5.142613188002716, .3132441162240260, 
 100.0000000000000, -.5083840465854114E-02, .3052247117319878E-09, -5.083840465854114, .3052247117319878, 
 100.0000000000000, -.5025067743705511E-02, .2973077194302793E-09, -5.025067743705511, .2973077194302793, 
 100.0000000000000, -.4966295021556909E-02, .2894931483170751E-09, -4.966295021556909, .2894931483170751, 
 100.0000000000000, -.4907522299408306E-02, .2817810073544856E-09, -4.907522299408306, .2817810073544856, 
 100.0000000000000, -.4848749577259704E-02, .2741713054685480E-09, -4.848749577259704, .2741713054685481, 
 100.0000000000000, -.4789976855111101E-02, .2666640515492206E-09, -4.789976855111101, .2666640515492206, 
 100.0000000000000, -.4731204132962500E-02, .2592592544503567E-09, -4.731204132962500, .2592592544503567, 
 100.0000000000000, -.4672431410813896E-02, .2519569229896655E-09, -4.672431410813896, .2519569229896655, 
 100.0000000000000, -.4613658688665295E-02, .2447570659487178E-09, -4.613658688665295, .2447570659487179, 
 100.0000000000000, -.4554885966516692E-02, .2376596920729178E-09, -4.554885966516692, .2376596920729178, 
 100.0000000000000, -.4496113244368089E-02, .2306648100714816E-09, -4.496113244368090, .2306648100714816, 
 100.0000000000000, -.4437340522219487E-02, .2237724286174300E-09, -4.437340522219487, .2237724286174300, 
 100.0000000000000, -.4378567800070884E-02, .2169825563475446E-09, -4.378567800070885, .2169825563475446, 
 100.0000000000000, -.4319795077922282E-02, .2102952018623763E-09, -4.319795077922282, .2102952018623764, 
 100.0000000000000, -.4261022355773679E-02, .2037103737262183E-09, -4.261022355773679, .2037103737262183, 
 100.0000000000000, -.4202249633625077E-02, .1972280804670594E-09, -4.202249633625077, .1972280804670594, 
 100.0000000000000, -.4143476911476474E-02, .1908483305766225E-09, -4.143476911476474, .1908483305766225, 
 100.0000000000000, -.4084704189327872E-02, .1845711325102835E-09, -4.084704189327872, .1845711325102835, 
 100.0000000000000, -.4025931467179269E-02, .1783964946871053E-09, -4.025931467179269, .1783964946871053, 
 100.0000000000000, -.3967158745030668E-02, .1723244254897743E-09, -3.967158745030667, .1723244254897743, 
 100.0000000000000, -.3908386022882064E-02, .1663549332646183E-09, -3.908386022882064, .1663549332646183, 
 100.0000000000000, -.3849613300733462E-02, .1604880263215691E-09, -3.849613300733462, .1604880263215691, 
 100.0000000000000, -.3790840578584859E-02, .1547237129341372E-09, -3.790840578584859, .1547237129341372, 
 100.0000000000000, -.3732067856436257E-02, .1490620013394190E-09, -3.732067856436257, .1490620013394190, 
 100.0000000000000, -.3673295134287655E-02, .1435028997380596E-09, -3.673295134287655, .1435028997380596, 
 100.0000000000000, -.3614522412139052E-02, .1380464162942291E-09, -3.614522412139052, .1380464162942291, 
 100.0000000000000, -.3555749689990450E-02, .1326925591356227E-09, -3.555749689990450, .1326925591356227, 
 100.0000000000000, -.3496976967841847E-02, .1274413363534293E-09, -3.496976967841847, .1274413363534293, 
 100.0000000000000, -.3438204245693245E-02, .1222927560023182E-09, -3.438204245693245, .1222927560023182, 
 100.0000000000000, -.3379431523544643E-02, .1172468261004185E-09, -3.379431523544643, .1172468261004185, 
 100.0000000000000, -.3320658801396040E-02, .1123035546293058E-09, -3.320658801396040, .1123035546293058, 
 100.0000000000000, -.3261886079247437E-02, .1074629495339801E-09, -3.261886079247438, .1074629495339801, 
 100.0000000000000, -.3203113357098835E-02, .1027250187228405E-09, -3.203113357098835, .1027250187228405, 
 100.0000000000000, -.3144340634950232E-02, .9808977006769499E-10, -3.144340634950233, .9808977006769500E-01, 
 100.0000000000000, -.3085567912801630E-02, .9355721140370243E-10, -3.085567912801630, .9355721140370243E-01, 
 100.0000000000000, -.3026795190653028E-02, .8912735052939019E-10, -3.026795190653028, .8912735052939019E-01, 
 100.0000000000000, -.2968022468504425E-02, .8480019520661113E-10, -2.968022468504425, .8480019520661113E-01, 
 100.0000000000000, -.2909249746355823E-02, .8057575316054790E-10, -2.909249746355822, .8057575316054791E-01, 
 100.0000000000000, -.2850477024207220E-02, .7645403207967530E-10, -2.850477024207220, .7645403207967530E-01, 
 100.0000000000000, -.2791704302058618E-02, .7243503961575636E-10, -2.791704302058617, .7243503961575636E-01, 
 100.0000000000000, -.2732931579910015E-02, .6851878338382079E-10, -2.732931579910015, .6851878338382079E-01, 
 100.0000000000000, -.2674158857761413E-02, .6470527096214231E-10, -2.674158857761412, .6470527096214232E-01, 
 100.0000000000000, -.2615386135612810E-02, .6099450989223330E-10, -2.615386135612810, .6099450989223330E-01, 
 100.0000000000000, -.2556613413464208E-02, .5738650767881012E-10, -2.556613413464208, .5738650767881012E-01, 
 100.0000000000000, -.2497840691315605E-02, .5388127178979770E-10, -2.497840691315605, .5388127178979770E-01, 
 100.0000000000000, -.2439067969167003E-02, .5047880965629311E-10, -2.439067969167003, .5047880965629310E-01, 
 100.0000000000000, -.2380295247018400E-02, .4717912867255871E-10, -2.380295247018400, .4717912867255870E-01, 
 100.0000000000000, -.2321522524869798E-02, .4398223619600129E-10, -2.321522524869798, .4398223619600129E-01, 
 100.0000000000000, -.2262749802721196E-02, .4088813954715818E-10, -2.262749802721196, .4088813954715818E-01, 
 100.0000000000000, -.2203977080572593E-02, .3789684600967453E-10, -2.203977080572593, .3789684600967453E-01, 
 100.0000000000000, -.2145204358423991E-02, .3500836283028873E-10, -2.145204358423991, .3500836283028873E-01, 
 100.0000000000000, -.2086431636275388E-02, .3222269721883659E-10, -2.086431636275388, .3222269721883660E-01, 
 100.0000000000000, -.2027658914126785E-02, .2953985634817818E-10, -2.027658914126786, .2953985634817818E-01, 
 100.0000000000000, -.1968886191978183E-02, .2695984735425413E-10, -1.968886191978183, .2695984735425413E-01, 
 100.0000000000000, -.1910113469829580E-02, .2448267733601204E-10, -1.910113469829580, .2448267733601205E-01, 
 100.0000000000000, -.1851340747680978E-02, .2210835335541798E-10, -1.851340747680978, .2210835335541798E-01, 
 100.0000000000000, -.1792568025532375E-02, .1983688243742845E-10, -1.792568025532375, .1983688243742844E-01, 
 100.0000000000000, -.1733795303383773E-02, .1766827156998489E-10, -1.733795303383773, .1766827156998489E-01, 
 100.0000000000000, -.1675022581235171E-02, .1560252770398380E-10, -1.675022581235171, .1560252770398380E-01, 
 100.0000000000000, -.1616249859086569E-02, .1363965775326973E-10, -1.616249859086569, .1363965775326973E-01, 
 100.0000000000000, -.1557477136937966E-02, .1177966859461530E-10, -1.557477136937966, .1177966859461530E-01, 
 100.0000000000000, -.1498704414789363E-02, .1002256706770951E-10, -1.498704414789364, .1002256706770951E-01, 
 100.0000000000000, -.1439931692640761E-02, .8368359975131367E-11, -1.439931692640761, .8368359975131367E-02, 
 100.0000000000000, -.1381158970492158E-02, .6817054082346201E-11, -1.381158970492158, .6817054082346201E-02, 
 100.0000000000000, -.1322386248343556E-02, .5368656117680548E-11, -1.322386248343556, .5368656117680548E-02, 
 100.0000000000000, -.1263613526194953E-02, .4023172772309923E-11, -1.263613526194953, .4023172772309923E-02, 
 100.0000000000000, -.1204840804046351E-02, .2780610700242039E-11, -1.204840804046351, .2780610700242039E-02, 
 100.0000000000000, -.1146068081897748E-02, .1640976518306028E-11, -1.146068081897748, .1640976518306028E-02, 
 100.0000000000000, -.1087295359749146E-02, .6042768061230213E-12, -1.087295359749146, .6042768061230214E-03, 
 100.0000000000000, -.1028522637600543E-02, -.3294818938980830E-12, -1.028522637600543, -.3294818938980830E-03, 
 100.0000000000000, -.9697499154519406E-03, -.1160293076577726E-11, -.9697499154519406, -.1160293076577726E-02, 
 100.0000000000000, -.9109771933033389E-03, -.1888150273977184E-11, -.9109771933033389, -.1888150273977184E-02, 
 100.0000000000000, -.8522044711547364E-03, -.2513047055430114E-11, -.8522044711547364, -.2513047055430114E-02, 
 100.0000000000000, -.7934317490061338E-03, -.3034977027545038E-11, -.7934317490061339, -.3034977027545038E-02, 
 100.0000000000000, -.7346590268575313E-03, -.3453933834219143E-11, -.7346590268575313, -.3453933834219143E-02, 
 100.0000000000000, -.6758863047089288E-03, -.3769911156660945E-11, -.6758863047089287, -.3769911156660945E-02, 
 100.0000000000000, -.6171135825603262E-03, -.3982902713407089E-11, -.6171135825603262, -.3982902713407089E-02, 
 100.0000000000000, -.5583408604117237E-03, -.4092902260326155E-11, -.5583408604117237, -.4092902260326155E-02, 
 100.0000000000000, -.4995681382631212E-03, -.4099903590647675E-11, -.4995681382631211, -.4099903590647674E-02, 
 100.0000000000000, -.4407954161145186E-03, -.4003900534963238E-11, -.4407954161145186, -.4003900534963238E-02, 
 100.0000000000000, -.3820226939659161E-03, -.3804886961258450E-11, -.3820226939659161, -.3804886961258450E-02, 
 100.0000000000000, -.3232499718173135E-03, -.3502856774909446E-11, -.3232499718173135, -.3502856774909446E-02, 
 100.0000000000000, -.2644772496687110E-03, -.3097803918716844E-11, -.2644772496687110, -.3097803918716844E-02, 
 100.0000000000000, -.2057045275201093E-03, -.2589722372909737E-11, -.2057045275201093, -.2589722372909737E-02, 
 100.0000000000000, -.1469318053715068E-03, -.1978606155149365E-11, -.1469318053715068, -.1978606155149365E-02, 
 100.0000000000000, -.8815908322290424E-04, -.1264449320574077E-11, -.8815908322290425E-01, -.1264449320574077E-02, 
 100.0000000000000, -.2938636107430170E-04, -.4472459617843009E-12, -.2938636107430170E-01, -.4472459617843009E-03, 
 100.0000000000000, .2938636107430084E-04, .4730097911226544E-12, .2938636107430084E-01, .4730097911226543E-03, 
 100.0000000000000, .8815908322290338E-04, .1496323770552432E-11, .8815908322290338E-01, .1496323770552432E-02, 
 100.0000000000000, .1469318053715059E-03, .2622701771385604E-11, .1469318053715059, .2622701771385605E-02, 
 100.0000000000000, .2057045275201085E-03, .3852149550977467E-11, .2057045275201085, .3852149550977467E-02, 
 100.0000000000000, .2644772496687110E-03, .5184672829123593E-11, .2644772496687110, .5184672829123593E-02, 
 100.0000000000000, .3232499718173135E-03, .6620277288075294E-11, .3232499718173135, .6620277288075294E-02, 
 100.0000000000000, .3820226939659161E-03, .8158968572495128E-11, .3820226939659161, .8158968572495129E-02, 
 100.0000000000000, .4407954161145186E-03, .9800752289452973E-11, .4407954161145186, .9800752289452973E-02, 
 100.0000000000000, .4995681382631212E-03, .1154563400842451E-10, .4995681382631211, .1154563400842451E-01, 
 100.0000000000000, .5583408604117228E-03, .1339361926125717E-10, .5583408604117228, .1339361926125717E-01, 
 100.0000000000000, .6171135825603254E-03, .1534471354217306E-10, .6171135825603253, .1534471354217306E-01, 
 100.0000000000000, .6758863047089279E-03, .1739892230774180E-10, .6758863047089279, .1739892230774180E-01, 
 100.0000000000000, .7346590268575304E-03, .1955625097687687E-10, .7346590268575305, .1955625097687687E-01, 
 100.0000000000000, .7934317490061330E-03, .2181670493080895E-10, .7934317490061330, .2181670493080895E-01, 
 100.0000000000000, .8522044711547355E-03, .2418028951308533E-10, .8522044711547355, .2418028951308533E-01, 
 100.0000000000000, .9109771933033381E-03, .2664701002955225E-10, .9109771933033380, .2664701002955225E-01, 
 100.0000000000000, .9697499154519406E-03, .2921687174833718E-10, .9697499154519406, .2921687174833718E-01, 
 100.0000000000000, .1028522637600543E-02, .3188987989983171E-10, 1.028522637600543, .3188987989983171E-01, 
 100.0000000000000, .1087295359749146E-02, .3466603967669559E-10, 1.087295359749146, .3466603967669560E-01, 
 100.0000000000000, .1146068081897748E-02, .3754535623382447E-10, 1.146068081897748, .3754535623382447E-01, 
 100.0000000000000, .1204840804046351E-02, .4052783468834304E-10, 1.204840804046351, .4052783468834304E-01, 
 100.0000000000000, .1263613526194953E-02, .4361348011958926E-10, 1.263613526194953, .4361348011958926E-01, 
 100.0000000000000, .1322386248343555E-02, .4680229756910978E-10, 1.322386248343555, .4680229756910979E-01, 
 100.0000000000000, .1381158970492158E-02, .5009429204063637E-10, 1.381158970492157, .5009429204063637E-01, 
 100.0000000000000, .1439931692640760E-02, .5348946850007719E-10, 1.439931692640760, .5348946850007719E-01, 
 100.0000000000000, .1498704414789363E-02, .5698783187550250E-10, 1.498704414789363, .5698783187550251E-01, 
 100.0000000000000, .1557477136937965E-02, .6058938705713284E-10, 1.557477136937965, .6058938705713284E-01, 
 100.0000000000000, .1616249859086568E-02, .6429413889732450E-10, 1.616249859086568, .6429413889732449E-01, 
 100.0000000000000, .1675022581235170E-02, .6810209221055648E-10, 1.675022581235170, .6810209221055648E-01, 
 100.0000000000000, .1733795303383773E-02, .7201325177342081E-10, 1.733795303383773, .7201325177342081E-01, 
 100.0000000000000, .1792568025532375E-02, .7602762232460393E-10, 1.792568025532375, .7602762232460393E-01, 
 100.0000000000000, .1851340747680978E-02, .8014520856487448E-10, 1.851340747680978, .8014520856487448E-01, 
 100.0000000000000, .1910113469829580E-02, .8436601515708229E-10, 1.910113469829580, .8436601515708229E-01, 
 100.0000000000000, .1968886191978182E-02, .8869004672612792E-10, 1.968886191978182, .8869004672612792E-01, 
 100.0000000000000, .2027658914126785E-02, .9311730785896199E-10, 2.027658914126786, .9311730785896200E-01, 
 100.0000000000000, .2086431636275387E-02, .9764780310456168E-10, 2.086431636275387, .9764780310456167E-01, 
 100.0000000000000, .2145204358423991E-02, .1022815369739470E-09, 2.145204358423991, .1022815369739470, 
 100.0000000000000, .2203977080572592E-02, .1070185139401119E-09, 2.203977080572592, .1070185139401119, 
 100.0000000000000, .2262749802721196E-02, .1118587384380783E-09, 2.262749802721196, .1118587384380783, 
 100.0000000000000, .2321522524869797E-02, .1168022148648437E-09, 2.321522524869797, .1168022148648437, 
 100.0000000000000, .2380295247018401E-02, .1218489475793650E-09, 2.380295247018401, .1218489475793650, 
 100.0000000000000, .2439067969167002E-02, .1269989409025713E-09, 2.439067969167002, .1269989409025713, 
 100.0000000000000, .2497840691315604E-02, .1322521991173384E-09, 2.497840691315604, .1322521991173383, 
 100.0000000000000, .2556613413464207E-02, .1376087264684751E-09, 2.556613413464207, .1376087264684751, 
 100.0000000000000, .2615386135612809E-02, .1430685271627079E-09, 2.615386135612809, .1430685271627079, 
 100.0000000000000, .2674158857761413E-02, .1486316053686853E-09, 2.674158857761412, .1486316053686852, 
 100.0000000000000, .2732931579910014E-02, .1542979652169536E-09, 2.732931579910014, .1542979652169535, 
 100.0000000000000, .2791704302058618E-02, .1600676107999354E-09, 2.791704302058617, .1600676107999354, 
 100.0000000000000, .2850477024207219E-02, .1659405461719436E-09, 2.850477024207219, .1659405461719436, 
 100.0000000000000, .2909249746355823E-02, .1719167753491447E-09, 2.909249746355822, .1719167753491447, 
 100.0000000000000, .2968022468504424E-02, .1779963023095631E-09, 2.968022468504425, .1779963023095631, 
 100.0000000000000, .3026795190653028E-02, .1841791309930648E-09, 3.026795190653028, .1841791309930648, 
 100.0000000000000, .3085567912801629E-02, .1904652653013423E-09, 3.085567912801630, .1904652653013423, 
 100.0000000000000, .3144340634950233E-02, .1968547090979057E-09, 3.144340634950233, .1968547090979057, 
 100.0000000000000, .3203113357098834E-02, .2033474662080761E-09, 3.203113357098835, .2033474662080761, 
 100.0000000000000, .3261886079247436E-02, .2099435404189625E-09, 3.261886079247436, .2099435404189625, 
 100.0000000000000, .3320658801396040E-02, .2166429354794729E-09, 3.320658801396040, .2166429354794729, 
 100.0000000000000, .3379431523544641E-02, .2234456551002618E-09, 3.379431523544641, .2234456551002618, 
 100.0000000000000, .3438204245693245E-02, .2303517029537655E-09, 3.438204245693245, .2303517029537655, 
 100.0000000000000, .3496976967841846E-02, .2373610826741679E-09, 3.496976967841846, .2373610826741679, 
 100.0000000000000, .3555749689990450E-02, .2444737978573931E-09, 3.555749689990450, .2444737978573931, 
 100.0000000000000, .3614522412139051E-02, .2516898520610842E-09, 3.614522412139051, .2516898520610842, 
 100.0000000000000, .3673295134287655E-02, .2590092488046158E-09, 3.673295134287655, .2590092488046158, 
 100.0000000000000, .3732067856436256E-02, .2664319915690494E-09, 3.732067856436256, .2664319915690494, 
 100.0000000000000, .3790840578584860E-02, .2739580837971686E-09, 3.790840578584860, .2739580837971686, 
 100.0000000000000, .3849613300733462E-02, .2815875288934213E-09, 3.849613300733461, .2815875288934213, 
 100.0000000000000, .3908386022882065E-02, .2893203302239375E-09, 3.908386022882065, .2893203302239375, 
 100.0000000000000, .3967158745030667E-02, .2971564911165138E-09, 3.967158745030666, .2971564911165138, 
 100.0000000000000, .4025931467179268E-02, .3050960148605919E-09, 4.025931467179269, .3050960148605920, 
 100.0000000000000, .4084704189327872E-02, .3131389047072656E-09, 4.084704189327872, .3131389047072656, 
 100.0000000000000, .4143476911476473E-02, .3212851638692599E-09, 4.143476911476474, .3212851638692599, 
 100.0000000000000, .4202249633625077E-02, .3295347955209106E-09, 4.202249633625077, .3295347955209106, 
 100.0000000000000, .4261022355773678E-02, .3378878027981830E-09, 4.261022355773679, .3378878027981830, 
 100.0000000000000, .4319795077922282E-02, .3463441887986378E-09, 4.319795077922282, .3463441887986378, 
 100.0000000000000, .4378567800070884E-02, .3549039565814168E-09, 4.378567800070884, .3549039565814168, 
 100.0000000000000, .4437340522219487E-02, .3635671091672568E-09, 4.437340522219487, .3635671091672568, 
 100.0000000000000, .4496113244368089E-02, .3723336495384600E-09, 4.496113244368089, .3723336495384600, 
 100.0000000000000, .4554885966516692E-02, .3812035806388957E-09, 4.554885966516692, .3812035806388956, 
 100.0000000000000, .4613658688665294E-02, .3901769053739799E-09, 4.613658688665294, .3901769053739799, 
 100.0000000000000, .4672431410813897E-02, .3992536266106703E-09, 4.672431410813897, .3992536266106703, 
 100.0000000000000, .4731204132962499E-02, .4084337471774597E-09, 4.731204132962499, .4084337471774597, 
 100.0000000000000, .4789976855111100E-02, .4177172698643596E-09, 4.789976855111100, .4177172698643596, 
 100.0000000000000, .4848749577259704E-02, .4271041974228963E-09, 4.848749577259704, .4271041974228963, 
 100.0000000000000, .4907522299408306E-02, .4365945325661026E-09, 4.907522299408305, .4365945325661026, 
 100.0000000000000, .4966295021556909E-02, .4461882779685035E-09, 4.966295021556909, .4461882779685035, 
 100.0000000000000, .5025067743705511E-02, .4558854362661057E-09, 5.025067743705510, .4558854362661057, 
 100.0000000000000, .5083840465854114E-02, .4656860100563849E-09, 5.083840465854114, .4656860100563848, 
 100.0000000000000, .5142613188002716E-02, .4755900018983062E-09, 5.142613188002715, .4755900018983062, 
 100.0000000000000, .5201385910151319E-02, .4855974143122593E-09, 5.201385910151319, .4855974143122593, 
 100.0000000000000, .5260158632299921E-02, .4957082497801107E-09, 5.260158632299921, .4957082497801107, 
 100.0000000000000, .5318931354448524E-02, .5059225107451508E-09, 5.318931354448524, .5059225107451508, 
 100.0000000000000, .5377704076597126E-02, .5162401996120856E-09, 5.377704076597126, .5162401996120857, 
 100.0000000000000, .5436476798745728E-02, .5266613187470664E-09, 5.436476798745727, .5266613187470665, 
 100.0000000000000, .5495249520894331E-02, .5371858704776400E-09, 5.495249520894331, .5371858704776400, 
 100.0000000000000, .5554022243042933E-02, .5478138570927757E-09, 5.554022243042932, .5478138570927757, 
 100.0000000000000, .5612794965191536E-02, .5585452808428064E-09, 5.612794965191536, .5585452808428064, 
 100.0000000000000, .5671567687340138E-02, .5693801439394594E-09, 5.671567687340137, .5693801439394595, 
 100.0000000000000, .5730340409488741E-02, .5803184485558648E-09, 5.730340409488741, .5803184485558648, 
 100.0000000000000, .5789113131637343E-02, .5913601968264821E-09, 5.789113131637343, .5913601968264821, 
 100.0000000000000, .5847885853785946E-02, .6025053908471458E-09, 5.847885853785947, .6025053908471458, 
 150.0000000000000, -.5847885853785946E-02, .3291406832426260E-09, -5.847885853785947, .3291406832426260, 
 150.0000000000000, -.5789113131637344E-02, .3209149273482033E-09, -5.789113131637343, .3209149273482033, 
 150.0000000000000, -.5730340409488741E-02, .3127888116116442E-09, -5.730340409488741, .3127888116116442, 
 150.0000000000000, -.5671567687340139E-02, .3047623433689128E-09, -5.671567687340138, .3047623433689128, 
 150.0000000000000, -.5612794965191536E-02, .2968355299248819E-09, -5.612794965191536, .2968355299248819, 
 150.0000000000000, -.5554022243042933E-02, .2890083785532758E-09, -5.554022243042933, .2890083785532758, 
 150.0000000000000, -.5495249520894332E-02, .2812808964967107E-09, -5.495249520894331, .2812808964967107, 
 150.0000000000000, -.5436476798745729E-02, .2736530909666398E-09, -5.436476798745729, .2736530909666399, 
 150.0000000000000, -.5377704076597127E-02, .2661249691433386E-09, -5.377704076597126, .2661249691433387, 
 150.0000000000000, -.5318931354448524E-02, .2586965381759410E-09, -5.318931354448524, .2586965381759410, 
 150.0000000000000, -.5260158632299922E-02, .2513678051823473E-09, -5.260158632299921, .2513678051823474, 
 150.0000000000000, -.5201385910151319E-02, .2441387772493038E-09, -5.201385910151319, .2441387772493038, 
 150.0000000000000, -.5142613188002717E-02, .2370094614323020E-09, -5.142613188002716, .2370094614323020, 
 150.0000000000000, -.5083840465854114E-02, .2299798647556133E-09, -5.083840465854114, .2299798647556133, 
 150.0000000000000, -.5025067743705511E-02, .2230499942123067E-09, -5.025067743705511, .2230499942123067, 
 150.0000000000000, -.4966295021556909E-02, .2162198567641368E-09, -4.966295021556909, .2162198567641368, 
 150.0000000000000, -.4907522299408306E-02, .2094894593416252E-09, -4.907522299408306, .2094894593416252, 
 150.0000000000000, -.4848749577259704E-02, .2028588088440361E-09, -4.848749577259704, .2028588088440361, 
 150.0000000000000, -.4789976855111101E-02, .1963279121392818E-09, -4.789976855111101, .1963279121392818, 
 150.0000000000000, -.4731204132962500E-02, .1898967760640331E-09, -4.731204132962500, .1898967760640331, 
 150.0000000000000, -.4672431410813896E-02, .1835654074235983E-09, -4.672431410813896, .1835654074235983, 
 150.0000000000000, -.4613658688665295E-02, .1773338129919894E-09, -4.613658688665295, .1773338129919894, 
 150.0000000000000, -.4554885966516692E-02, .1712019995118508E-09, -4.554885966516692, .1712019995118508, 
 150.0000000000000, -.4496113244368089E-02, .1651699736944888E-09, -4.496113244368090, .1651699736944888, 
 150.0000000000000, -.4437340522219487E-02, .1592377422198335E-09, -4.437340522219487, .1592377422198335, 
 150.0000000000000, -.4378567800070884E-02, .1534053117364339E-09, -4.378567800070885, .1534053117364339, 
 150.0000000000000, -.4319795077922282E-02, .1476726888614758E-09, -4.319795077922282, .1476726888614758, 
 150.0000000000000, -.4261022355773679E-02, .1420398801806960E-09, -4.261022355773679, .1420398801806960, 
 150.0000000000000, -.4202249633625077E-02, .1365068922484441E-09, -4.202249633625077, .1365068922484441, 
 150.0000000000000, -.4143476911476474E-02, .1310737315876399E-09, -4.143476911476474, .1310737315876399, 
 150.0000000000000, -.4084704189327872E-02, .1257404046897665E-09, -4.084704189327872, .1257404046897665, 
 150.0000000000000, -.4025931467179269E-02, .1205069180148233E-09, -4.025931467179269, .1205069180148233, 
 150.0000000000000, -.3967158745030668E-02, .1153732779913826E-09, -3.967158745030667, .1153732779913826, 
 150.0000000000000, -.3908386022882064E-02, .1103394910165280E-09, -3.908386022882064, .1103394910165280, 
 150.0000000000000, -.3849613300733462E-02, .1054055634558468E-09, -3.849613300733462, .1054055634558468, 
 150.0000000000000, -.3790840578584859E-02, .1005715016434342E-09, -3.790840578584859, .1005715016434342, 
 150.0000000000000, -.3732067856436257E-02, .9583731188187540E-10, -3.732067856436257, .9583731188187540E-01, 
 150.0000000000000, -.3673295134287655E-02, .9120300044221345E-10, -3.673295134287655, .9120300044221345E-01, 
 150.0000000000000, -.3614522412139052E-02, .8666857356398235E-10, -3.614522412139052, .8666857356398235E-01, 
 150.0000000000000, -.3555749689990450E-02, .8223403745514455E-10, -3.555749689990450, .8223403745514454E-01, 
 150.0000000000000, -.3496976967841847E-02, .7789939829212364E-10, -3.496976967841847, .7789939829212364E-01, 
 150.0000000000000, -.3438204245693245E-02, .7366466221975030E-10, -3.438204245693245, .7366466221975029E-01, 
 150.0000000000000, -.3379431523544643E-02, .6952983535128049E-10, -3.379431523544643, .6952983535128049E-01, 
 150.0000000000000, -.3320658801396040E-02, .6549492376839553E-10, -3.320658801396040, .6549492376839552E-01, 
 150.0000000000000, -.3261886079247437E-02, .6155993352113162E-10, -3.261886079247438, .6155993352113161E-01, 
 150.0000000000000, -.3203113357098835E-02, .5772487062794634E-10, -3.203113357098835, .5772487062794634E-01, 
 150.0000000000000, -.3144340634950232E-02, .5398974107564789E-10, -3.144340634950233, .5398974107564789E-01, 
 150.0000000000000, -.3085567912801630E-02, .5035455081940059E-10, -3.085567912801630, .5035455081940059E-01, 
 150.0000000000000, -.3026795190653028E-02, .4681930578273385E-10, -3.026795190653028, .4681930578273385E-01, 
 150.0000000000000, -.2968022468504425E-02, .4338401185749749E-10, -2.968022468504425, .4338401185749749E-01, 
 150.0000000000000, -.2909249746355823E-02, .4004867490387325E-10, -2.909249746355822, .4004867490387325E-01, 
 150.0000000000000, -.2850477024207220E-02, .3681330075035367E-10, -2.850477024207220, .3681330075035368E-01, 
 150.0000000000000, -.2791704302058618E-02, .3367789519374995E-10, -2.791704302058617, .3367789519374995E-01, 
 150.0000000000000, -.2732931579910015E-02, .3064246399914591E-10, -2.732931579910015, .3064246399914591E-01, 
 150.0000000000000, -.2674158857761413E-02, .2770701289990873E-10, -2.674158857761412, .2770701289990873E-01, 
 150.0000000000000, -.2615386135612810E-02, .2487154759768911E-10, -2.615386135612810, .2487154759768911E-01, 
 150.0000000000000, -.2556613413464208E-02, .2213607376238684E-10, -2.556613413464208, .2213607376238684E-01, 
 150.0000000000000, -.2497840691315605E-02, .1950059703214395E-10, -2.497840691315605, .1950059703214395E-01, 
 150.0000000000000, -.2439067969167003E-02, .1696512301334933E-10, -2.439067969167003, .1696512301334933E-01, 
 150.0000000000000, -.2380295247018400E-02, .1452965728061320E-10, -2.380295247018400, .1452965728061320E-01, 
 150.0000000000000, -.2321522524869798E-02, .1219420537675973E-10, -2.321522524869798, .1219420537675973E-01, 
 150.0000000000000, -.2262749802721196E-02, .9958772812831560E-11, -2.262749802721196, .9958772812831560E-02, 
 150.0000000000000, -.2203977080572593E-02, .7823365068033446E-11, -2.203977080572593, .7823365068033446E-02, 
 150.0000000000000, -.2145204358423991E-02, .5787987589783904E-11, -2.145204358423991, .5787987589783905E-02, 
 150.0000000000000, -.2086431636275388E-02, .3852645793654011E-11, -2.086431636275388, .3852645793654011E-02, 
 150.0000000000000, -.2027658914126785E-02, .2017345063387115E-11, -2.027658914126786, .2017345063387115E-02, 
 150.0000000000000, -.1968886191978183E-02, .2820907508788812E-12, -1.968886191978183, .2820907508788812E-03, 
 150.0000000000000, -.1910113469829580E-02, -.1353111823857929E-11, -1.910113469829580, -.1353111823857929E-02, 
 150.0000000000000, -.1851340747680978E-02, -.2888257372644303E-11, -1.851340747680978, -.2888257372644303E-02, 
 150.0000000000000, -.1792568025532375E-02, -.4323340639204372E-11, -1.792568025532375, -.4323340639204372E-02, 
 150.0000000000000, -.1733795303383773E-02, -.5658356399154591E-11, -1.733795303383773, -.5658356399154591E-02, 
 150.0000000000000, -.1675022581235171E-02, -.6893299460007434E-11, -1.675022581235171, -.6893299460007433E-02, 
 150.0000000000000, -.1616249859086569E-02, -.8028164661190157E-11, -1.616249859086569, -.8028164661190157E-02, 
 150.0000000000000, -.1557477136937966E-02, -.9062946874044624E-11, -1.557477136937966, -.9062946874044624E-02, 
 150.0000000000000, -.1498704414789363E-02, -.9997641001849089E-11, -1.498704414789364, -.9997641001849088E-02, 
 150.0000000000000, -.1439931692640761E-02, -.1083224197983415E-10, -1.439931692640761, -.1083224197983415E-01, 
 150.0000000000000, -.1381158970492158E-02, -.1156674477517225E-10, -1.381158970492158, -.1156674477517225E-01, 
 150.0000000000000, -.1322386248343556E-02, -.1220114438699569E-10, -1.322386248343556, -.1220114438699569E-01, 
 150.0000000000000, -.1263613526194953E-02, -.1273543584642488E-10, -1.263613526194953, -.1273543584642488E-01, 
 150.0000000000000, -.1204840804046351E-02, -.1316961421654618E-10, -1.204840804046351, -.1316961421654618E-01, 
 150.0000000000000, -.1146068081897748E-02, -.1350367459244183E-10, -1.146068081897748, -.1350367459244183E-01, 
 150.0000000000000, -.1087295359749146E-02, -.1373761210121926E-10, -1.087295359749146, -.1373761210121927E-01, 
 150.0000000000000, -.1028522637600543E-02, -.1387142190196370E-10, -1.028522637600543, -.1387142190196370E-01, 
 150.0000000000000, -.9697499154519406E-03, -.1390509918581568E-10, -.9697499154519406, -.1390509918581568E-01, 
 150.0000000000000, -.9109771933033389E-03, -.1383863917591713E-10, -.9109771933033389, -.1383863917591713E-01, 
 150.0000000000000, -.8522044711547364E-03, -.1367203712748358E-10, -.8522044711547364, -.1367203712748358E-01, 
 150.0000000000000, -.7934317490061338E-03, -.1340528832775553E-10, -.7934317490061339, -.1340528832775553E-01, 
 150.0000000000000, -.7346590268575313E-03, -.1303838809605020E-10, -.7346590268575313, -.1303838809605020E-01, 
 150.0000000000000, -.6758863047089288E-03, -.1257133178375188E-10, -.6758863047089287, -.1257133178375188E-01, 
 150.0000000000000, -.6171135825603262E-03, -.1200411477432506E-10, -.6171135825603262, -.1200411477432506E-01, 
 150.0000000000000, -.5583408604117237E-03, -.1133673248333263E-10, -.5583408604117237, -.1133673248333263E-01, 
 150.0000000000000, -.4995681382631212E-03, -.1056918035841725E-10, -.4995681382631211, -.1056918035841725E-01, 
 150.0000000000000, -.4407954161145186E-03, -.9701453879360217E-11, -.4407954161145186, -.9701453879360217E-02, 
 150.0000000000000, -.3820226939659161E-03, -.8733548558031982E-11, -.3820226939659161, -.8733548558031982E-02, 
 150.0000000000000, -.3232499718173135E-03, -.7665459938442701E-11, -.3232499718173135, -.7665459938442701E-02, 
 150.0000000000000, -.2644772496687110E-03, -.6497183596753864E-11, -.2644772496687110, -.6497183596753864E-02, 
 150.0000000000000, -.2057045275201093E-03, -.5228715141246901E-11, -.2057045275201093, -.5228715141246901E-02, 
 150.0000000000000, -.1469318053715068E-03, -.3860050212383366E-11, -.1469318053715068, -.3860050212383366E-02, 
 150.0000000000000, -.8815908322290424E-04, -.2391184482779765E-11, -.8815908322290425E-01, -.2391184482779765E-02, 
 150.0000000000000, -.2938636107430170E-04, -.8221136572172587E-12, -.2938636107430170E-01, -.8221136572172587E-03, 
 150.0000000000000, .2938636107430084E-04, .8471665273258528E-12, .2938636107430084E-01, .8471665273258528E-03, 
 150.0000000000000, .8815908322290338E-04, .2616660301683244E-11, .8815908322290338E-01, .2616660301683244E-02, 
 150.0000000000000, .1469318053715059E-03, .4486371864483117E-11, .1469318053715059, .4486371864483117E-02, 
 150.0000000000000, .2057045275201085E-03, .6456305382157278E-11, .2057045275201085, .6456305382157278E-02, 
 150.0000000000000, .2644772496687110E-03, .8526464988909167E-11, .2644772496687110, .8526464988909167E-02, 
 150.0000000000000, .3232499718173135E-03, .1069685478670537E-10, .3232499718173135, .1069685478670536E-01, 
 150.0000000000000, .3820226939659161E-03, .1296747884529758E-10, .3820226939659161, .1296747884529758E-01, 
 150.0000000000000, .4407954161145186E-03, .1533834120216761E-10, .4407954161145186, .1533834120216761E-01, 
 150.0000000000000, .4995681382631212E-03, .1780944586255606E-10, .4995681382631211, .1780944586255606E-01, 
 150.0000000000000, .5583408604117228E-03, .2038079679945171E-10, .5583408604117228, .2038079679945171E-01, 
 150.0000000000000, .6171135825603254E-03, .2305239795354291E-10, .6171135825603253, .2305239795354291E-01, 
 150.0000000000000, .6758863047089279E-03, .2582425323326914E-10, .6758863047089279, .2582425323326914E-01, 
 150.0000000000000, .7346590268575304E-03, .2869636651475806E-10, .7346590268575305, .2869636651475806E-01, 
 150.0000000000000, .7934317490061330E-03, .3166874164184917E-10, .7934317490061330, .3166874164184917E-01, 
 150.0000000000000, .8522044711547355E-03, .3474138242607680E-10, .8522044711547355, .3474138242607679E-01, 
 150.0000000000000, .9109771933033381E-03, .3791429264665634E-10, .9109771933033380, .3791429264665634E-01, 
 150.0000000000000, .9697499154519406E-03, .4118747605049365E-10, .9697499154519406, .4118747605049365E-01, 
 150.0000000000000, .1028522637600543E-02, .4456093635214623E-10, 1.028522637600543, .4456093635214623E-01, 
 150.0000000000000, .1087295359749146E-02, .4803467723384653E-10, 1.087295359749146, .4803467723384653E-01, 
 150.0000000000000, .1146068081897748E-02, .5160870234546794E-10, 1.146068081897748, .5160870234546794E-01, 
 150.0000000000000, .1204840804046351E-02, .5528301530455008E-10, 1.204840804046351, .5528301530455008E-01, 
 150.0000000000000, .1263613526194953E-02, .5905761969623398E-10, 1.263613526194953, .5905761969623398E-01, 
 150.0000000000000, .1322386248343555E-02, .6293251907331603E-10, 1.322386248343555, .6293251907331603E-01, 
 150.0000000000000, .1381158970492158E-02, .6690771695621225E-10, 1.381158970492157, .6690771695621225E-01, 
 150.0000000000000, .1439931692640760E-02, .7098321683293805E-10, 1.439931692640760, .7098321683293805E-01, 
 150.0000000000000, .1498704414789363E-02, .7515902215912245E-10, 1.498704414789363, .7515902215912246E-01, 
 150.0000000000000, .1557477136937965E-02, .7943513635799328E-10, 1.557477136937965, .7943513635799328E-01, 
 150.0000000000000, .1616249859086568E-02, .8381156282035470E-10, 1.616249859086568, .8381156282035469E-01, 
 150.0000000000000, .1675022581235170E-02, .8828830490459653E-10, 1.675022581235170, .8828830490459652E-01, 
 150.0000000000000, .1733795303383773E-02, .9286536593669296E-10, 1.733795303383773, .9286536593669296E-01, 
 150.0000000000000, .1792568025532375E-02, .9754274921017041E-10, 1.792568025532375, .9754274921017041E-01, 
 150.0000000000000, .1851340747680978E-02, .1023204579861205E-09, 1.851340747680978, .1023204579861205, 
 150.0000000000000, .1910113469829580E-02, .1071984954931777E-09, 1.910113469829580, .1071984954931777, 
 150.0000000000000, .1968886191978182E-02, .1121768649275222E-09, 1.968886191978182, .1121768649275222, 
 150.0000000000000, .2027658914126785E-02, .1172555694528758E-09, 2.027658914126786, .1172555694528758, 
 150.0000000000000, .2086431636275387E-02, .1224346122004820E-09, 2.086431636275387, .1224346122004820, 
 150.0000000000000, .2145204358423991E-02, .1277139962690949E-09, 2.145204358423991, .1277139962690949, 
 150.0000000000000, .2203977080572592E-02, .1330937247250001E-09, 2.203977080572592, .1330937247250001, 
 150.0000000000000, .2262749802721196E-02, .1385738006019735E-09, 2.262749802721196, .1385738006019735, 
 150.0000000000000, .2321522524869797E-02, .1441542269012963E-09, 2.321522524869797, .1441542269012963, 
 150.0000000000000, .2380295247018401E-02, .1498350065917376E-09, 2.380295247018401, .1498350065917375, 
 150.0000000000000, .2439067969167002E-02, .1556161426095507E-09, 2.439067969167002, .1556161426095507, 
 150.0000000000000, .2497840691315604E-02, .1614976378584677E-09, 2.497840691315604, .1614976378584677, 
 150.0000000000000, .2556613413464207E-02, .1674794952096855E-09, 2.556613413464207, .1674794952096854, 
 150.0000000000000, .2615386135612809E-02, .1735617175018649E-09, 2.615386135612809, .1735617175018649, 
 150.0000000000000, .2674158857761413E-02, .1797443075411225E-09, 2.674158857761412, .1797443075411225, 
 150.0000000000000, .2732931579910014E-02, .1860272681010232E-09, 2.732931579910014, .1860272681010232, 
 150.0000000000000, .2791704302058618E-02, .1924106019225700E-09, 2.791704302058617, .1924106019225700, 
 150.0000000000000, .2850477024207219E-02, .1988943117142009E-09, 2.850477024207219, .1988943117142009, 
 150.0000000000000, .2909249746355823E-02, .2054784001517825E-09, 2.909249746355822, .2054784001517825, 
 150.0000000000000, .2968022468504424E-02, .2121628698786079E-09, 2.968022468504425, .2121628698786079, 
 150.0000000000000, .3026795190653028E-02, .2189477235053843E-09, 3.026795190653028, .2189477235053843, 
 150.0000000000000, .3085567912801629E-02, .2258329636102074E-09, 3.085567912801630, .2258329636102074, 
 150.0000000000000, .3144340634950233E-02, .2328185927385837E-09, 3.144340634950233, .2328185927385837, 
 150.0000000000000, .3203113357098834E-02, .2399046134034299E-09, 3.203113357098835, .2399046134034299, 
 150.0000000000000, .3261886079247436E-02, .2470910280850291E-09, 3.261886079247436, .2470910280850291, 
 150.0000000000000, .3320658801396040E-02, .2543778392310486E-09, 3.320658801396040, .2543778392310486, 
 150.0000000000000, .3379431523544641E-02, .2617650492565470E-09, 3.379431523544641, .2617650492565470, 
 150.0000000000000, .3438204245693245E-02, .2692526605439178E-09, 3.438204245693245, .2692526605439178, 
 150.0000000000000, .3496976967841846E-02, .2768406754429571E-09, 3.496976967841846, .2768406754429572, 
 150.0000000000000, .3555749689990450E-02, .2845290962707814E-09, 3.555749689990450, .2845290962707814, 
 150.0000000000000, .3614522412139051E-02, .2923179253118772E-09, 3.614522412139051, .2923179253118772, 
 150.0000000000000, .3673295134287655E-02, .3002071648180661E-09, 3.673295134287655, .3002071648180661, 
 150.0000000000000, .3732067856436256E-02, .3081968170084935E-09, 3.732067856436256, .3081968170084936, 
 150.0000000000000, .3790840578584860E-02, .3162868840696724E-09, 3.790840578584860, .3162868840696724, 
 150.0000000000000, .3849613300733462E-02, .3244773681553897E-09, 3.849613300733461, .3244773681553897, 
 150.0000000000000, .3908386022882065E-02, .3327682713867934E-09, 3.908386022882065, .3327682713867934, 
 150.0000000000000, .3967158745030667E-02, .3411595958523330E-09, 3.967158745030666, .3411595958523331, 
 150.0000000000000, .4025931467179268E-02, .3496513436077404E-09, 4.025931467179269, .3496513436077404, 
 150.0000000000000, .4084704189327872E-02, .3582435166760670E-09, 4.084704189327872, .3582435166760670, 
 150.0000000000000, .4143476911476473E-02, .3669361170476849E-09, 4.143476911476474, .3669361170476849, 
 150.0000000000000, .4202249633625077E-02, .3757291466801912E-09, 4.202249633625077, .3757291466801912, 
 150.0000000000000, .4261022355773678E-02, .3846226074985220E-09, 4.261022355773679, .3846226074985220, 
 150.0000000000000, .4319795077922282E-02, .3936165013948684E-09, 4.319795077922282, .3936165013948684, 
 150.0000000000000, .4378567800070884E-02, .4027108302287022E-09, 4.378567800070884, .4027108302287022, 
 150.0000000000000, .4437340522219487E-02, .4119055958267264E-09, 4.437340522219487, .4119055958267264, 
 150.0000000000000, .4496113244368089E-02, .4212007999829547E-09, 4.496113244368089, .4212007999829547, 
 150.0000000000000, .4554885966516692E-02, .4305964444586489E-09, 4.554885966516692, .4305964444586489, 
 150.0000000000000, .4613658688665294E-02, .4400925309822740E-09, 4.613658688665294, .4400925309822740, 
 150.0000000000000, .4672431410813897E-02, .4496890612495895E-09, 4.672431410813897, .4496890612495895, 
 150.0000000000000, .4731204132962499E-02, .4593860369235541E-09, 4.731204132962499, .4593860369235541, 
 150.0000000000000, .4789976855111100E-02, .4691834596343943E-09, 4.789976855111100, .4691834596343943, 
 150.0000000000000, .4848749577259704E-02, .4790813309795398E-09, 4.848749577259704, .4790813309795398, 
 150.0000000000000, .4907522299408306E-02, .4890796525236673E-09, 4.907522299408305, .4890796525236673, 
 150.0000000000000, .4966295021556909E-02, .4991784257986367E-09, 4.966295021556909, .4991784257986367, 
 150.0000000000000, .5025067743705511E-02, .5093776523035491E-09, 5.025067743705510, .5093776523035491, 
 150.0000000000000, .5083840465854114E-02, .5196773335046999E-09, 5.083840465854114, .5196773335046999, 
 150.0000000000000, .5142613188002716E-02, .5300774708355884E-09, 5.142613188002715, .5300774708355884, 
 150.0000000000000, .5201385910151319E-02, .5405780656969087E-09, 5.201385910151319, .5405780656969087, 
 150.0000000000000, .5260158632299921E-02, .5511791194565692E-09, 5.260158632299921, .5511791194565692, 
 150.0000000000000, .5318931354448524E-02, .5618806334496078E-09, 5.318931354448524, .5618806334496078, 
 150.0000000000000, .5377704076597126E-02, .5726826089783138E-09, 5.377704076597126, .5726826089783138, 
 150.0000000000000, .5436476798745728E-02, .5835850473121178E-09, 5.436476798745727, .5835850473121178, 
 150.0000000000000, .5495249520894331E-02, .5945879496876270E-09, 5.495249520894331, .5945879496876270, 
 150.0000000000000, .5554022243042933E-02, .6056913173086197E-09, 5.554022243042932, .6056913173086197, 
 150.0000000000000, .5612794965191536E-02, .6168951513460238E-09, 5.612794965191536, .6168951513460238, 
 150.0000000000000, .5671567687340138E-02, .6281994529379590E-09, 5.671567687340137, .6281994529379590, 
 150.0000000000000, .5730340409488741E-02, .6396042231896576E-09, 5.730340409488741, .6396042231896576, 
 150.0000000000000, .5789113131637343E-02, .6511094631735344E-09, 5.789113131637343, .6511094631735344, 
 150.0000000000000, .5847885853785946E-02, .6627151739291416E-09, 5.847885853785947, .6627151739291416, 
 200.0000000000000, -.5847885853785946E-02, .2434325706978072E-09, -5.847885853785947, .2434325706978072, 
 200.0000000000000, -.5789113131637344E-02, .2362237978224985E-09, -5.789113131637343, .2362237978224985, 
 200.0000000000000, -.5730340409488741E-02, .2291115575045740E-09, -5.730340409488741, .2291115575045740, 
 200.0000000000000, -.5671567687340139E-02, .2220958553749199E-09, -5.671567687340138, .2220958553749199, 
 200.0000000000000, -.5612794965191536E-02, .2151766970379773E-09, -5.612794965191536, .2151766970379773, 
 200.0000000000000, -.5554022243042933E-02, .2083540880717525E-09, -5.554022243042933, .2083540880717525, 
 200.0000000000000, -.5495249520894332E-02, .2016280340277593E-09, -5.495249520894331, .2016280340277593, 
 200.0000000000000, -.5436476798745729E-02, .1949985404310633E-09, -5.436476798745729, .1949985404310633, 
 200.0000000000000, -.5377704076597127E-02, .1884656127802573E-09, -5.377704076597126, .1884656127802573, 
 200.0000000000000, -.5318931354448524E-02, .1820292565474174E-09, -5.318931354448524, .1820292565474174, 
 200.0000000000000, -.5260158632299922E-02, .1756894771781518E-09, -5.260158632299921, .1756894771781518, 
 200.0000000000000, -.5201385910151319E-02, .1694462800915808E-09, -5.201385910151319, .1694462800915807, 
 200.0000000000000, -.5142613188002717E-02, .1632996706802665E-09, -5.142613188002716, .1632996706802665, 
 200.0000000000000, -.5083840465854114E-02, .1572496543102892E-09, -5.083840465854114, .1572496543102892, 
 200.0000000000000, -.5025067743705511E-02, .1512962363211853E-09, -5.025067743705511, .1512962363211853, 
 200.0000000000000, -.4966295021556909E-02, .1454394220259898E-09, -4.966295021556909, .1454394220259898, 
 200.0000000000000, -.4907522299408306E-02, .1396792167111342E-09, -4.907522299408306, .1396792167111343, 
 200.0000000000000, -.4848749577259704E-02, .1340156256365399E-09, -4.848749577259704, .1340156256365399, 
 200.0000000000000, -.4789976855111101E-02, .1284486540355748E-09, -4.789976855111101, .1284486540355748, 
 200.0000000000000, -.4731204132962500E-02, .1229783071150127E-09, -4.731204132962500, .1229783071150127, 
 200.0000000000000, -.4672431410813896E-02, .1176045900550634E-09, -4.672431410813896, .1176045900550634, 
 200.0000000000000, -.4613658688665295E-02, .1123275080093592E-09, -4.613658688665295, .1123275080093592, 
 200.0000000000000, -.4554885966516692E-02, .1071470661049242E-09, -4.554885966516692, .1071470661049242, 
 200.0000000000000, -.4496113244368089E-02, .1020632694422072E-09, -4.496113244368090, .1020632694422072, 
 200.0000000000000, -.4437340522219487E-02, .9707612309502539E-10, -4.437340522219487, .9707612309502539E-01, 
 200.0000000000000, -.4378567800070884E-02, .9218563211059414E-10, -4.378567800070885, .9218563211059415E-01, 
 200.0000000000000, -.4319795077922282E-02, .8739180150952207E-10, -4.319795077922282, .8739180150952207E-01, 
 200.0000000000000, -.4261022355773679E-02, .8269463628572855E-10, -4.261022355773679, .8269463628572855E-01, 
 200.0000000000000, -.4202249633625077E-02, .7809414140658430E-10, -4.202249633625077, .7809414140658430E-01, 
 200.0000000000000, -.4143476911476474E-02, .7359032181272310E-10, -4.143476911476474, .7359032181272310E-01, 
 200.0000000000000, -.4084704189327872E-02, .6918318241820673E-10, -4.084704189327872, .6918318241820673E-01, 
 200.0000000000000, -.4025931467179269E-02, .6487272811034600E-10, -4.025931467179269, .6487272811034600E-01, 
 200.0000000000000, -.3967158745030668E-02, .6065896374986300E-10, -3.967158745030667, .6065896374986299E-01, 
 200.0000000000000, -.3908386022882064E-02, .5654189417077086E-10, -3.908386022882064, .5654189417077086E-01, 
 200.0000000000000, -.3849613300733462E-02, .5252152418039644E-10, -3.849613300733462, .5252152418039644E-01, 
 200.0000000000000, -.3790840578584859E-02, .4859785855937144E-10, -3.790840578584859, .4859785855937145E-01, 
 200.0000000000000, -.3732067856436257E-02, .4477090206164052E-10, -3.732067856436257, .4477090206164052E-01, 
 200.0000000000000, -.3673295134287655E-02, .4104065941443059E-10, -3.673295134287655, .4104065941443059E-01, 
 200.0000000000000, -.3614522412139052E-02, .3740713531827117E-10, -3.614522412139052, .3740713531827117E-01, 
 200.0000000000000, -.3555749689990450E-02, .3387033444694958E-10, -3.555749689990450, .3387033444694958E-01, 
 200.0000000000000, -.3496976967841847E-02, .3043026144752674E-10, -3.496976967841847, .3043026144752673E-01, 
 200.0000000000000, -.3438204245693245E-02, .2708692094035577E-10, -3.438204245693245, .2708692094035577E-01, 
 200.0000000000000, -.3379431523544643E-02, .2384031751899403E-10, -3.379431523544643, .2384031751899403E-01, 
 200.0000000000000, -.3320658801396040E-02, .2069045575030706E-10, -3.320658801396040, .2069045575030706E-01, 
 200.0000000000000, -.3261886079247437E-02, .1763734017435326E-10, -3.261886079247438, .1763734017435326E-01, 
 200.0000000000000, -.3203113357098835E-02, .1468097530445074E-10, -3.203113357098835, .1468097530445074E-01, 
 200.0000000000000, -.3144340634950232E-02, .1182136562714937E-10, -3.144340634950233, .1182136562714937E-01, 
 200.0000000000000, -.3085567912801630E-02, .9058515602197804E-11, -3.085567912801630, .9058515602197805E-02, 
 200.0000000000000, -.3026795190653028E-02, .6392429662573083E-11, -3.026795190653028, .6392429662573083E-02, 
 200.0000000000000, -.2968022468504425E-02, .3823112214468133E-11, -2.968022468504425, .3823112214468133E-02, 
 200.0000000000000, -.2909249746355823E-02, .1350567637248198E-11, -2.909249746355822, .1350567637248198E-02, 
 200.0000000000000, -.2850477024207220E-02, -.1025199716510521E-11, -2.850477024207220, -.1025199716510521E-02, 
 200.0000000000000, -.2791704302058618E-02, -.3304185521046314E-11, -2.791704302058617, -.3304185521046314E-02, 
 200.0000000000000, -.2732931579910015E-02, -.5486385477432608E-11, -2.732931579910015, -.5486385477432608E-02, 
 200.0000000000000, -.2674158857761413E-02, -.7571795313562675E-11, -2.674158857761412, -.7571795313562675E-02, 
 200.0000000000000, -.2615386135612810E-02, -.9560410784159123E-11, -2.615386135612810, -.9560410784159123E-02, 
 200.0000000000000, -.2556613413464208E-02, -.1145222767080251E-10, -2.556613413464208, -.1145222767080251E-01, 
 200.0000000000000, -.2497840691315605E-02, -.1324724178190310E-10, -2.497840691315605, -.1324724178190310E-01, 
 200.0000000000000, -.2439067969167003E-02, -.1494544895274982E-10, -2.439067969167003, -.1494544895274981E-01, 
 200.0000000000000, -.2380295247018400E-02, -.1654684504548582E-10, -2.380295247018400, -.1654684504548582E-01, 
 200.0000000000000, -.2321522524869798E-02, -.1805142594910180E-10, -2.321522524869798, -.1805142594910180E-01, 
 200.0000000000000, -.2262749802721196E-02, -.1945918757950535E-10, -2.262749802721196, -.1945918757950535E-01, 
 200.0000000000000, -.2203977080572593E-02, -.2077012587946095E-10, -2.203977080572593, -.2077012587946095E-01, 
 200.0000000000000, -.2145204358423991E-02, -.2198423681862621E-10, -2.145204358423991, -.2198423681862621E-01, 
 200.0000000000000, -.2086431636275388E-02, -.2310151639355974E-10, -2.086431636275388, -.2310151639355974E-01, 
 200.0000000000000, -.2027658914126785E-02, -.2412196062771236E-10, -2.027658914126786, -.2412196062771236E-01, 
 200.0000000000000, -.1968886191978183E-02, -.2504556557146634E-10, -1.968886191978183, -.2504556557146634E-01, 
 200.0000000000000, -.1910113469829580E-02, -.2587232730209216E-10, -1.910113469829580, -.2587232730209216E-01, 
 200.0000000000000, -.1851340747680978E-02, -.2660224192380397E-10, -1.851340747680978, -.2660224192380397E-01, 
 200.0000000000000, -.1792568025532375E-02, -.2723530556774753E-10, -1.792568025532375, -.2723530556774752E-01, 
 200.0000000000000, -.1733795303383773E-02, -.2777151439197375E-10, -1.733795303383773, -.2777151439197375E-01, 
 200.0000000000000, -.1675022581235171E-02, -.2821086458150590E-10, -1.675022581235171, -.2821086458150590E-01, 
 200.0000000000000, -.1616249859086569E-02, -.2855335234831049E-10, -1.616249859086569, -.2855335234831049E-01, 
 200.0000000000000, -.1557477136937966E-02, -.2879897393129184E-10, -1.557477136937966, -.2879897393129184E-01, 
 200.0000000000000, -.1498704414789363E-02, -.2894772559633245E-10, -1.498704414789364, -.2894772559633245E-01, 
 200.0000000000000, -.1439931692640761E-02, -.2899960363627227E-10, -1.439931692640761, -.2899960363627227E-01, 
 200.0000000000000, -.1381158970492158E-02, -.2895460437093085E-10, -1.381158970492158, -.2895460437093085E-01, 
 200.0000000000000, -.1322386248343556E-02, -.2881272414710650E-10, -1.322386248343556, -.2881272414710650E-01, 
 200.0000000000000, -.1263613526194953E-02, -.2857395933856955E-10, -1.263613526194953, -.2857395933856955E-01, 
 200.0000000000000, -.1204840804046351E-02, -.2823830634609885E-10, -1.204840804046351, -.2823830634609885E-01, 
 200.0000000000000, -.1146068081897748E-02, -.2780576159747130E-10, -1.146068081897748, -.2780576159747130E-01, 
 200.0000000000000, -.1087295359749146E-02, -.2727632154745525E-10, -1.087295359749146, -.2727632154745525E-01, 
 200.0000000000000, -.1028522637600543E-02, -.2664998267783611E-10, -1.028522637600543, -.2664998267783611E-01, 
 200.0000000000000, -.9697499154519406E-03, -.2592674149740204E-10, -.9697499154519406, -.2592674149740204E-01, 
 200.0000000000000, -.9109771933033389E-03, -.2510659454199598E-10, -.9109771933033389, -.2510659454199598E-01, 
 200.0000000000000, -.8522044711547364E-03, -.2418953837445671E-10, -.8522044711547364, -.2418953837445671E-01, 
 200.0000000000000, -.7934317490061338E-03, -.2317556958466767E-10, -.7934317490061339, -.2317556958466767E-01, 
 200.0000000000000, -.7346590268575313E-03, -.2206468478954839E-10, -.7346590268575313, -.2206468478954839E-01, 
 200.0000000000000, -.6758863047089288E-03, -.2085688063307070E-10, -.6758863047089287, -.2085688063307070E-01, 
 200.0000000000000, -.6171135825603262E-03, -.1955215378626375E-10, -.6171135825603262, -.1955215378626375E-01, 
 200.0000000000000, -.5583408604117237E-03, -.1815050094718549E-10, -.5583408604117237, -.1815050094718549E-01, 
 200.0000000000000, -.4995681382631212E-03, -.1665191884098721E-10, -.4995681382631211, -.1665191884098721E-01, 
 200.0000000000000, -.4407954161145186E-03, -.1505640421986423E-10, -.4407954161145186, -.1505640421986424E-01, 
 200.0000000000000, -.3820226939659161E-03, -.1336395386311689E-10, -.3820226939659161, -.1336395386311689E-01, 
 200.0000000000000, -.3232499718173135E-03, -.1157456457709504E-10, -.3232499718173135, -.1157456457709504E-01, 
 200.0000000000000, -.2644772496687110E-03, -.9688233195243899E-11, -.2644772496687110, -.9688233195243900E-02, 
 200.0000000000000, -.2057045275201093E-03, -.7704956578110142E-11, -.2057045275201093, -.7704956578110142E-02, 
 200.0000000000000, -.1469318053715068E-03, -.5624731613310068E-11, -.1469318053715068, -.5624731613310068E-02, 
 200.0000000000000, -.8815908322290424E-04, -.3447555215598090E-11, -.8815908322290425E-01, -.3447555215598090E-02, 
 200.0000000000000, -.2938636107430170E-04, -.1173424326806342E-11, -.2938636107430170E-01, -.1173424326806342E-02, 
 200.0000000000000, .2938636107430084E-04, .1197664084098094E-11, .2938636107430084E-01, .1197664084098094E-02, 
 200.0000000000000, .8815908322290338E-04, .3665713021053788E-11, .8815908322290338E-01, .3665713021053788E-02, 
 200.0000000000000, .1469318053715059E-03, .6230725460851772E-11, .1469318053715059, .6230725460851772E-02, 
 200.0000000000000, .2057045275201085E-03, .8892704353175178E-11, .2057045275201085, .8892704353175178E-02, 
 200.0000000000000, .2644772496687110E-03, .1165165262054407E-10, .2644772496687110, .1165165262054407E-01, 
 200.0000000000000, .3232499718173135E-03, .1450757315837491E-10, .3232499718173135, .1450757315837491E-01, 
 200.0000000000000, .3820226939659161E-03, .1746046883491199E-10, .3820226939659161, .1746046883491199E-01, 
 200.0000000000000, .4407954161145186E-03, .2051034249126128E-10, .4407954161145186, .2051034249126128E-01, 
 200.0000000000000, .4995681382631212E-03, .2365719694137812E-10, .4995681382631211, .2365719694137812E-01, 
 200.0000000000000, .5583408604117228E-03, .2690103497203384E-10, .5583408604117228, .2690103497203384E-01, 
 200.0000000000000, .6171135825603254E-03, .3024185934286310E-10, .6171135825603253, .3024185934286311E-01, 
 200.0000000000000, .6758863047089279E-03, .3367967278630564E-10, .6758863047089279, .3367967278630564E-01, 
 200.0000000000000, .7346590268575304E-03, .3721447800765178E-10, .7346590268575305, .3721447800765178E-01, 
 200.0000000000000, .7934317490061330E-03, .4084627768498800E-10, .7934317490061330, .4084627768498800E-01, 
 200.0000000000000, .8522044711547355E-03, .4457507446922180E-10, .8522044711547355, .4457507446922180E-01, 
 200.0000000000000, .9109771933033381E-03, .4840087098407158E-10, .9109771933033380, .4840087098407158E-01, 
 200.0000000000000, .9697499154519406E-03, .5232366982606049E-10, .9697499154519406, .5232366982606049E-01, 
 200.0000000000000, .1028522637600543E-02, .5634347356451940E-10, 1.028522637600543, .5634347356451940E-01, 
 200.0000000000000, .1087295359749146E-02, .6046028474154457E-10, 1.087295359749146, .6046028474154456E-01, 
 200.0000000000000, .1146068081897748E-02, .6467410587206124E-10, 1.146068081897748, .6467410587206124E-01, 
 200.0000000000000, .1204840804046351E-02, .6898493944374415E-10, 1.204840804046351, .6898493944374415E-01, 
 200.0000000000000, .1263613526194953E-02, .7339278791708116E-10, 1.263613526194953, .7339278791708116E-01, 
 200.0000000000000, .1322386248343555E-02, .7789765372531293E-10, 1.322386248343555, .7789765372531293E-01, 
 200.0000000000000, .1381158970492158E-02, .8249953927444427E-10, 1.381158970492157, .8249953927444427E-01, 
 200.0000000000000, .1439931692640760E-02, .8719844694327309E-10, 1.439931692640760, .8719844694327308E-01, 
 200.0000000000000, .1498704414789363E-02, .9199437908334324E-10, 1.498704414789363, .9199437908334324E-01, 
 200.0000000000000, .1557477136937965E-02, .9688733801895154E-10, 1.557477136937965, .9688733801895154E-01, 
 200.0000000000000, .1616249859086568E-02, .1018773260471528E-09, 1.616249859086568, .1018773260471528, 
 200.0000000000000, .1675022581235170E-02, .1069643454377500E-09, 1.675022581235170, .1069643454377500, 
 200.0000000000000, .1733795303383773E-02, .1121483984332899E-09, 1.733795303383773, .1121483984332899, 
 200.0000000000000, .1792568025532375E-02, .1174294872490529E-09, 1.792568025532375, .1174294872490529, 
 200.0000000000000, .1851340747680978E-02, .1228076140730486E-09, 1.851340747680978, .1228076140730486, 
 200.0000000000000, .1910113469829580E-02, .1282827810660431E-09, 1.910113469829580, .1282827810660431, 
 200.0000000000000, .1968886191978182E-02, .1338549903615071E-09, 1.968886191978182, .1338549903615071, 
 200.0000000000000, .2027658914126785E-02, .1395242440656153E-09, 2.027658914126786, .1395242440656153, 
 200.0000000000000, .2086431636275387E-02, .1452905442573073E-09, 2.086431636275387, .1452905442573073, 
 200.0000000000000, .2145204358423991E-02, .1511538929881900E-09, 2.145204358423991, .1511538929881900, 
 200.0000000000000, .2203977080572592E-02, .1571142922825953E-09, 2.203977080572592, .1571142922825953, 
 200.0000000000000, .2262749802721196E-02, .1631717441375686E-09, 2.262749802721196, .1631717441375686, 
 200.0000000000000, .2321522524869797E-02, .1693262505228475E-09, 2.321522524869797, .1693262505228475, 
 200.0000000000000, .2380295247018401E-02, .1755778133808598E-09, 2.380295247018401, .1755778133808598, 
 200.0000000000000, .2439067969167002E-02, .1819264346267321E-09, 2.439067969167002, .1819264346267321, 
 200.0000000000000, .2497840691315604E-02, .1883721161482761E-09, 2.497840691315604, .1883721161482761, 
 200.0000000000000, .2556613413464207E-02, .1949148598059900E-09, 2.556613413464207, .1949148598059900, 
 200.0000000000000, .2615386135612809E-02, .2015546674330395E-09, 2.615386135612809, .2015546674330395, 
 200.0000000000000, .2674158857761413E-02, .2082915408353013E-09, 2.674158857761412, .2082915408353013, 
 200.0000000000000, .2732931579910014E-02, .2151254817912754E-09, 2.732931579910014, .2151254817912754, 
 200.0000000000000, .2791704302058618E-02, .2220564920521628E-09, 2.791704302058617, .2220564920521628, 
 200.0000000000000, .2850477024207219E-02, .2290845733418186E-09, 2.850477024207219, .2290845733418186, 
 200.0000000000000, .2909249746355823E-02, .2362097273567591E-09, 2.909249746355822, .2362097273567591, 
 200.0000000000000, .2968022468504424E-02, .2434319557661582E-09, 2.968022468504425, .2434319557661582, 
 200.0000000000000, .3026795190653028E-02, .2507512602118281E-09, 3.026795190653028, .2507512602118281, 
 200.0000000000000, .3085567912801629E-02, .2581676423082541E-09, 3.085567912801630, .2581676423082541, 
 200.0000000000000, .3144340634950233E-02, .2656811036425551E-09, 3.144340634950233, .2656811036425551, 
 200.0000000000000, .3203113357098834E-02, .2732916457744878E-09, 3.203113357098835, .2732916457744878, 
 200.0000000000000, .3261886079247436E-02, .2809992702364488E-09, 3.261886079247436, .2809992702364488, 
 200.0000000000000, .3320658801396040E-02, .2888039785334715E-09, 3.320658801396040, .2888039785334715, 
 200.0000000000000, .3379431523544641E-02, .2967057721432287E-09, 3.379431523544641, .2967057721432287, 
 200.0000000000000, .3438204245693245E-02, .3047046525159964E-09, 3.438204245693245, .3047046525159964, 
 200.0000000000000, .3496976967841846E-02, .3128006210746839E-09, 3.496976967841846, .3128006210746839, 
 200.0000000000000, .3555749689990450E-02, .3209936792148538E-09, 3.555749689990450, .3209936792148538, 
 200.0000000000000, .3614522412139051E-02, .3292838283046349E-09, 3.614522412139051, .3292838283046349, 
 200.0000000000000, .3673295134287655E-02, .3376710696847831E-09, 3.673295134287655, .3376710696847831, 
 200.0000000000000, .3732067856436256E-02, .3461554046686900E-09, 3.732067856436256, .3461554046686900, 
 200.0000000000000, .3790840578584860E-02, .3547368345423253E-09, 3.790840578584860, .3547368345423254, 
 200.0000000000000, .3849613300733462E-02, .3634153605642741E-09, 3.849613300733461, .3634153605642741, 
 200.0000000000000, .3908386022882065E-02, .3721909839657387E-09, 3.908386022882065, .3721909839657387, 
 200.0000000000000, .3967158745030667E-02, .3810637059504635E-09, 3.967158745030666, .3810637059504635, 
 200.0000000000000, .4025931467179268E-02, .3900335276948556E-09, 4.025931467179269, .3900335276948556, 
 200.0000000000000, .4084704189327872E-02, .3991004503478606E-09, 4.084704189327872, .3991004503478606, 
 200.0000000000000, .4143476911476473E-02, .4082644750310477E-09, 4.143476911476474, .4082644750310477, 
 200.0000000000000, .4202249633625077E-02, .4175256028385288E-09, 4.202249633625077, .4175256028385288, 
 200.0000000000000, .4261022355773678E-02, .4268838348370482E-09, 4.261022355773679, .4268838348370482, 
 200.0000000000000, .4319795077922282E-02, .4363391720658773E-09, 4.319795077922282, .4363391720658773, 
 200.0000000000000, .4378567800070884E-02, .4458916155368933E-09, 4.378567800070884, .4458916155368933, 
 200.0000000000000, .4437340522219487E-02, .4555411662345489E-09, 4.437340522219487, .4555411662345489, 
 200.0000000000000, .4496113244368089E-02, .4652878251158439E-09, 4.496113244368089, .4652878251158439, 
 200.0000000000000, .4554885966516692E-02, .4751315931103733E-09, 4.554885966516692, .4751315931103733, 
 200.0000000000000, .4613658688665294E-02, .4850724711202467E-09, 4.613658688665294, .4850724711202467, 
 200.0000000000000, .4672431410813897E-02, .4951104600201914E-09, 4.672431410813897, .4951104600201914, 
 200.0000000000000, .4731204132962499E-02, .5052455606574522E-09, 4.731204132962499, .5052455606574522, 
 200.0000000000000, .4789976855111100E-02, .5154777738518710E-09, 4.789976855111100, .5154777738518710, 
 200.0000000000000, .4848749577259704E-02, .5258071003957747E-09, 4.848749577259704, .5258071003957747, 
 200.0000000000000, .4907522299408306E-02, .5362335410541130E-09, 4.907522299408305, .5362335410541130, 
 200.0000000000000, .4966295021556909E-02, .5467570965643257E-09, 4.966295021556909, .5467570965643257, 
 200.0000000000000, .5025067743705511E-02, .5573777676364330E-09, 5.025067743705510, .5573777676364330, 
 200.0000000000000, .5083840465854114E-02, .5680955549529737E-09, 5.083840465854114, .5680955549529737, 
 200.0000000000000, .5142613188002716E-02, .5789104591690543E-09, 5.142613188002715, .5789104591690543, 
 200.0000000000000, .5201385910151319E-02, .5898224809122678E-09, 5.201385910151319, .5898224809122679, 
 200.0000000000000, .5260158632299921E-02, .6008316207828203E-09, 5.260158632299921, .6008316207828204, 
 200.0000000000000, .5318931354448524E-02, .6119378793533539E-09, 5.318931354448524, .6119378793533539, 
 200.0000000000000, .5377704076597126E-02, .6231412571691160E-09, 5.377704076597126, .6231412571691161, 
 200.0000000000000, .5436476798745728E-02, .6344417547478504E-09, 5.436476798745727, .6344417547478505, 
 200.0000000000000, .5495249520894331E-02, .6458393725798051E-09, 5.495249520894331, .6458393725798051, 
 200.0000000000000, .5554022243042933E-02, .6573341111278085E-09, 5.554022243042932, .6573341111278085, 
 200.0000000000000, .5612794965191536E-02, .6689259708271291E-09, 5.612794965191536, .6689259708271291, 
 200.0000000000000, .5671567687340138E-02, .6806149520856364E-09, 5.671567687340137, .6806149520856364, 
 200.0000000000000, .5730340409488741E-02, .6924010552836430E-09, 5.730340409488741, .6924010552836429, 
 200.0000000000000, .5789113131637343E-02, .7042842807740370E-09, 5.789113131637343, .7042842807740369, 
 200.0000000000000, .5847885853785946E-02, .7162646288821707E-09, 5.847885853785947, .7162646288821707, 
 250.0000000000000, -.5847885853785946E-02, .1646051821415440E-09, -5.847885853785947, .1646051821415440, 
 250.0000000000000, -.5789113131637344E-02, .1583524439648721E-09, -5.789113131637343, .1583524439648721, 
 250.0000000000000, -.5730340409488741E-02, .1521929498288747E-09, -5.730340409488741, .1521929498288747, 
 250.0000000000000, -.5671567687340139E-02, .1461267041134211E-09, -5.671567687340138, .1461267041134211, 
 250.0000000000000, -.5612794965191536E-02, .1401537111759926E-09, -5.612794965191536, .1401537111759926, 
 250.0000000000000, -.5554022243042933E-02, .1342739753518479E-09, -5.554022243042933, .1342739753518479, 
 250.0000000000000, -.5495249520894332E-02, .1284875009538863E-09, -5.495249520894331, .1284875009538863, 
 250.0000000000000, -.5436476798745729E-02, .1227942922727319E-09, -5.436476798745729, .1227942922727319, 
 250.0000000000000, -.5377704076597127E-02, .1171943535766368E-09, -5.377704076597126, .1171943535766368, 
 250.0000000000000, -.5318931354448524E-02, .1116876891115918E-09, -5.318931354448524, .1116876891115918, 
 250.0000000000000, -.5260158632299922E-02, .1062743031012087E-09, -5.260158632299921, .1062743031012087, 
 250.0000000000000, -.5201385910151319E-02, .1009541997467785E-09, -5.201385910151319, .1009541997467785, 
 250.0000000000000, -.5142613188002717E-02, .9572738322727008E-10, -5.142613188002716, .9572738322727008E-01, 
 250.0000000000000, -.5083840465854114E-02, .9059385769930405E-10, -5.083840465854114, .9059385769930405E-01, 
 250.0000000000000, -.5025067743705511E-02, .8555362729710745E-10, -5.025067743705511, .8555362729710746E-01, 
 250.0000000000000, -.4966295021556909E-02, .8060669613261848E-10, -4.966295021556909, .8060669613261848E-01, 
 250.0000000000000, -.4907522299408306E-02, .7575306829535701E-10, -4.907522299408306, .7575306829535701E-01, 
 250.0000000000000, -.4848749577259704E-02, .7099274785252129E-10, -4.848749577259704, .7099274785252128E-01, 
 250.0000000000000, -.4789976855111101E-02, .6632573884890495E-10, -4.789976855111101, .6632573884890494E-01, 
 250.0000000000000, -.4731204132962500E-02, .6175204530694885E-10, -4.731204132962500, .6175204530694885E-01, 
 250.0000000000000, -.4672431410813896E-02, .5727167122669916E-10, -4.672431410813896, .5727167122669916E-01, 
 250.0000000000000, -.4613658688665295E-02, .5288462058581378E-10, -4.613658688665295, .5288462058581377E-01, 
 250.0000000000000, -.4554885966516692E-02, .4859089733957886E-10, -4.554885966516692, .4859089733957885E-01, 
 250.0000000000000, -.4496113244368089E-02, .4439050542086707E-10, -4.496113244368090, .4439050542086707E-01, 
 250.0000000000000, -.4437340522219487E-02, .4028344874015793E-10, -4.437340522219487, .4028344874015793E-01, 
 250.0000000000000, -.4378567800070884E-02, .3626973118552540E-10, -4.378567800070885, .3626973118552540E-01, 
 250.0000000000000, -.4319795077922282E-02, .3234935662263562E-10, -4.319795077922282, .3234935662263562E-01, 
 250.0000000000000, -.4261022355773679E-02, .2852232889471326E-10, -4.261022355773679, .2852232889471326E-01, 
 250.0000000000000, -.4202249633625077E-02, .2478865182261160E-10, -4.202249633625077, .2478865182261160E-01, 
 250.0000000000000, -.4143476911476474E-02, .2114832920471512E-10, -4.143476911476474, .2114832920471512E-01, 
 250.0000000000000, -.4084704189327872E-02, .1760136481698784E-10, -4.084704189327872, .1760136481698784E-01, 
 250.0000000000000, -.4025931467179269E-02, .1414776241298644E-10, -4.025931467179269, .1414776241298644E-01, 
 250.0000000000000, -.3967158745030668E-02, .1078752572378519E-10, -3.967158745030667, .1078752572378519E-01, 
 250.0000000000000, -.3908386022882064E-02, .7520658458051972E-11, -3.908386022882064, .7520658458051973E-02, 
 250.0000000000000, -.3849613300733462E-02, .4347164301977828E-11, -3.849613300733462, .4347164301977828E-02, 
 250.0000000000000, -.3790840578584859E-02, .1267046919329870E-11, -3.790840578584859, .1267046919329870E-02, 
 250.0000000000000, -.3732067856436257E-02, -.1719690048617281E-11, -3.732067856436257, -.1719690048617281E-02, 
 250.0000000000000, -.3673295134287655E-02, -.4613042983040349E-11, -3.673295134287655, -.4613042983040349E-02, 
 250.0000000000000, -.3614522412139052E-02, -.7413008287568627E-11, -3.614522412139052, -.7413008287568627E-02, 
 250.0000000000000, -.3555749689990450E-02, -.1011958238830467E-10, -3.555749689990450, -.1011958238830467E-01, 
 250.0000000000000, -.3496976967841847E-02, -.1273276173386542E-10, -3.496976967841847, -.1273276173386542E-01, 
 250.0000000000000, -.3438204245693245E-02, -.1525254279529603E-10, -3.438204245693245, -.1525254279529603E-01, 
 250.0000000000000, -.3379431523544643E-02, -.1767892206616306E-10, -3.379431523544643, -.1767892206616306E-01, 
 250.0000000000000, -.3320658801396040E-02, -.2001189606250975E-10, -3.320658801396040, -.2001189606250975E-01, 
 250.0000000000000, -.3261886079247437E-02, -.2225146132289170E-10, -3.261886079247438, -.2225146132289170E-01, 
 250.0000000000000, -.3203113357098835E-02, -.2439761440832106E-10, -3.203113357098835, -.2439761440832106E-01, 
 250.0000000000000, -.3144340634950232E-02, -.2645035190237009E-10, -3.144340634950233, -.2645035190237009E-01, 
 250.0000000000000, -.3085567912801630E-02, -.2840967041108003E-10, -3.085567912801630, -.2840967041108003E-01, 
 250.0000000000000, -.3026795190653028E-02, -.3027556656302114E-10, -3.026795190653028, -.3027556656302114E-01, 
 250.0000000000000, -.2968022468504425E-02, -.3204803700926729E-10, -2.968022468504425, -.3204803700926728E-01, 
 250.0000000000000, -.2909249746355823E-02, -.3372707842344103E-10, -2.909249746355822, -.3372707842344103E-01, 
 250.0000000000000, -.2850477024207220E-02, -.3531268750165356E-10, -2.850477024207220, -.3531268750165355E-01, 
 250.0000000000000, -.2791704302058618E-02, -.3680486096258125E-10, -2.791704302058617, -.3680486096258125E-01, 
 250.0000000000000, -.2732931579910015E-02, -.3820359554740602E-10, -2.732931579910015, -.3820359554740602E-01, 
 250.0000000000000, -.2674158857761413E-02, -.3950888801986772E-10, -2.674158857761412, -.3950888801986772E-01, 
 250.0000000000000, -.2615386135612810E-02, -.4072073516624544E-10, -2.615386135612810, -.4072073516624544E-01, 
 250.0000000000000, -.2556613413464208E-02, -.4183913379535338E-10, -2.556613413464208, -.4183913379535337E-01, 
 250.0000000000000, -.2497840691315605E-02, -.4286408073856841E-10, -2.497840691315605, -.4286408073856841E-01, 
 250.0000000000000, -.2439067969167003E-02, -.4379557284982271E-10, -2.439067969167003, -.4379557284982272E-01, 
 250.0000000000000, -.2380295247018400E-02, -.4463360700561775E-10, -2.380295247018400, -.4463360700561775E-01, 
 250.0000000000000, -.2321522524869798E-02, -.4537818010498886E-10, -2.321522524869798, -.4537818010498886E-01, 
 250.0000000000000, -.2262749802721196E-02, -.4602928906955671E-10, -2.262749802721196, -.4602928906955671E-01, 
 250.0000000000000, -.2203977080572593E-02, -.4658693084353318E-10, -2.203977080572593, -.4658693084353318E-01, 
 250.0000000000000, -.2145204358423991E-02, -.4705110239367288E-10, -2.145204358423991, -.4705110239367288E-01, 
 250.0000000000000, -.2086431636275388E-02, -.4742180070932693E-10, -2.086431636275388, -.4742180070932692E-01, 
 250.0000000000000, -.2027658914126785E-02, -.4769902280243517E-10, -2.027658914126786, -.4769902280243517E-01, 
 250.0000000000000, -.1968886191978183E-02, -.4788276570750751E-10, -1.968886191978183, -.4788276570750750E-01, 
 250.0000000000000, -.1910113469829580E-02, -.4797302648166106E-10, -1.910113469829580, -.4797302648166106E-01, 
 250.0000000000000, -.1851340747680978E-02, -.4796980220461271E-10, -1.851340747680978, -.4796980220461271E-01, 
 250.0000000000000, -.1792568025532375E-02, -.4787308997866472E-10, -1.792568025532375, -.4787308997866473E-01, 
 250.0000000000000, -.1733795303383773E-02, -.4768288692873405E-10, -1.733795303383773, -.4768288692873405E-01, 
 250.0000000000000, -.1675022581235171E-02, -.4739919020232580E-10, -1.675022581235171, -.4739919020232580E-01, 
 250.0000000000000, -.1616249859086569E-02, -.4702199696959760E-10, -1.616249859086569, -.4702199696959759E-01, 
 250.0000000000000, -.1557477136937966E-02, -.4655130442327706E-10, -1.557477136937966, -.4655130442327705E-01, 
 250.0000000000000, -.1498704414789363E-02, -.4598710977873924E-10, -1.498704414789364, -.4598710977873924E-01, 
 250.0000000000000, -.1439931692640761E-02, -.4532941027396305E-10, -1.439931692640761, -.4532941027396305E-01, 
 250.0000000000000, -.1381158970492158E-02, -.4457820316957002E-10, -1.381158970492158, -.4457820316957001E-01, 
 250.0000000000000, -.1322386248343556E-02, -.4373348574881433E-10, -1.322386248343556, -.4373348574881433E-01, 
 250.0000000000000, -.1263613526194953E-02, -.4279525531756869E-10, -1.263613526194953, -.4279525531756869E-01, 
 250.0000000000000, -.1204840804046351E-02, -.4176350920435353E-10, -1.204840804046351, -.4176350920435352E-01, 
 250.0000000000000, -.1146068081897748E-02, -.4063824476032105E-10, -1.146068081897748, -.4063824476032105E-01, 
 250.0000000000000, -.1087295359749146E-02, -.3941945935928239E-10, -1.087295359749146, -.3941945935928239E-01, 
 250.0000000000000, -.1028522637600543E-02, -.3810715039769223E-10, -1.028522637600543, -.3810715039769223E-01, 
 250.0000000000000, -.9697499154519406E-03, -.3670131529465100E-10, -.9697499154519406, -.3670131529465100E-01, 
 250.0000000000000, -.9109771933033389E-03, -.3520195149191906E-10, -.9109771933033389, -.3520195149191906E-01, 
 250.0000000000000, -.8522044711547364E-03, -.3360905645392545E-10, -.8522044711547364, -.3360905645392544E-01, 
 250.0000000000000, -.7934317490061338E-03, -.3192262766775581E-10, -.7934317490061339, -.3192262766775581E-01, 
 250.0000000000000, -.7346590268575313E-03, -.3014266264314473E-10, -.7346590268575313, -.3014266264314473E-01, 
 250.0000000000000, -.6758863047089288E-03, -.2826915891251847E-10, -.6758863047089287, -.2826915891251847E-01, 
 250.0000000000000, -.6171135825603262E-03, -.2630211403098318E-10, -.6171135825603262, -.2630211403098318E-01, 
 250.0000000000000, -.5583408604117237E-03, -.2424152557629375E-10, -.5583408604117237, -.2424152557629375E-01, 
 250.0000000000000, -.4995681382631212E-03, -.2208739114891174E-10, -.4995681382631211, -.2208739114891174E-01, 
 250.0000000000000, -.4407954161145186E-03, -.1983970837196167E-10, -.4407954161145186, -.1983970837196167E-01, 
 250.0000000000000, -.3820226939659161E-03, -.1749847489127397E-10, -.3820226939659161, -.1749847489127397E-01, 
 250.0000000000000, -.3232499718173135E-03, -.1506368837535930E-10, -.3232499718173135, -.1506368837535929E-01, 
 250.0000000000000, -.2644772496687110E-03, -.1253534651541436E-10, -.2644772496687110, -.1253534651541436E-01, 
 250.0000000000000, -.2057045275201093E-03, -.9913447025355836E-11, -.2057045275201093, -.9913447025355836E-02, 
 250.0000000000000, -.1469318053715068E-03, -.7197987641772873E-11, -.1469318053715068, -.7197987641772873E-02, 
 250.0000000000000, -.8815908322290424E-04, -.4388966123979871E-11, -.8815908322290425E-01, -.4388966123979871E-02, 
 250.0000000000000, -.2938636107430170E-04, -.1486380253985375E-11, -.2938636107430170E-01, -.1486380253985375E-02, 
 250.0000000000000, .2938636107430084E-04, .1509772163490071E-11, .2938636107430084E-01, .1509772163490071E-02, 
 250.0000000000000, .8815908322290338E-04, .4599493301003864E-11, .8815908322290338E-01, .4599493301003864E-02, 
 250.0000000000000, .1469318053715059E-03, .7782785308405754E-11, .1469318053715059, .7782785308405754E-02, 
 250.0000000000000, .2057045275201085E-03, .1105965031282923E-10, .2057045275201085, .1105965031282923E-01, 
 250.0000000000000, .2644772496687110E-03, .1443009041867199E-10, .2644772496687110, .1443009041867199E-01, 
 250.0000000000000, .3232499718173135E-03, .1789410770762681E-10, .3232499718173135, .1789410770762681E-01, 
 250.0000000000000, .3820226939659161E-03, .2145170423863494E-10, .3820226939659161, .2145170423863494E-01, 
 250.0000000000000, .4407954161145186E-03, .2510288204791983E-10, .4407954161145186, .2510288204791983E-01, 
 250.0000000000000, .4995681382631212E-03, .2884764314897122E-10, .4995681382631211, .2884764314897122E-01, 
 250.0000000000000, .5583408604117228E-03, .3268598953253009E-10, .5583408604117228, .3268598953253010E-01, 
 250.0000000000000, .6171135825603254E-03, .3661792316660870E-10, .6171135825603253, .3661792316660870E-01, 
 250.0000000000000, .6758863047089279E-03, .4064344599646296E-10, .6758863047089279, .4064344599646296E-01, 
 250.0000000000000, .7346590268575304E-03, .4476255994462479E-10, .7346590268575305, .4476255994462479E-01, 
 250.0000000000000, .7934317490061330E-03, .4897526691085066E-10, .7934317490061330, .4897526691085066E-01, 
 250.0000000000000, .8522044711547355E-03, .5328156877214981E-10, .8522044711547355, .5328156877214982E-01, 
 250.0000000000000, .9109771933033381E-03, .5768146738279614E-10, .9109771933033380, .5768146738279614E-01, 
 250.0000000000000, .9697499154519406E-03, .6217496457429086E-10, .9697499154519406, .6217496457429086E-01, 
 250.0000000000000, .1028522637600543E-02, .6676206215537147E-10, 1.028522637600543, .6676206215537146E-01, 
 250.0000000000000, .1087295359749146E-02, .7144276191200897E-10, 1.087295359749146, .7144276191200896E-01, 
 250.0000000000000, .1146068081897748E-02, .7621706560742752E-10, 1.146068081897748, .7621706560742753E-01, 
 250.0000000000000, .1204840804046351E-02, .8108497498206670E-10, 1.204840804046351, .8108497498206670E-01, 
 250.0000000000000, .1263613526194953E-02, .8604649175358899E-10, 1.263613526194953, .8604649175358899E-01, 
 250.0000000000000, .1322386248343555E-02, .9110161761689941E-10, 1.322386248343555, .9110161761689940E-01, 
 250.0000000000000, .1381158970492158E-02, .9625035424411239E-10, 1.381158970492157, .9625035424411239E-01, 
 250.0000000000000, .1439931692640760E-02, .1014927032845795E-09, 1.439931692640760, .1014927032845795, 
 250.0000000000000, .1498704414789363E-02, .1068286663648500E-09, 1.498704414789363, .1068286663648500, 
 250.0000000000000, .1557477136937965E-02, .1122582450886819E-09, 1.557477136937965, .1122582450886819, 
 250.0000000000000, .1616249859086568E-02, .1177814410370824E-09, 1.616249859086568, .1177814410370824, 
 250.0000000000000, .1675022581235170E-02, .1233982557682329E-09, 1.675022581235170, .1233982557682329, 
 250.0000000000000, .1733795303383773E-02, .1291086908175452E-09, 1.733795303383773, .1291086908175452, 
 250.0000000000000, .1792568025532375E-02, .1349127476976200E-09, 1.792568025532375, .1349127476976200, 
 250.0000000000000, .1851340747680978E-02, .1408104278982650E-09, 1.851340747680978, .1408104278982650, 
 250.0000000000000, .1910113469829580E-02, .1468017328864963E-09, 1.910113469829580, .1468017328864963, 
 250.0000000000000, .1968886191978182E-02, .1528866641065167E-09, 1.968886191978182, .1528866641065167, 
 250.0000000000000, .2027658914126785E-02, .1590652229797221E-09, 2.027658914126786, .1590652229797221, 
 250.0000000000000, .2086431636275387E-02, .1653374109047197E-09, 2.086431636275387, .1653374109047197, 
 250.0000000000000, .2145204358423991E-02, .1717032292572928E-09, 2.145204358423991, .1717032292572928, 
 250.0000000000000, .2203977080572592E-02, .1781626793904098E-09, 2.203977080572592, .1781626793904098, 
 250.0000000000000, .2262749802721196E-02, .1847157626342332E-09, 2.262749802721196, .1847157626342333, 
 250.0000000000000, .2321522524869797E-02, .1913624802961059E-09, 2.321522524869797, .1913624802961059, 
 250.0000000000000, .2380295247018401E-02, .1981028336605494E-09, 2.380295247018401, .1981028336605494, 
 250.0000000000000, .2439067969167002E-02, .2049368239892617E-09, 2.439067969167002, .2049368239892617, 
 250.0000000000000, .2497840691315604E-02, .2118644525211363E-09, 2.497840691315604, .2118644525211363, 
 250.0000000000000, .2556613413464207E-02, .2188857204722143E-09, 2.556613413464207, .2188857204722143, 
 250.0000000000000, .2615386135612809E-02, .2260006290357431E-09, 2.615386135612809, .2260006290357431, 
 250.0000000000000, .2674158857761413E-02, .2332091793820823E-09, 2.674158857761412, .2332091793820823, 
 250.0000000000000, .2732931579910014E-02, .2405113726588367E-09, 2.732931579910014, .2405113726588367, 
 250.0000000000000, .2791704302058618E-02, .2479072099907097E-09, 2.791704302058617, .2479072099907097, 
 250.0000000000000, .2850477024207219E-02, .2553966924796180E-09, 2.850477024207219, .2553966924796180, 
 250.0000000000000, .2909249746355823E-02, .2629798212045944E-09, 2.909249746355822, .2629798212045943, 
 250.0000000000000, .2968022468504424E-02, .2706565972218682E-09, 2.968022468504425, .2706565972218682, 
 250.0000000000000, .3026795190653028E-02, .2784270215648347E-09, 3.026795190653028, .2784270215648347, 
 250.0000000000000, .3085567912801629E-02, .2862910952439911E-09, 3.085567912801630, .2862910952439911, 
 250.0000000000000, .3144340634950233E-02, .2942488192470302E-09, 3.144340634950233, .2942488192470302, 
 250.0000000000000, .3203113357098834E-02, .3023001945387986E-09, 3.203113357098835, .3023001945387986, 
 250.0000000000000, .3261886079247436E-02, .3104452220612844E-09, 3.261886079247436, .3104452220612843, 
 250.0000000000000, .3320658801396040E-02, .3186839027336131E-09, 3.320658801396040, .3186839027336131, 
 250.0000000000000, .3379431523544641E-02, .3270162374520756E-09, 3.379431523544641, .3270162374520756, 
 250.0000000000000, .3438204245693245E-02, .3354422270900840E-09, 3.438204245693245, .3354422270900840, 
 250.0000000000000, .3496976967841846E-02, .3439618724982251E-09, 3.496976967841846, .3439618724982251, 
 250.0000000000000, .3555749689990450E-02, .3525751745041887E-09, 3.555749689990450, .3525751745041887, 
 250.0000000000000, .3614522412139051E-02, .3612821339128443E-09, 3.614522412139051, .3612821339128443, 
 250.0000000000000, .3673295134287655E-02, .3700827515061612E-09, 3.673295134287655, .3700827515061613, 
 250.0000000000000, .3732067856436256E-02, .3789770280432712E-09, 3.732067856436256, .3789770280432712, 
 250.0000000000000, .3790840578584860E-02, .3879649642604289E-09, 3.790840578584860, .3879649642604289, 
 250.0000000000000, .3849613300733462E-02, .3970465608710200E-09, 3.849613300733461, .3970465608710200, 
 250.0000000000000, .3908386022882065E-02, .4062218185655648E-09, 3.908386022882065, .4062218185655648, 
 250.0000000000000, .3967158745030667E-02, .4154907380117063E-09, 3.967158745030666, .4154907380117063, 
 250.0000000000000, .4025931467179268E-02, .4248533198542240E-09, 4.025931467179269, .4248533198542240, 
 250.0000000000000, .4084704189327872E-02, .4343095647150278E-09, 4.084704189327872, .4343095647150278, 
 250.0000000000000, .4143476911476473E-02, .4438594731931333E-09, 4.143476911476474, .4438594731931333, 
 250.0000000000000, .4202249633625077E-02, .4535030458646824E-09, 4.202249633625077, .4535030458646824, 
 250.0000000000000, .4261022355773678E-02, .4632402832829664E-09, 4.261022355773679, .4632402832829663, 
 250.0000000000000, .4319795077922282E-02, .4730711859783605E-09, 4.319795077922282, .4730711859783605, 
 250.0000000000000, .4378567800070884E-02, .4829957544583624E-09, 4.378567800070884, .4829957544583625, 
 250.0000000000000, .4437340522219487E-02, .4930139892076305E-09, 4.437340522219487, .4930139892076305, 
 250.0000000000000, .4496113244368089E-02, .5031258906878703E-09, 4.496113244368089, .5031258906878703, 
 250.0000000000000, .4554885966516692E-02, .5133314593379526E-09, 4.554885966516692, .5133314593379525, 
 250.0000000000000, .4613658688665294E-02, .5236306955738376E-09, 4.613658688665294, .5236306955738376, 
 250.0000000000000, .4672431410813897E-02, .5340235997886223E-09, 4.672431410813897, .5340235997886222, 
 250.0000000000000, .4731204132962499E-02, .5445101723524798E-09, 4.731204132962499, .5445101723524798, 
 250.0000000000000, .4789976855111100E-02, .5550904136127134E-09, 4.789976855111100, .5550904136127134, 
 250.0000000000000, .4848749577259704E-02, .5657643238937266E-09, 4.848749577259704, .5657643238937267, 
 250.0000000000000, .4907522299408306E-02, .5765319034970358E-09, 4.907522299408305, .5765319034970358, 
 250.0000000000000, .4966295021556909E-02, .5873931527012499E-09, 4.966295021556909, .5873931527012499, 
 250.0000000000000, .5025067743705511E-02, .5983480717620867E-09, 5.025067743705510, .5983480717620867, 
 250.0000000000000, .5083840465854114E-02, .6093966609123829E-09, 5.083840465854114, .6093966609123829, 
 250.0000000000000, .5142613188002716E-02, .6205389203620738E-09, 5.142613188002715, .6205389203620738, 
 250.0000000000000, .5201385910151319E-02, .6317748502981545E-09, 5.201385910151319, .6317748502981545, 
 250.0000000000000, .5260158632299921E-02, .6431044508847573E-09, 5.260158632299921, .6431044508847573, 
 250.0000000000000, .5318931354448524E-02, .6545277222631394E-09, 5.318931354448524, .6545277222631394, 
 250.0000000000000, .5377704076597126E-02, .6660446645515802E-09, 5.377704076597126, .6660446645515802, 
 250.0000000000000, .5436476798745728E-02, .6776552778455157E-09, 5.436476798745727, .6776552778455157, 
 250.0000000000000, .5495249520894331E-02, .6893595622174612E-09, 5.495249520894331, .6893595622174612, 
 250.0000000000000, .5554022243042933E-02, .7011575177170215E-09, 5.554022243042932, .7011575177170215, 
 250.0000000000000, .5612794965191536E-02, .7130491443708846E-09, 5.612794965191536, .7130491443708846, 
 250.0000000000000, .5671567687340138E-02, .7250344421828458E-09, 5.671567687340137, .7250344421828459, 
 250.0000000000000, .5730340409488741E-02, .7371134111337968E-09, 5.730340409488741, .7371134111337968, 
 250.0000000000000, .5789113131637343E-02, .7492860511817290E-09, 5.789113131637343, .7492860511817290, 
 250.0000000000000, .5847885853785946E-02, .7615523622616618E-09, 5.847885853785947, .7615523622616618, 
 300.0000000000000, -.5847885853785946E-02, .8894008399872577E-10, -5.847885853785947, .8894008399872577E-01, 
 300.0000000000000, -.5789113131637344E-02, .8361196610770023E-10, -5.789113131637343, .8361196610770023E-01, 
 300.0000000000000, -.5730340409488741E-02, .7837378367194296E-10, -5.730340409488741, .7837378367194296E-01, 
 300.0000000000000, -.5671567687340139E-02, .7322554022433783E-10, -5.671567687340138, .7322554022433783E-01, 
 300.0000000000000, -.5612794965191536E-02, .6816723927897174E-10, -5.612794965191536, .6816723927897174E-01, 
 300.0000000000000, -.5554022243042933E-02, .6319888433108995E-10, -5.554022243042933, .6319888433108994E-01, 
 300.0000000000000, -.5495249520894332E-02, .5832047885719689E-10, -5.495249520894331, .5832047885719689E-01, 
 300.0000000000000, -.5436476798745729E-02, .5353202631491669E-10, -5.436476798745729, .5353202631491669E-01, 
 300.0000000000000, -.5377704076597127E-02, .4883353014310589E-10, -5.377704076597126, .4883353014310589E-01, 
 300.0000000000000, -.5318931354448524E-02, .4422499376178139E-10, -5.318931354448524, .4422499376178139E-01, 
 300.0000000000000, -.5260158632299922E-02, .3970642057216837E-10, -5.260158632299921, .3970642057216837E-01, 
 300.0000000000000, -.5201385910151319E-02, .3527781395660359E-10, -5.201385910151319, .3527781395660359E-01, 
 300.0000000000000, -.5142613188002717E-02, .3093917727868056E-10, -5.142613188002716, .3093917727868056E-01, 
 300.0000000000000, -.5083840465854114E-02, .2669051388308177E-10, -5.083840465854114, .2669051388308177E-01, 
 300.0000000000000, -.5025067743705511E-02, .2253182709573931E-10, -5.025067743705511, .2253182709573931E-01, 
 300.0000000000000, -.4966295021556909E-02, .1846312022366291E-10, -4.966295021556909, .1846312022366291E-01, 
 300.0000000000000, -.4907522299408306E-02, .1448439655510179E-10, -4.907522299408306, .1448439655510179E-01, 
 300.0000000000000, -.4848749577259704E-02, .1059565935938755E-10, -4.848749577259704, .1059565935938755E-01, 
 300.0000000000000, -.4789976855111101E-02, .6796911887072607E-11, -4.789976855111101, .6796911887072606E-02, 
 300.0000000000000, -.4731204132962500E-02, .3088157369810450E-11, -4.731204132962500, .3088157369810450E-02, 
 300.0000000000000, -.4672431410813896E-02, -.5306009795637611E-12, -4.672431410813896, -.5306009795637610E-03, 
 300.0000000000000, -.4613658688665295E-02, -.4059359967103558E-11, -4.613658688665295, -.4059359967103557E-02, 
 300.0000000000000, -.4554885966516692E-02, -.7498116417682788E-11, -4.554885966516692, -.7498116417682789E-02, 
 300.0000000000000, -.4496113244368089E-02, -.1084686717508625E-10, -4.496113244368090, -.1084686717508625E-01, 
 300.0000000000000, -.4437340522219487E-02, -.1410560910190361E-10, -4.437340522219487, -.1410560910190361E-01, 
 300.0000000000000, -.4378567800070884E-02, -.1727433907964865E-10, -4.378567800070885, -.1727433907964865E-01, 
 300.0000000000000, -.4319795077922282E-02, -.2035305400866637E-10, -4.319795077922282, -.2035305400866637E-01, 
 300.0000000000000, -.4261022355773679E-02, -.2334175080819046E-10, -4.261022355773679, -.2334175080819046E-01, 
 300.0000000000000, -.4202249633625077E-02, -.2624042641635033E-10, -4.202249633625077, -.2624042641635033E-01, 
 300.0000000000000, -.4143476911476474E-02, -.2904907779011800E-10, -4.143476911476474, -.2904907779011800E-01, 
 300.0000000000000, -.4084704189327872E-02, -.3176770190537378E-10, -4.084704189327872, -.3176770190537379E-01, 
 300.0000000000000, -.4025931467179269E-02, -.3439629575688684E-10, -4.025931467179269, -.3439629575688684E-01, 
 300.0000000000000, -.3967158745030668E-02, -.3693485635829110E-10, -3.967158745030667, -.3693485635829110E-01, 
 300.0000000000000, -.3908386022882064E-02, -.3938338074214025E-10, -3.908386022882064, -.3938338074214025E-01, 
 300.0000000000000, -.3849613300733462E-02, -.4174186595987035E-10, -3.849613300733462, -.4174186595987035E-01, 
 300.0000000000000, -.3790840578584859E-02, -.4401030908179322E-10, -3.790840578584859, -.4401030908179322E-01, 
 300.0000000000000, -.3732067856436257E-02, -.4618870719717900E-10, -3.732067856436257, -.4618870719717900E-01, 
 300.0000000000000, -.3673295134287655E-02, -.4827705741412461E-10, -3.673295134287655, -.4827705741412461E-01, 
 300.0000000000000, -.3614522412139052E-02, -.5027535685970367E-10, -3.614522412139052, -.5027535685970367E-01, 
 300.0000000000000, -.3555749689990450E-02, -.5218360267987408E-10, -3.555749689990450, -.5218360267987408E-01, 
 300.0000000000000, -.3496976967841847E-02, -.5400179203945226E-10, -3.496976967841847, -.5400179203945227E-01, 
 300.0000000000000, -.3438204245693245E-02, -.5572992212227415E-10, -3.438204245693245, -.5572992212227415E-01, 
 300.0000000000000, -.3379431523544643E-02, -.5736799013098873E-10, -3.379431523544643, -.5736799013098873E-01, 
 300.0000000000000, -.3320658801396040E-02, -.5891599328724631E-10, -3.320658801396040, -.5891599328724631E-01, 
 300.0000000000000, -.3261886079247437E-02, -.6037392883156146E-10, -3.261886079247438, -.6037392883156147E-01, 
 300.0000000000000, -.3203113357098835E-02, -.6174179402341821E-10, -3.203113357098835, -.6174179402341821E-01, 
 300.0000000000000, -.3144340634950232E-02, -.6301958614119420E-10, -3.144340634950233, -.6301958614119420E-01, 
 300.0000000000000, -.3085567912801630E-02, -.6420730248221410E-10, -3.085567912801630, -.6420730248221410E-01, 
 300.0000000000000, -.3026795190653028E-02, -.6530494036274206E-10, -3.026795190653028, -.6530494036274206E-01, 
 300.0000000000000, -.2968022468504425E-02, -.6631249711798053E-10, -2.968022468504425, -.6631249711798053E-01, 
 300.0000000000000, -.2909249746355823E-02, -.6722997010202771E-10, -2.909249746355822, -.6722997010202771E-01, 
 300.0000000000000, -.2850477024207220E-02, -.6805735668797738E-10, -2.850477024207220, -.6805735668797738E-01, 
 300.0000000000000, -.2791704302058618E-02, -.6879465426786078E-10, -2.791704302058617, -.6879465426786079E-01, 
 300.0000000000000, -.2732931579910015E-02, -.6944186025262885E-10, -2.732931579910015, -.6944186025262886E-01, 
 300.0000000000000, -.2674158857761413E-02, -.6999897207218269E-10, -2.674158857761412, -.6999897207218270E-01, 
 300.0000000000000, -.2615386135612810E-02, -.7046598717540375E-10, -2.615386135612810, -.7046598717540374E-01, 
 300.0000000000000, -.2556613413464208E-02, -.7084290303011479E-10, -2.556613413464208, -.7084290303011478E-01, 
 300.0000000000000, -.2497840691315605E-02, -.7112971712307358E-10, -2.497840691315605, -.7112971712307359E-01, 
 300.0000000000000, -.2439067969167003E-02, -.7132642696004188E-10, -2.439067969167003, -.7132642696004188E-01, 
 300.0000000000000, -.2380295247018400E-02, -.7143303006569746E-10, -2.380295247018400, -.7143303006569746E-01, 
 300.0000000000000, -.2321522524869798E-02, -.7144952398370089E-10, -2.321522524869798, -.7144952398370089E-01, 
 300.0000000000000, -.2262749802721196E-02, -.7137590627669390E-10, -2.262749802721196, -.7137590627669389E-01, 
 300.0000000000000, -.2203977080572593E-02, -.7121217452627307E-10, -2.203977080572593, -.7121217452627307E-01, 
 300.0000000000000, -.2145204358423991E-02, -.7095832633300262E-10, -2.145204358423991, -.7095832633300261E-01, 
 300.0000000000000, -.2086431636275388E-02, -.7061435931642637E-10, -2.086431636275388, -.7061435931642637E-01, 
 300.0000000000000, -.2027658914126785E-02, -.7018027111506767E-10, -2.027658914126786, -.7018027111506767E-01, 
 300.0000000000000, -.1968886191978183E-02, -.6965605938642705E-10, -1.968886191978183, -.6965605938642705E-01, 
 300.0000000000000, -.1910113469829580E-02, -.6904172180698875E-10, -1.910113469829580, -.6904172180698875E-01, 
 300.0000000000000, -.1851340747680978E-02, -.6833725607220335E-10, -1.851340747680978, -.6833725607220335E-01, 
 300.0000000000000, -.1792568025532375E-02, -.6754265989653574E-10, -1.792568025532375, -.6754265989653574E-01, 
 300.0000000000000, -.1733795303383773E-02, -.6665793101341182E-10, -1.733795303383773, -.6665793101341182E-01, 
 300.0000000000000, -.1675022581235171E-02, -.6568306717526018E-10, -1.675022581235171, -.6568306717526018E-01, 
 300.0000000000000, -.1616249859086569E-02, -.6461806615351115E-10, -1.616249859086569, -.6461806615351115E-01, 
 300.0000000000000, -.1557477136937966E-02, -.6346292573858412E-10, -1.557477136937966, -.6346292573858413E-01, 
 300.0000000000000, -.1498704414789363E-02, -.6221764373988132E-10, -1.498704414789364, -.6221764373988133E-01, 
 300.0000000000000, -.1439931692640761E-02, -.6088221798581241E-10, -1.439931692640761, -.6088221798581241E-01, 
 300.0000000000000, -.1381158970492158E-02, -.5945664632381056E-10, -1.381158970492158, -.5945664632381056E-01, 
 300.0000000000000, -.1322386248343556E-02, -.5794092662026840E-10, -1.322386248343556, -.5794092662026840E-01, 
 300.0000000000000, -.1263613526194953E-02, -.5633505676064117E-10, -1.263613526194953, -.5633505676064117E-01, 
 300.0000000000000, -.1204840804046351E-02, -.5463903464933161E-10, -1.204840804046351, -.5463903464933161E-01, 
 300.0000000000000, -.1146068081897748E-02, -.5285285820979816E-10, -1.146068081897748, -.5285285820979816E-01, 
 300.0000000000000, -.1087295359749146E-02, -.5097652538450040E-10, -1.087295359749146, -.5097652538450041E-01, 
 300.0000000000000, -.1028522637600543E-02, -.4901003413489784E-10, -1.028522637600543, -.4901003413489784E-01, 
 300.0000000000000, -.9697499154519406E-03, -.4695338244147965E-10, -.9697499154519406, -.4695338244147965E-01, 
 300.0000000000000, -.9109771933033389E-03, -.4480656830375553E-10, -.9109771933033389, -.4480656830375553E-01, 
 300.0000000000000, -.8522044711547364E-03, -.4256958974024815E-10, -.8522044711547364, -.4256958974024815E-01, 
 300.0000000000000, -.7934317490061338E-03, -.4024244478851034E-10, -.7934317490061339, -.4024244478851034E-01, 
 300.0000000000000, -.7346590268575313E-03, -.3782513150510537E-10, -.7346590268575313, -.3782513150510537E-01, 
 300.0000000000000, -.6758863047089288E-03, -.3531764796564990E-10, -.6758863047089287, -.3531764796564990E-01, 
 300.0000000000000, -.6171135825603262E-03, -.3271999226476181E-10, -.6171135825603262, -.3271999226476181E-01, 
 300.0000000000000, -.5583408604117237E-03, -.3003216251610156E-10, -.5583408604117237, -.3003216251610156E-01, 
 300.0000000000000, -.4995681382631212E-03, -.2725415685235679E-10, -.4995681382631211, -.2725415685235679E-01, 
 300.0000000000000, -.4407954161145186E-03, -.2438597342527758E-10, -.4407954161145186, -.2438597342527758E-01, 
 300.0000000000000, -.3820226939659161E-03, -.2142761040560286E-10, -.3820226939659161, -.2142761040560286E-01, 
 300.0000000000000, -.3232499718173135E-03, -.1837906598314829E-10, -.3232499718173135, -.1837906598314830E-01, 
 300.0000000000000, -.2644772496687110E-03, -.1524033836675697E-10, -.2644772496687110, -.1524033836675697E-01, 
 300.0000000000000, -.2057045275201093E-03, -.1201142578430888E-10, -.2057045275201093, -.1201142578430888E-01, 
 300.0000000000000, -.1469318053715068E-03, -.8692326482746718E-11, -.1469318053715068, -.8692326482746718E-02, 
 300.0000000000000, -.8815908322290424E-04, -.5283038728030475E-11, -.8815908322290425E-01, -.5283038728030476E-02, 
 300.0000000000000, -.2938636107430170E-04, -.1783560805187868E-11, -.2938636107430170E-01, -.1783560805187868E-02, 
 300.0000000000000, .2938636107430084E-04, .1806108981703164E-11, .2938636107430084E-01, .1806108981703164E-02, 
 300.0000000000000, .8815908322290338E-04, .5485972309522955E-11, .8815908322290338E-01, .5485972309522955E-02, 
 300.0000000000000, .1469318053715059E-03, .9256030836088099E-11, .1469318053715059, .9256030836088098E-02, 
 300.0000000000000, .2057045275201085E-03, .1311628620016489E-10, .2057045275201085, .1311628620016489E-01, 
 300.0000000000000, .2644772496687110E-03, .1706674002147542E-10, .2644772496687110, .1706674002147542E-01, 
 300.0000000000000, .3232499718173135E-03, .2110739390066062E-10, .3232499718173135, .2110739390066062E-01, 
 300.0000000000000, .3820226939659161E-03, .2523824941931974E-10, .3820226939659161, .2523824941931974E-01, 
 300.0000000000000, .4407954161145186E-03, .2945930813998099E-10, .4407954161145186, .2945930813998099E-01, 
 300.0000000000000, .4995681382631212E-03, .3377057160610008E-10, .4995681382631211, .3377057160610008E-01, 
 300.0000000000000, .5583408604117228E-03, .3817204134210074E-10, .5583408604117228, .3817204134210074E-01, 
 300.0000000000000, .6171135825603254E-03, .4266371885329983E-10, .6171135825603253, .4266371885329984E-01, 
 300.0000000000000, .6758863047089279E-03, .4724560562596874E-10, .6758863047089279, .4724560562596875E-01, 
 300.0000000000000, .7346590268575304E-03, .5191770312730307E-10, .7346590268575305, .5191770312730307E-01, 
 300.0000000000000, .7934317490061330E-03, .5668001280543557E-10, .7934317490061330, .5668001280543557E-01, 
 300.0000000000000, .8522044711547355E-03, .6153253608940588E-10, .8522044711547355, .6153253608940588E-01, 
 300.0000000000000, .9109771933033381E-03, .6647527438920043E-10, .9109771933033380, .6647527438920044E-01, 
 300.0000000000000, .9697499154519406E-03, .7150822909571707E-10, .9697499154519406, .7150822909571708E-01, 
 300.0000000000000, .1028522637600543E-02, .7663140158078055E-10, 1.028522637600543, .7663140158078055E-01, 
 300.0000000000000, .1087295359749146E-02, .8184479319713225E-10, 1.087295359749146, .8184479319713225E-01, 
 300.0000000000000, .1146068081897748E-02, .8714840527843247E-10, 1.146068081897748, .8714840527843247E-01, 
 300.0000000000000, .1204840804046351E-02, .9254223913926930E-10, 1.204840804046351, .9254223913926930E-01, 
 300.0000000000000, .1263613526194953E-02, .9802629607513905E-10, 1.263613526194953, .9802629607513905E-01, 
 300.0000000000000, .1322386248343555E-02, .1036005773624376E-09, 1.322386248343555, .1036005773624376, 
 300.0000000000000, .1381158970492158E-02, .1092650842585187E-09, 1.381158970492157, .1092650842585187, 
 300.0000000000000, .1439931692640760E-02, .1150198180015918E-09, 1.439931692640760, .1150198180015918, 
 300.0000000000000, .1498704414789363E-02, .1208647798108294E-09, 1.498704414789363, .1208647798108294, 
 300.0000000000000, .1557477136937965E-02, .1267999708862740E-09, 1.557477136937965, .1267999708862740, 
 300.0000000000000, .1616249859086568E-02, .1328253924088947E-09, 1.616249859086568, .1328253924088947, 
 300.0000000000000, .1675022581235170E-02, .1389410455405579E-09, 1.675022581235170, .1389410455405579, 
 300.0000000000000, .1733795303383773E-02, .1451469314240605E-09, 1.733795303383773, .1451469314240605, 
 300.0000000000000, .1792568025532375E-02, .1514430511830677E-09, 1.792568025532375, .1514430511830677, 
 300.0000000000000, .1851340747680978E-02, .1578294059221551E-09, 1.851340747680978, .1578294059221551, 
 300.0000000000000, .1910113469829580E-02, .1643059967268357E-09, 1.910113469829580, .1643059967268357, 
 300.0000000000000, .1968886191978182E-02, .1708728246634657E-09, 1.968886191978182, .1708728246634657, 
 300.0000000000000, .2027658914126785E-02, .1775298907793459E-09, 2.027658914126786, .1775298907793459, 
 300.0000000000000, .2086431636275387E-02, .1842771961026654E-09, 2.086431636275387, .1842771961026654, 
 300.0000000000000, .2145204358423991E-02, .1911147416424910E-09, 2.145204358423991, .1911147416424910, 
 300.0000000000000, .2203977080572592E-02, .1980425283888043E-09, 2.203977080572592, .1980425283888043, 
 300.0000000000000, .2262749802721196E-02, .2050605573124679E-09, 2.262749802721196, .2050605573124679, 
 300.0000000000000, .2321522524869797E-02, .2121688293652478E-09, 2.321522524869797, .2121688293652478, 
 300.0000000000000, .2380295247018401E-02, .2193673454797966E-09, 2.380295247018401, .2193673454797966, 
 300.0000000000000, .2439067969167002E-02, .2266561065696571E-09, 2.439067969167002, .2266561065696571, 
 300.0000000000000, .2497840691315604E-02, .2340351135292602E-09, 2.497840691315604, .2340351135292602, 
 300.0000000000000, .2556613413464207E-02, .2415043672339450E-09, 2.556613413464207, .2415043672339450, 
 300.0000000000000, .2615386135612809E-02, .2490638685398975E-09, 2.615386135612809, .2490638685398975, 
 300.0000000000000, .2674158857761413E-02, .2567136182842328E-09, 2.674158857761412, .2567136182842328, 
 300.0000000000000, .2732931579910014E-02, .2644536172849338E-09, 2.732931579910014, .2644536172849338, 
 300.0000000000000, .2791704302058618E-02, .2722838663408519E-09, 2.791704302058617, .2722838663408519, 
 300.0000000000000, .2850477024207219E-02, .2802043662317512E-09, 2.850477024207219, .2802043662317512, 
 300.0000000000000, .2909249746355823E-02, .2882151177182707E-09, 2.909249746355822, .2882151177182707, 
 300.0000000000000, .2968022468504424E-02, .2963161215419022E-09, 2.968022468504425, .2963161215419022, 
 300.0000000000000, .3026795190653028E-02, .3045073784250486E-09, 3.026795190653028, .3045073784250485, 
 300.0000000000000, .3085567912801629E-02, .3127888890710076E-09, 3.085567912801630, .3127888890710076, 
 300.0000000000000, .3144340634950233E-02, .3211606541639065E-09, 3.144340634950233, .3211606541639065, 
 300.0000000000000, .3203113357098834E-02, .3296226743687807E-09, 3.203113357098835, .3296226743687807, 
 300.0000000000000, .3261886079247436E-02, .3381749503315430E-09, 3.261886079247436, .3381749503315430, 
 300.0000000000000, .3320658801396040E-02, .3468174826789876E-09, 3.320658801396040, .3468174826789875, 
 300.0000000000000, .3379431523544641E-02, .3555502720187463E-09, 3.379431523544641, .3555502720187463, 
 300.0000000000000, .3438204245693245E-02, .3643733189393732E-09, 3.438204245693245, .3643733189393732, 
 300.0000000000000, .3496976967841846E-02, .3732866240102842E-09, 3.496976967841846, .3732866240102842, 
 300.0000000000000, .3555749689990450E-02, .3822901877817470E-09, 3.555749689990450, .3822901877817469, 
 300.0000000000000, .3614522412139051E-02, .3913840107849042E-09, 3.614522412139051, .3913840107849042, 
 300.0000000000000, .3673295134287655E-02, .4005680935318101E-09, 3.673295134287655, .4005680935318101, 
 300.0000000000000, .3732067856436256E-02, .4098424365153275E-09, 3.732067856436256, .4098424365153275, 
 300.0000000000000, .3790840578584860E-02, .4192070402092233E-09, 3.790840578584860, .4192070402092233, 
 300.0000000000000, .3849613300733462E-02, .4286619050681646E-09, 3.849613300733461, .4286619050681646, 
 300.0000000000000, .3908386022882065E-02, .4382070315276262E-09, 3.908386022882065, .4382070315276262, 
 300.0000000000000, .3967158745030667E-02, .4478424200039728E-09, 3.967158745030666, .4478424200039728, 
 300.0000000000000, .4025931467179268E-02, .4575680708944531E-09, 4.025931467179269, .4575680708944531, 
 300.0000000000000, .4084704189327872E-02, .4673839845771707E-09, 4.084704189327872, .4673839845771707, 
 300.0000000000000, .4143476911476473E-02, .4772901614110861E-09, 4.143476911476474, .4772901614110860, 
 300.0000000000000, .4202249633625077E-02, .4872866017360459E-09, 4.202249633625077, .4872866017360459, 
 300.0000000000000, .4261022355773678E-02, .4973733058727333E-09, 4.261022355773679, .4973733058727333, 
 300.0000000000000, .4319795077922282E-02, .5075502741227299E-09, 4.319795077922282, .5075502741227299, 
 300.0000000000000, .4378567800070884E-02, .5178175067684400E-09, 4.378567800070884, .5178175067684400, 
 300.0000000000000, .4437340522219487E-02, .5281750040731810E-09, 4.437340522219487, .5281750040731811, 
 300.0000000000000, .4496113244368089E-02, .5386227662810850E-09, 4.496113244368089, .5386227662810850, 
 300.0000000000000, .4554885966516692E-02, .5491607936171684E-09, 4.554885966516692, .5491607936171684, 
 300.0000000000000, .4613658688665294E-02, .5597890862873312E-09, 4.613658688665294, .5597890862873312, 
 300.0000000000000, .4672431410813897E-02, .5705076444782633E-09, 4.672431410813897, .5705076444782633, 
 300.0000000000000, .4731204132962499E-02, .5813164683575913E-09, 4.731204132962499, .5813164683575913, 
 300.0000000000000, .4789976855111100E-02, .5922155580737737E-09, 4.789976855111100, .5922155580737737, 
 300.0000000000000, .4848749577259704E-02, .6032049137561205E-09, 4.848749577259704, .6032049137561205, 
 300.0000000000000, .4907522299408306E-02, .6142845355148115E-09, 4.907522299408305, .6142845355148114, 
 300.0000000000000, .4966295021556909E-02, .6254544234408760E-09, 4.966295021556909, .6254544234408760, 
 300.0000000000000, .5025067743705511E-02, .6367145776062216E-09, 5.025067743705510, .6367145776062216, 
 300.0000000000000, .5083840465854114E-02, .6480649980635870E-09, 5.083840465854114, .6480649980635870, 
 300.0000000000000, .5142613188002716E-02, .6595056848465872E-09, 5.142613188002715, .6595056848465872, 
 300.0000000000000, .5201385910151319E-02, .6710366379696754E-09, 5.201385910151319, .6710366379696754, 
 300.0000000000000, .5260158632299921E-02, .6826578574282187E-09, 5.260158632299921, .6826578574282187, 
 300.0000000000000, .5318931354448524E-02, .6943693431983326E-09, 5.318931354448524, .6943693431983327, 
 300.0000000000000, .5377704076597126E-02, .7061710952371375E-09, 5.377704076597126, .7061710952371375, 
 300.0000000000000, .5436476798745728E-02, .7180631134824344E-09, 5.436476798745727, .7180631134824345, 
 300.0000000000000, .5495249520894331E-02, .7300453978530600E-09, 5.495249520894331, .7300453978530600, 
 300.0000000000000, .5554022243042933E-02, .7421179482485456E-09, 5.554022243042932, .7421179482485456, 
 300.0000000000000, .5612794965191536E-02, .7542807645494308E-09, 5.612794965191536, .7542807645494308, 
 300.0000000000000, .5671567687340138E-02, .7665338466169796E-09, 5.671567687340137, .7665338466169795, 
 300.0000000000000, .5730340409488741E-02, .7788771942934088E-09, 5.730340409488741, .7788771942934088, 
 300.0000000000000, .5789113131637343E-02, .7913108074016933E-09, 5.789113131637343, .7913108074016932, 
 300.0000000000000, .5847885853785946E-02, .8038346857457661E-09, 5.847885853785947, .8038346857457661, 
 350.0000000000000, -.5847885853785946E-02, .9413384383664346E-11, -5.847885853785947, .9413384383664345E-02, 
 350.0000000000000, -.5789113131637344E-02, .5044725884340198E-11, -5.789113131637343, .5044725884340197E-02, 
 350.0000000000000, -.5730340409488741E-02, .7627650608545615E-12, -5.730340409488741, .7627650608545615E-03, 
 350.0000000000000, -.5671567687340139E-02, -.3432495083490584E-11, -5.671567687340138, -.3432495083490584E-02, 
 350.0000000000000, -.5612794965191536E-02, -.7541051561363203E-11, -5.612794965191536, -.7541051561363203E-02, 
 350.0000000000000, -.5554022243042933E-02, -.1156290140129493E-10, -5.554022243042933, -.1156290140129493E-01, 
 350.0000000000000, -.5495249520894332E-02, -.1549804164777111E-10, -5.495249520894331, -.1549804164777111E-01, 
 350.0000000000000, -.5436476798745729E-02, -.1934646936113327E-10, -5.436476798745729, -.1934646936113327E-01, 
 350.0000000000000, -.5377704076597127E-02, -.2310818161776611E-10, -5.377704076597126, -.2310818161776611E-01, 
 350.0000000000000, -.5318931354448524E-02, -.2678317550990625E-10, -5.318931354448524, -.2678317550990625E-01, 
 350.0000000000000, -.5260158632299922E-02, -.3037144814574160E-10, -5.260158632299921, -.3037144814574160E-01, 
 350.0000000000000, -.5201385910151319E-02, -.3387299664934892E-10, -5.201385910151319, -.3387299664934892E-01, 
 350.0000000000000, -.5142613188002717E-02, -.3728781816078037E-10, -5.142613188002716, -.3728781816078037E-01, 
 350.0000000000000, -.5083840465854114E-02, -.4061590983606262E-10, -5.083840465854114, -.4061590983606262E-01, 
 350.0000000000000, -.5025067743705511E-02, -.4385726884706533E-10, -5.025067743705511, -.4385726884706533E-01, 
 350.0000000000000, -.4966295021556909E-02, -.4701189238167290E-10, -4.966295021556909, -.4701189238167290E-01, 
 350.0000000000000, -.4907522299408306E-02, -.5007977764366406E-10, -4.907522299408306, -.5007977764366406E-01, 
 350.0000000000000, -.4848749577259704E-02, -.5306092185280440E-10, -4.848749577259704, -.5306092185280440E-01, 
 350.0000000000000, -.4789976855111101E-02, -.5595532224476555E-10, -4.789976855111101, -.5595532224476555E-01, 
 350.0000000000000, -.4731204132962500E-02, -.5876297607118858E-10, -4.731204132962500, -.5876297607118858E-01, 
 350.0000000000000, -.4672431410813896E-02, -.6148388059964473E-10, -4.672431410813896, -.6148388059964473E-01, 
 350.0000000000000, -.4613658688665295E-02, -.6411803311371269E-10, -4.613658688665295, -.6411803311371268E-01, 
 350.0000000000000, -.4554885966516692E-02, -.6666543091284198E-10, -4.554885966516692, -.6666543091284198E-01, 
 350.0000000000000, -.4496113244368089E-02, -.6912607131247600E-10, -4.496113244368090, -.6912607131247600E-01, 
 350.0000000000000, -.4437340522219487E-02, -.7149995164406622E-10, -4.437340522219487, -.7149995164406622E-01, 
 350.0000000000000, -.4378567800070884E-02, -.7378706925491447E-10, -4.378567800070885, -.7378706925491446E-01, 
 350.0000000000000, -.4319795077922282E-02, -.7598742150835755E-10, -4.319795077922282, -.7598742150835755E-01, 
 350.0000000000000, -.4261022355773679E-02, -.7810100578368836E-10, -4.261022355773679, -.7810100578368837E-01, 
 350.0000000000000, -.4202249633625077E-02, -.8012781947614235E-10, -4.202249633625077, -.8012781947614235E-01, 
 350.0000000000000, -.4143476911476474E-02, -.8206785999693049E-10, -4.143476911476474, -.8206785999693049E-01, 
 350.0000000000000, -.4084704189327872E-02, -.8392112477324063E-10, -4.084704189327872, -.8392112477324062E-01, 
 350.0000000000000, -.4025931467179269E-02, -.8568761124823269E-10, -4.025931467179269, -.8568761124823270E-01, 
 350.0000000000000, -.3967158745030668E-02, -.8736731688100796E-10, -3.967158745030667, -.8736731688100796E-01, 
 350.0000000000000, -.3908386022882064E-02, -.8896023914665853E-10, -3.908386022882064, -.8896023914665853E-01, 
 350.0000000000000, -.3849613300733462E-02, -.9046637553626420E-10, -3.849613300733462, -.9046637553626420E-01, 
 350.0000000000000, -.3790840578584859E-02, -.9188572355685775E-10, -3.790840578584859, -.9188572355685776E-01, 
 350.0000000000000, -.3732067856436257E-02, -.9321828073147044E-10, -3.732067856436257, -.9321828073147044E-01, 
 350.0000000000000, -.3673295134287655E-02, -.9446404459909935E-10, -3.673295134287655, -.9446404459909935E-01, 
 350.0000000000000, -.3614522412139052E-02, -.9562301271474270E-10, -3.614522412139052, -.9562301271474270E-01, 
 350.0000000000000, -.3555749689990450E-02, -.9669518264934610E-10, -3.555749689990450, -.9669518264934610E-01, 
 350.0000000000000, -.3496976967841847E-02, -.9768055198985382E-10, -3.496976967841847, -.9768055198985381E-01, 
 350.0000000000000, -.3438204245693245E-02, -.9857911833923792E-10, -3.438204245693245, -.9857911833923791E-01, 
 350.0000000000000, -.3379431523544643E-02, -.9939087931639483E-10, -3.379431523544643, -.9939087931639483E-01, 
 350.0000000000000, -.3320658801396040E-02, -.1001158325562629E-09, -3.320658801396040, -.1001158325562629, 
 350.0000000000000, -.3261886079247437E-02, -.1007539757097256E-09, -3.261886079247438, -.1007539757097256, 
 350.0000000000000, -.3203113357098835E-02, -.1013053064437025E-09, -3.203113357098835, -.1013053064437025, 
 350.0000000000000, -.3144340634950232E-02, -.1017698224410627E-09, -3.144340634950233, -.1017698224410627, 
 350.0000000000000, -.3085567912801630E-02, -.1021475214007412E-09, -3.085567912801630, -.1021475214007412, 
 350.0000000000000, -.3026795190653028E-02, -.1024384010375722E-09, -3.026795190653028, -.1024384010375722, 
 350.0000000000000, -.2968022468504425E-02, -.1026424590824896E-09, -2.968022468504425, -.1026424590824895, 
 350.0000000000000, -.2909249746355823E-02, -.1027596932823340E-09, -2.909249746355822, -.1027596932823340, 
 350.0000000000000, -.2850477024207220E-02, -.1027901014000394E-09, -2.850477024207220, -.1027901014000394, 
 350.0000000000000, -.2791704302058618E-02, -.1027336812144933E-09, -2.791704302058617, -.1027336812144933, 
 350.0000000000000, -.2732931579910015E-02, -.1025904305205748E-09, -2.732931579910015, -.1025904305205748, 
 350.0000000000000, -.2674158857761413E-02, -.1023603471292045E-09, -2.674158857761412, -.1023603471292045, 
 350.0000000000000, -.2615386135612810E-02, -.1020434288672945E-09, -2.615386135612810, -.1020434288672945, 
 350.0000000000000, -.2556613413464208E-02, -.1016396735777671E-09, -2.556613413464208, -.1016396735777671, 
 350.0000000000000, -.2497840691315605E-02, -.1011490791195628E-09, -2.497840691315605, -.1011490791195628, 
 350.0000000000000, -.2439067969167003E-02, -.1005716433676288E-09, -2.439067969167003, -.1005716433676288, 
 350.0000000000000, -.2380295247018400E-02, -.9990736421292433E-10, -2.380295247018400, -.9990736421292433E-01, 
 350.0000000000000, -.2321522524869798E-02, -.9915623956243125E-10, -2.321522524869798, -.9915623956243125E-01, 
 350.0000000000000, -.2262749802721196E-02, -.9831826733913598E-10, -2.262749802721196, -.9831826733913598E-01, 
 350.0000000000000, -.2203977080572593E-02, -.9739344548206937E-10, -2.203977080572593, -.9739344548206938E-01, 
 350.0000000000000, -.2145204358423991E-02, -.9638177194624869E-10, -2.145204358423991, -.9638177194624870E-01, 
 350.0000000000000, -.2086431636275388E-02, -.9528324470273206E-10, -2.086431636275388, -.9528324470273206E-01, 
 350.0000000000000, -.2027658914126785E-02, -.9409786173860128E-10, -2.027658914126786, -.9409786173860128E-01, 
 350.0000000000000, -.1968886191978183E-02, -.9282562105696240E-10, -1.968886191978183, -.9282562105696240E-01, 
 350.0000000000000, -.1910113469829580E-02, -.9146652067691767E-10, -1.910113469829580, -.9146652067691767E-01, 
 350.0000000000000, -.1851340747680978E-02, -.9002055863364191E-10, -1.851340747680978, -.9002055863364190E-01, 
 350.0000000000000, -.1792568025532375E-02, -.8848773297830813E-10, -1.792568025532375, -.8848773297830813E-01, 
 350.0000000000000, -.1733795303383773E-02, -.8686804177812687E-10, -1.733795303383773, -.8686804177812688E-01, 
 350.0000000000000, -.1675022581235171E-02, -.8516148311634620E-10, -1.675022581235171, -.8516148311634621E-01, 
 350.0000000000000, -.1616249859086569E-02, -.8336805509221534E-10, -1.616249859086569, -.8336805509221533E-01, 
 350.0000000000000, -.1557477136937966E-02, -.8148775582106077E-10, -1.557477136937966, -.8148775582106077E-01, 
 350.0000000000000, -.1498704414789363E-02, -.7952058343421186E-10, -1.498704414789364, -.7952058343421187E-01, 
 350.0000000000000, -.1439931692640761E-02, -.7746653607904211E-10, -1.439931692640761, -.7746653607904211E-01, 
 350.0000000000000, -.1381158970492158E-02, -.7532561191895733E-10, -1.381158970492158, -.7532561191895733E-01, 
 350.0000000000000, -.1322386248343556E-02, -.7309780913341981E-10, -1.322386248343556, -.7309780913341980E-01, 
 350.0000000000000, -.1263613526194953E-02, -.7078312591790285E-10, -1.263613526194953, -.7078312591790285E-01, 
 350.0000000000000, -.1204840804046351E-02, -.6838156048394557E-10, -1.204840804046351, -.6838156048394557E-01, 
 350.0000000000000, -.1146068081897748E-02, -.6589311105911756E-10, -1.146068081897748, -.6589311105911756E-01, 
 350.0000000000000, -.1087295359749146E-02, -.6331777588703042E-10, -1.087295359749146, -.6331777588703043E-01, 
 350.0000000000000, -.1028522637600543E-02, -.6065555322733436E-10, -1.028522637600543, -.6065555322733435E-01, 
 350.0000000000000, -.9697499154519406E-03, -.5790644135572790E-10, -.9697499154519406, -.5790644135572789E-01, 
 350.0000000000000, -.9109771933033389E-03, -.5507043856397564E-10, -.9109771933033389, -.5507043856397564E-01, 
 350.0000000000000, -.8522044711547364E-03, -.5214754315985096E-10, -.8522044711547364, -.5214754315985096E-01, 
 350.0000000000000, -.7934317490061338E-03, -.4913775346721478E-10, -.7934317490061339, -.4913775346721478E-01, 
 350.0000000000000, -.7346590268575313E-03, -.4604106782594342E-10, -.7346590268575313, -.4604106782594342E-01, 
 350.0000000000000, -.6758863047089288E-03, -.4285748459199139E-10, -.6758863047089287, -.4285748459199139E-01, 
 350.0000000000000, -.6171135825603262E-03, -.3958700213734205E-10, -.6171135825603262, -.3958700213734206E-01, 
 350.0000000000000, -.5583408604117237E-03, -.3622961885005877E-10, -.5583408604117237, -.3622961885005876E-01, 
 350.0000000000000, -.4995681382631212E-03, -.3278533313422847E-10, -.4995681382631211, -.3278533313422847E-01, 
 350.0000000000000, -.4407954161145186E-03, -.2925414341001423E-10, -.4407954161145186, -.2925414341001423E-01, 
 350.0000000000000, -.3820226939659161E-03, -.2563604811362234E-10, -.3820226939659161, -.2563604811362234E-01, 
 350.0000000000000, -.3232499718173135E-03, -.2193104569732631E-10, -.3232499718173135, -.2193104569732631E-01, 
 350.0000000000000, -.2644772496687110E-03, -.1813913462944227E-10, -.2644772496687110, -.1813913462944227E-01, 
 350.0000000000000, -.2057045275201093E-03, -.1426031339436663E-10, -.2057045275201093, -.1426031339436663E-01, 
 350.0000000000000, -.1469318053715068E-03, -.1029458049253234E-10, -.1469318053715068, -.1029458049253234E-01, 
 350.0000000000000, -.8815908322290424E-04, -.6241934440455289E-11, -.8815908322290425E-01, -.6241934440455290E-02, 
 350.0000000000000, -.2938636107430170E-04, -.2102373770690771E-11, -.2938636107430170E-01, -.2102373770690771E-02, 
 350.0000000000000, .2938636107430084E-04, .2124102968120178E-11, .2938636107430084E-01, .2124102968120178E-02, 
 350.0000000000000, .8815908322290338E-04, .6437497211295865E-11, .8815908322290338E-01, .6437497211295865E-02, 
 350.0000000000000, .1469318053715059E-03, .1083781037806710E-10, .1469318053715059, .1083781037806711E-01, 
 350.0000000000000, .2057045275201085E-03, .1532504387162425E-10, .2057045275201085, .1532504387162425E-01, 
 350.0000000000000, .2644772496687110E-03, .1989919907906502E-10, .2644772496687110, .1989919907906502E-01, 
 350.0000000000000, .3232499718173135E-03, .2456027737144775E-10, .3232499718173135, .2456027737144775E-01, 
 350.0000000000000, .3820226939659161E-03, .2930828010373412E-10, .3820226939659161, .2930828010373412E-01, 
 350.0000000000000, .4407954161145186E-03, .3414320861484239E-10, .4407954161145186, .3414320861484239E-01, 
 350.0000000000000, .4995681382631212E-03, .3906506422760335E-10, .4995681382631211, .3906506422760335E-01, 
 350.0000000000000, .5583408604117228E-03, .4407384824879051E-10, .5583408604117228, .4407384824879051E-01, 
 350.0000000000000, .6171135825603254E-03, .4916956196909243E-10, .6171135825603253, .4916956196909243E-01, 
 350.0000000000000, .6758863047089279E-03, .5435220666314550E-10, .6758863047089279, .5435220666314550E-01, 
 350.0000000000000, .7346590268575304E-03, .5962178358948323E-10, .7346590268575305, .5962178358948323E-01, 
 350.0000000000000, .7934317490061330E-03, .6497829399059135E-10, .7934317490061330, .6497829399059135E-01, 
 350.0000000000000, .8522044711547355E-03, .7042173909286899E-10, .8522044711547355, .7042173909286899E-01, 
 350.0000000000000, .9109771933033381E-03, .7595212010665366E-10, .9109771933033380, .7595212010665366E-01, 
 350.0000000000000, .9697499154519406E-03, .8156943822617516E-10, .9697499154519406, .8156943822617516E-01, 
 350.0000000000000, .1028522637600543E-02, .8727369462963342E-10, 1.028522637600543, .8727369462963341E-01, 
 350.0000000000000, .1087295359749146E-02, .9306489047910917E-10, 1.087295359749146, .9306489047910917E-01, 
 350.0000000000000, .1146068081897748E-02, .9894302692062538E-10, 1.146068081897748, .9894302692062538E-01, 
 350.0000000000000, .1204840804046351E-02, .1049081050841176E-09, 1.204840804046351, .1049081050841176, 
 350.0000000000000, .1263613526194953E-02, .1109601260834637E-09, 1.263613526194953, .1109601260834637, 
 350.0000000000000, .1322386248343555E-02, .1170990910164323E-09, 1.322386248343555, .1170990910164323, 
 350.0000000000000, .1381158970492158E-02, .1233250009647128E-09, 1.381158970492157, .1233250009647128, 
 350.0000000000000, .1439931692640760E-02, .1296378569939440E-09, 1.439931692640760, .1296378569939440, 
 350.0000000000000, .1498704414789363E-02, .1360376601536404E-09, 1.498704414789363, .1360376601536404, 
 350.0000000000000, .1557477136937965E-02, .1425244114772699E-09, 1.557477136937965, .1425244114772699, 
 350.0000000000000, .1616249859086568E-02, .1490981119821999E-09, 1.616249859086568, .1490981119821999, 
 350.0000000000000, .1675022581235170E-02, .1557587626697178E-09, 1.675022581235170, .1557587626697178, 
 350.0000000000000, .1733795303383773E-02, .1625063645250161E-09, 1.733795303383773, .1625063645250161, 
 350.0000000000000, .1792568025532375E-02, .1693409185172137E-09, 1.792568025532375, .1693409185172137, 
 350.0000000000000, .1851340747680978E-02, .1762624255993490E-09, 1.851340747680978, .1762624255993490, 
 350.0000000000000, .1910113469829580E-02, .1832708867083595E-09, 1.910113469829580, .1832708867083595, 
 350.0000000000000, .1968886191978182E-02, .1903663027651105E-09, 1.968886191978182, .1903663027651105, 
 350.0000000000000, .2027658914126785E-02, .1975486746743591E-09, 2.027658914126786, .1975486746743591, 
 350.0000000000000, .2086431636275387E-02, .2048180033247972E-09, 2.086431636275387, .2048180033247972, 
 350.0000000000000, .2145204358423991E-02, .2121742895890185E-09, 2.145204358423991, .2121742895890185, 
 350.0000000000000, .2203977080572592E-02, .2196175343235358E-09, 2.203977080572592, .2196175343235358, 
 350.0000000000000, .2262749802721196E-02, .2271477383687392E-09, 2.262749802721196, .2271477383687392, 
 350.0000000000000, .2321522524869797E-02, .2347649025489798E-09, 2.321522524869797, .2347649025489798, 
 350.0000000000000, .2380295247018401E-02, .2424690276724781E-09, 2.380295247018401, .2424690276724781, 
 350.0000000000000, .2439067969167002E-02, .2502601145313967E-09, 2.439067969167002, .2502601145313967, 
 350.0000000000000, .2497840691315604E-02, .2581381639017663E-09, 2.497840691315604, .2581381639017663, 
 350.0000000000000, .2556613413464207E-02, .2661031765435767E-09, 2.556613413464207, .2661031765435767, 
 350.0000000000000, .2615386135612809E-02, .2741551532006823E-09, 2.615386135612809, .2741551532006823, 
 350.0000000000000, .2674158857761413E-02, .2822940946008604E-09, 2.674158857761412, .2822940946008605, 
 350.0000000000000, .2732931579910014E-02, .2905200014558068E-09, 2.732931579910014, .2905200014558068, 
 350.0000000000000, .2791704302058618E-02, .2988328744611148E-09, 2.791704302058617, .2988328744611148, 
 350.0000000000000, .2850477024207219E-02, .3072327142962802E-09, 2.850477024207219, .3072327142962802, 
 350.0000000000000, .2909249746355823E-02, .3157195216246908E-09, 2.909249746355822, .3157195216246908, 
 350.0000000000000, .2968022468504424E-02, .3242932970936952E-09, 2.968022468504425, .3242932970936951, 
 350.0000000000000, .3026795190653028E-02, .3329540413344850E-09, 3.026795190653028, .3329540413344850, 
 350.0000000000000, .3085567912801629E-02, .3417017549621898E-09, 3.085567912801630, .3417017549621898, 
 350.0000000000000, .3144340634950233E-02, .3505364385758383E-09, 3.144340634950233, .3505364385758383, 
 350.0000000000000, .3203113357098834E-02, .3594580927583695E-09, 3.203113357098835, .3594580927583694, 
 350.0000000000000, .3261886079247436E-02, .3684667180766195E-09, 3.261886079247436, .3684667180766195, 
 350.0000000000000, .3320658801396040E-02, .3775623150813165E-09, 3.320658801396040, .3775623150813165, 
 350.0000000000000, .3379431523544641E-02, .3867448843071065E-09, 3.379431523544641, .3867448843071065, 
 350.0000000000000, .3438204245693245E-02, .3960144262725619E-09, 3.438204245693245, .3960144262725619, 
 350.0000000000000, .3496976967841846E-02, .4053709414801121E-09, 3.496976967841846, .4053709414801121, 
 350.0000000000000, .3555749689990450E-02, .4148144304161242E-09, 3.555749689990450, .4148144304161243, 
 350.0000000000000, .3614522412139051E-02, .4243448935508585E-09, 3.614522412139051, .4243448935508585, 
 350.0000000000000, .3673295134287655E-02, .4339623313384841E-09, 3.673295134287655, .4339623313384841, 
 350.0000000000000, .3732067856436256E-02, .4436667442170526E-09, 3.732067856436256, .4436667442170525, 
 350.0000000000000, .3790840578584860E-02, .4534581326085320E-09, 3.790840578584860, .4534581326085321, 
 350.0000000000000, .3849613300733462E-02, .4633364969188161E-09, 3.849613300733461, .4633364969188161, 
 350.0000000000000, .3908386022882065E-02, .4733018375376253E-09, 3.908386022882065, .4733018375376253, 
 350.0000000000000, .3967158745030667E-02, .4833541548387013E-09, 3.967158745030666, .4833541548387013, 
 350.0000000000000, .4025931467179268E-02, .4934934491795734E-09, 4.025931467179269, .4934934491795734, 
 350.0000000000000, .4084704189327872E-02, .5037197209017561E-09, 4.084704189327872, .5037197209017561, 
 350.0000000000000, .4143476911476473E-02, .5140329703305924E-09, 4.143476911476474, .5140329703305924, 
 350.0000000000000, .4202249633625077E-02, .5244331977753816E-09, 4.202249633625077, .5244331977753816, 
 350.0000000000000, .4261022355773678E-02, .5349204035293327E-09, 4.261022355773679, .5349204035293327, 
 350.0000000000000, .4319795077922282E-02, .5454945878694957E-09, 4.319795077922282, .5454945878694958, 
 350.0000000000000, .4378567800070884E-02, .5561557510568967E-09, 4.378567800070884, .5561557510568967, 
 350.0000000000000, .4437340522219487E-02, .5669038933363872E-09, 4.437340522219487, .5669038933363872, 
 350.0000000000000, .4496113244368089E-02, .5777390149367676E-09, 4.496113244368089, .5777390149367676, 
 350.0000000000000, .4554885966516692E-02, .5886611160707729E-09, 4.554885966516692, .5886611160707729, 
 350.0000000000000, .4613658688665294E-02, .5996701969349454E-09, 4.613658688665294, .5996701969349454, 
 350.0000000000000, .4672431410813897E-02, .6107662577098272E-09, 4.672431410813897, .6107662577098272, 
 350.0000000000000, .4731204132962499E-02, .6219492985597868E-09, 4.731204132962499, .6219492985597869, 
 350.0000000000000, .4789976855111100E-02, .6332193196331338E-09, 4.789976855111100, .6332193196331338, 
 350.0000000000000, .4848749577259704E-02, .6445763210620497E-09, 4.848749577259704, .6445763210620497, 
 350.0000000000000, .4907522299408306E-02, .6560203029626946E-09, 4.907522299408305, .6560203029626945, 
 350.0000000000000, .4966295021556909E-02, .6675512654350244E-09, 4.966295021556909, .6675512654350244, 
 350.0000000000000, .5025067743705511E-02, .6791692085629734E-09, 5.025067743705510, .6791692085629734, 
 350.0000000000000, .5083840465854114E-02, .6908741324143544E-09, 5.083840465854114, .6908741324143544, 
 350.0000000000000, .5142613188002716E-02, .7026660370408584E-09, 5.142613188002715, .7026660370408584, 
 350.0000000000000, .5201385910151319E-02, .7145449224781426E-09, 5.201385910151319, .7145449224781426, 
 350.0000000000000, .5260158632299921E-02, .7265107887456866E-09, 5.260158632299921, .7265107887456866, 
 350.0000000000000, .5318931354448524E-02, .7385636358469466E-09, 5.318931354448524, .7385636358469465, 
 350.0000000000000, .5377704076597126E-02, .7507034637692096E-09, 5.377704076597126, .7507034637692096, 
 350.0000000000000, .5436476798745728E-02, .7629302724837406E-09, 5.436476798745727, .7629302724837406, 
 350.0000000000000, .5495249520894331E-02, .7752440619456497E-09, 5.495249520894331, .7752440619456497, 
 350.0000000000000, .5554022243042933E-02, .7876448320939690E-09, 5.554022243042932, .7876448320939691, 
 350.0000000000000, .5612794965191536E-02, .8001325828516877E-09, 5.612794965191536, .8001325828516878, 
 350.0000000000000, .5671567687340138E-02, .8127073141255790E-09, 5.671567687340137, .8127073141255791, 
 350.0000000000000, .5730340409488741E-02, .8253690258064461E-09, 5.730340409488741, .8253690258064461, 
 350.0000000000000, .5789113131637343E-02, .8381177177689110E-09, 5.789113131637343, .8381177177689110, 
 350.0000000000000, .5847885853785946E-02, .8509533898715270E-09, 5.847885853785947, .8509533898715270, 
 400.0000000000000, -.5847885853785946E-02, -.8091414804060243E-10, -5.847885853785947, -.8091414804060243E-01, 
 400.0000000000000, -.5789113131637344E-02, -.8422109905913640E-10, -5.789113131637343, -.8422109905913640E-01, 
 400.0000000000000, -.5730340409488741E-02, -.8744446916433915E-10, -5.730340409488741, -.8744446916433915E-01, 
 400.0000000000000, -.5671567687340139E-02, -.9058425565548452E-10, -5.671567687340138, -.9058425565548452E-01, 
 400.0000000000000, -.5612794965191536E-02, -.9364045584537932E-10, -5.612794965191536, -.9364045584537932E-01, 
 400.0000000000000, -.5554022243042933E-02, -.9661306706047866E-10, -5.554022243042933, -.9661306706047866E-01, 
 400.0000000000000, -.5495249520894332E-02, -.9950208664068432E-10, -5.495249520894331, -.9950208664068433E-01, 
 400.0000000000000, -.5436476798745729E-02, -.1023075119395152E-09, -5.436476798745729, -.1023075119395152, 
 400.0000000000000, -.5377704076597127E-02, -.1050293403240581E-09, -5.377704076597126, -.1050293403240581, 
 400.0000000000000, -.5318931354448524E-02, -.1076675691749368E-09, -5.318931354448524, -.1076675691749368, 
 400.0000000000000, -.5260158632299922E-02, -.1102221958863733E-09, -5.260158632299921, -.1102221958863733, 
 400.0000000000000, -.5201385910151319E-02, -.1126932178661280E-09, -5.201385910151319, -.1126932178661280, 
 400.0000000000000, -.5142613188002717E-02, -.1150806325354894E-09, -5.142613188002716, -.1150806325354894, 
 400.0000000000000, -.5083840465854114E-02, -.1173844373294126E-09, -5.083840465854114, -.1173844373294126, 
 400.0000000000000, -.5025067743705511E-02, -.1196046296963320E-09, -5.025067743705511, -.1196046296963320, 
 400.0000000000000, -.4966295021556909E-02, -.1217412070982917E-09, -4.966295021556909, -.1217412070982917, 
 400.0000000000000, -.4907522299408306E-02, -.1237941670108685E-09, -4.907522299408306, -.1237941670108685, 
 400.0000000000000, -.4848749577259704E-02, -.1257635069232469E-09, -4.848749577259704, -.1257635069232469, 
 400.0000000000000, -.4789976855111101E-02, -.1276492243381933E-09, -4.789976855111101, -.1276492243381933, 
 400.0000000000000, -.4731204132962500E-02, -.1294513167720149E-09, -4.731204132962500, -.1294513167720149, 
 400.0000000000000, -.4672431410813896E-02, -.1311697817546326E-09, -4.672431410813896, -.1311697817546326, 
 400.0000000000000, -.4613658688665295E-02, -.1328046168294825E-09, -4.613658688665295, -.1328046168294825, 
 400.0000000000000, -.4554885966516692E-02, -.1343558195536213E-09, -4.554885966516692, -.1343558195536214, 
 400.0000000000000, -.4496113244368089E-02, -.1358233874976955E-09, -4.496113244368090, -.1358233874976955, 
 400.0000000000000, -.4437340522219487E-02, -.1372073182459082E-09, -4.437340522219487, -.1372073182459082, 
 400.0000000000000, -.4378567800070884E-02, -.1385076093960352E-09, -4.378567800070885, -.1385076093960352, 
 400.0000000000000, -.4319795077922282E-02, -.1397242585594397E-09, -4.319795077922282, -.1397242585594397, 
 400.0000000000000, -.4261022355773679E-02, -.1408572633610790E-09, -4.261022355773679, -.1408572633610790, 
 400.0000000000000, -.4202249633625077E-02, -.1419066214394967E-09, -4.202249633625077, -.1419066214394967, 
 400.0000000000000, -.4143476911476474E-02, -.1428723304468085E-09, -4.143476911476474, -.1428723304468086, 
 400.0000000000000, -.4084704189327872E-02, -.1437543880487087E-09, -4.084704189327872, -.1437543880487087, 
 400.0000000000000, -.4025931467179269E-02, -.1445527919245075E-09, -4.025931467179269, -.1445527919245075, 
 400.0000000000000, -.3967158745030668E-02, -.1452675397670585E-09, -3.967158745030667, -.1452675397670585, 
 400.0000000000000, -.3908386022882064E-02, -.1458986292828506E-09, -3.908386022882064, -.1458986292828507, 
 400.0000000000000, -.3849613300733462E-02, -.1464460581919228E-09, -3.849613300733462, -.1464460581919228, 
 400.0000000000000, -.3790840578584859E-02, -.1469098242279490E-09, -3.790840578584859, -.1469098242279490, 
 400.0000000000000, -.3732067856436257E-02, -.1472899251381279E-09, -3.732067856436257, -.1472899251381279, 
 400.0000000000000, -.3673295134287655E-02, -.1475863586833348E-09, -3.673295134287655, -.1475863586833348, 
 400.0000000000000, -.3614522412139052E-02, -.1477991226379547E-09, -3.614522412139052, -.1477991226379547, 
 400.0000000000000, -.3555749689990450E-02, -.1479282147900399E-09, -3.555749689990450, -.1479282147900399, 
 400.0000000000000, -.3496976967841847E-02, -.1479736329411823E-09, -3.496976967841847, -.1479736329411823, 
 400.0000000000000, -.3438204245693245E-02, -.1479353749066161E-09, -3.438204245693245, -.1479353749066161, 
 400.0000000000000, -.3379431523544643E-02, -.1478134385151214E-09, -3.379431523544643, -.1478134385151214, 
 400.0000000000000, -.3320658801396040E-02, -.1476078216091218E-09, -3.320658801396040, -.1476078216091218, 
 400.0000000000000, -.3261886079247437E-02, -.1473185220446320E-09, -3.261886079247438, -.1473185220446319, 
 400.0000000000000, -.3203113357098835E-02, -.1469455376912304E-09, -3.203113357098835, -.1469455376912304, 
 400.0000000000000, -.3144340634950232E-02, -.1464888664321538E-09, -3.144340634950233, -.1464888664321538, 
 400.0000000000000, -.3085567912801630E-02, -.1459485061641939E-09, -3.085567912801630, -.1459485061641939, 
 400.0000000000000, -.3026795190653028E-02, -.1453244547977697E-09, -3.026795190653028, -.1453244547977697, 
 400.0000000000000, -.2968022468504425E-02, -.1446167102568902E-09, -2.968022468504425, -.1446167102568902, 
 400.0000000000000, -.2909249746355823E-02, -.1438252704791640E-09, -2.909249746355822, -.1438252704791640, 
 400.0000000000000, -.2850477024207220E-02, -.1429501334158408E-09, -2.850477024207220, -.1429501334158408, 
 400.0000000000000, -.2791704302058618E-02, -.1419912970317260E-09, -2.791704302058617, -.1419912970317259, 
 400.0000000000000, -.2732931579910015E-02, -.1409487593052723E-09, -2.732931579910015, -.1409487593052723, 
 400.0000000000000, -.2674158857761413E-02, -.1398225182285081E-09, -2.674158857761412, -.1398225182285081, 
 400.0000000000000, -.2615386135612810E-02, -.1386125718071021E-09, -2.615386135612810, -.1386125718071021, 
 400.0000000000000, -.2556613413464208E-02, -.1373189180603223E-09, -2.556613413464208, -.1373189180603223, 
 400.0000000000000, -.2497840691315605E-02, -.1359415550210341E-09, -2.497840691315605, -.1359415550210341, 
 400.0000000000000, -.2439067969167003E-02, -.1344804807357040E-09, -2.439067969167003, -.1344804807357040, 
 400.0000000000000, -.2380295247018400E-02, -.1329356932644436E-09, -2.380295247018400, -.1329356932644436, 
 400.0000000000000, -.2321522524869798E-02, -.1313071906809585E-09, -2.321522524869798, -.1313071906809584, 
 400.0000000000000, -.2262749802721196E-02, -.1295949710725745E-09, -2.262749802721196, -.1295949710725745, 
 400.0000000000000, -.2203977080572593E-02, -.1277990325402291E-09, -2.203977080572593, -.1277990325402291, 
 400.0000000000000, -.2145204358423991E-02, -.1259193731984479E-09, -2.145204358423991, -.1259193731984478, 
 400.0000000000000, -.2086431636275388E-02, -.1239559911754096E-09, -2.086431636275388, -.1239559911754096, 
 400.0000000000000, -.2027658914126785E-02, -.1219088846129044E-09, -2.027658914126786, -.1219088846129044, 
 400.0000000000000, -.1968886191978183E-02, -.1197780516663254E-09, -1.968886191978183, -.1197780516663254, 
 400.0000000000000, -.1910113469829580E-02, -.1175634905046883E-09, -1.910113469829580, -.1175634905046883, 
 400.0000000000000, -.1851340747680978E-02, -.1152651993106092E-09, -1.851340747680978, -.1152651993106092, 
 400.0000000000000, -.1792568025532375E-02, -.1128831762803692E-09, -1.792568025532375, -.1128831762803692, 
 400.0000000000000, -.1733795303383773E-02, -.1104174196238271E-09, -1.733795303383773, -.1104174196238271, 
 400.0000000000000, -.1675022581235171E-02, -.1078679275644713E-09, -1.675022581235171, -.1078679275644713, 
 400.0000000000000, -.1616249859086569E-02, -.1052346983394104E-09, -1.616249859086569, -.1052346983394104, 
 400.0000000000000, -.1557477136937966E-02, -.1025177301994046E-09, -1.557477136937966, -.1025177301994046, 
 400.0000000000000, -.1498704414789363E-02, -.9971702140878258E-10, -1.498704414789364, -.9971702140878258E-01, 
 400.0000000000000, -.1439931692640761E-02, -.9683257024553477E-10, -1.439931692640761, -.9683257024553478E-01, 
 400.0000000000000, -.1381158970492158E-02, -.9386437500126580E-10, -1.381158970492158, -.9386437500126581E-01, 
 400.0000000000000, -.1322386248343556E-02, -.9081243398121003E-10, -1.322386248343556, -.9081243398121003E-01, 
 400.0000000000000, -.1263613526194953E-02, -.8767674550420672E-10, -1.263613526194953, -.8767674550420672E-01, 
 400.0000000000000, -.1204840804046351E-02, -.8445730790274701E-10, -1.204840804046351, -.8445730790274701E-01, 
 400.0000000000000, -.1146068081897748E-02, -.8115411952292993E-10, -1.146068081897748, -.8115411952292993E-01, 
 400.0000000000000, -.1087295359749146E-02, -.7776717872447526E-10, -1.087295359749146, -.7776717872447526E-01, 
 400.0000000000000, -.1028522637600543E-02, -.7429648388075655E-10, -1.028522637600543, -.7429648388075656E-01, 
 400.0000000000000, -.9697499154519406E-03, -.7074203337874348E-10, -.9697499154519406, -.7074203337874349E-01, 
 400.0000000000000, -.9109771933033389E-03, -.6710382561906184E-10, -.9109771933033389, -.6710382561906184E-01, 
 400.0000000000000, -.8522044711547364E-03, -.6338185901594516E-10, -.8522044711547364, -.6338185901594516E-01, 
 400.0000000000000, -.7934317490061338E-03, -.5957613199726571E-10, -.7934317490061339, -.5957613199726571E-01, 
 400.0000000000000, -.7346590268575313E-03, -.5568664300453307E-10, -.7346590268575313, -.5568664300453307E-01, 
 400.0000000000000, -.6758863047089288E-03, -.5171339049286491E-10, -.6758863047089287, -.5171339049286491E-01, 
 400.0000000000000, -.6171135825603262E-03, -.4765637293103347E-10, -.6171135825603262, -.4765637293103347E-01, 
 400.0000000000000, -.5583408604117237E-03, -.4351558880142414E-10, -.5583408604117237, -.4351558880142414E-01, 
 400.0000000000000, -.4995681382631212E-03, -.3929103660007650E-10, -.4995681382631211, -.3929103660007650E-01, 
 400.0000000000000, -.4407954161145186E-03, -.3498271483663182E-10, -.4407954161145186, -.3498271483663182E-01, 
 400.0000000000000, -.3820226939659161E-03, -.3059062203438559E-10, -.3820226939659161, -.3059062203438559E-01, 
 400.0000000000000, -.3232499718173135E-03, -.2611475673026121E-10, -.3232499718173135, -.2611475673026122E-01, 
 400.0000000000000, -.2644772496687110E-03, -.2155511747481667E-10, -.2644772496687110, -.2155511747481667E-01, 
 400.0000000000000, -.2057045275201093E-03, -.1691170283224632E-10, -.2057045275201093, -.1691170283224632E-01, 
 400.0000000000000, -.1469318053715068E-03, -.1218451138037119E-10, -.1469318053715068, -.1218451138037118E-01, 
 400.0000000000000, -.8815908322290424E-04, -.7373541710659187E-11, -.8815908322290425E-01, -.7373541710659187E-02, 
 400.0000000000000, -.2938636107430170E-04, -.2478792428189803E-11, -.2938636107430170E-01, -.2478792428189803E-02, 
 400.0000000000000, .2938636107430084E-04, .2499737848286246E-11, .2938636107430084E-01, .2499737848286246E-02, 
 400.0000000000000, .8815908322290338E-04, .7562050486413963E-11, .8815908322290338E-01, .7562050486413963E-02, 
 400.0000000000000, .1469318053715059E-03, .1270814684016947E-10, .1469318053715059, .1270814684016947E-01, 
 400.0000000000000, .2057045275201085E-03, .1793802824993022E-10, .2057045275201085, .1793802824993022E-01, 
 400.0000000000000, .2644772496687110E-03, .2325169604240450E-10, .2644772496687110, .2325169604240450E-01, 
 400.0000000000000, .3232499718173135E-03, .2864915153068588E-10, .3232499718173135, .2864915153068588E-01, 
 400.0000000000000, .3820226939659161E-03, .3413039601421030E-10, .3820226939659161, .3413039601421029E-01, 
 400.0000000000000, .4407954161145186E-03, .3969543077878922E-10, .4407954161145186, .3969543077878922E-01, 
 400.0000000000000, .4995681382631212E-03, .4534425709658429E-10, .4995681382631211, .4534425709658429E-01, 
 400.0000000000000, .5583408604117228E-03, .5107687622612162E-10, .5583408604117228, .5107687622612162E-01, 
 400.0000000000000, .6171135825603254E-03, .5689328941230186E-10, .6171135825603253, .5689328941230187E-01, 
 400.0000000000000, .6758863047089279E-03, .6279349788636297E-10, .6758863047089279, .6279349788636297E-01, 
 400.0000000000000, .7346590268575304E-03, .6877750286592357E-10, .7346590268575305, .6877750286592357E-01, 
 400.0000000000000, .7934317490061330E-03, .7484530555494171E-10, .7934317490061330, .7484530555494170E-01, 
 400.0000000000000, .8522044711547355E-03, .8099690714375379E-10, .8522044711547355, .8099690714375379E-01, 
 400.0000000000000, .9109771933033381E-03, .8723230880904251E-10, .9109771933033380, .8723230880904251E-01, 
 400.0000000000000, .9697499154519406E-03, .9355151171384557E-10, .9697499154519406, .9355151171384557E-01, 
 400.0000000000000, .1028522637600543E-02, .9995451700758542E-10, 1.028522637600543, .9995451700758543E-01, 
 400.0000000000000, .1087295359749146E-02, .1064413258260062E-09, 1.087295359749146, .1064413258260062, 
 400.0000000000000, .1146068081897748E-02, .1130119392912435E-09, 1.146068081897748, .1130119392912435, 
 400.0000000000000, .1204840804046351E-02, .1196663585117579E-09, 1.204840804046351, .1196663585117579, 
 400.0000000000000, .1263613526194953E-02, .1264045845823991E-09, 1.263613526194953, .1264045845823991, 
 400.0000000000000, .1322386248343555E-02, .1332266185843615E-09, 1.322386248343555, .1332266185843615, 
 400.0000000000000, .1381158970492158E-02, .1401324615851831E-09, 1.381158970492157, .1401324615851831, 
 400.0000000000000, .1439931692640760E-02, .1471221146387838E-09, 1.439931692640760, .1471221146387838, 
 400.0000000000000, .1498704414789363E-02, .1541955787854245E-09, 1.498704414789363, .1541955787854245, 
 400.0000000000000, .1557477136937965E-02, .1613528550517264E-09, 1.557477136937965, .1613528550517264, 
 400.0000000000000, .1616249859086568E-02, .1685939444506458E-09, 1.616249859086568, .1685939444506458, 
 400.0000000000000, .1675022581235170E-02, .1759188479815559E-09, 1.675022581235170, .1759188479815559, 
 400.0000000000000, .1733795303383773E-02, .1833275666301024E-09, 1.733795303383773, .1833275666301024, 
 400.0000000000000, .1792568025532375E-02, .1908201013683674E-09, 1.792568025532375, .1908201013683674, 
 400.0000000000000, .1851340747680978E-02, .1983964531547254E-09, 1.851340747680978, .1983964531547255, 
 400.0000000000000, .1910113469829580E-02, .2060566229339548E-09, 1.910113469829580, .2060566229339548, 
 400.0000000000000, .1968886191978182E-02, .2138006116371515E-09, 1.968886191978182, .2138006116371514, 
 400.0000000000000, .2027658914126785E-02, .2216284201817933E-09, 2.027658914126786, .2216284201817933, 
 400.0000000000000, .2086431636275387E-02, .2295400494717034E-09, 2.086431636275387, .2295400494717034, 
 400.0000000000000, .2145204358423991E-02, .2375355003970449E-09, 2.145204358423991, .2375355003970449, 
 400.0000000000000, .2203977080572592E-02, .2456147738343789E-09, 2.203977080572592, .2456147738343789, 
 400.0000000000000, .2262749802721196E-02, .2537778706465598E-09, 2.262749802721196, .2537778706465598, 
 400.0000000000000, .2321522524869797E-02, .2620247916828677E-09, 2.321522524869797, .2620247916828676, 
 400.0000000000000, .2380295247018401E-02, .2703555377788748E-09, 2.380295247018401, .2703555377788748, 
 400.0000000000000, .2439067969167002E-02, .2787701097565476E-09, 2.439067969167002, .2787701097565476, 
 400.0000000000000, .2497840691315604E-02, .2872685084241847E-09, 2.497840691315604, .2872685084241847, 
 400.0000000000000, .2556613413464207E-02, .2958507345764600E-09, 2.556613413464207, .2958507345764600, 
 400.0000000000000, .2615386135612809E-02, .3045167889943949E-09, 2.615386135612809, .3045167889943949, 
 400.0000000000000, .2674158857761413E-02, .3132666724453448E-09, 2.674158857761412, .3132666724453448, 
 400.0000000000000, .2732931579910014E-02, .3221003856830599E-09, 2.732931579910014, .3221003856830599, 
 400.0000000000000, .2791704302058618E-02, .3310179294476128E-09, 2.791704302058617, .3310179294476128, 
 400.0000000000000, .2850477024207219E-02, .3400193044654446E-09, 2.850477024207219, .3400193044654446, 
 400.0000000000000, .2909249746355823E-02, .3491045114493457E-09, 2.909249746355822, .3491045114493457, 
 400.0000000000000, .2968022468504424E-02, .3582735510984780E-09, 2.968022468504425, .3582735510984780, 
 400.0000000000000, .3026795190653028E-02, .3675264240983103E-09, 3.026795190653028, .3675264240983103, 
 400.0000000000000, .3085567912801629E-02, .3768631311207300E-09, 3.085567912801630, .3768631311207299, 
 400.0000000000000, .3144340634950233E-02, .3862836728239368E-09, 3.144340634950233, .3862836728239368, 
 400.0000000000000, .3203113357098834E-02, .3957880498525277E-09, 3.203113357098835, .3957880498525277, 
 400.0000000000000, .3261886079247436E-02, .4053762628373907E-09, 3.261886079247436, .4053762628373907, 
 400.0000000000000, .3320658801396040E-02, .4150483123958052E-09, 3.320658801396040, .4150483123958053, 
 400.0000000000000, .3379431523544641E-02, .4248041991314365E-09, 3.379431523544641, .4248041991314365, 
 400.0000000000000, .3438204245693245E-02, .4346439236342617E-09, 3.438204245693245, .4346439236342617, 
 400.0000000000000, .3496976967841846E-02, .4445674864806048E-09, 3.496976967841846, .4445674864806048, 
 400.0000000000000, .3555749689990450E-02, .4545748882332104E-09, 3.555749689990450, .4545748882332104, 
 400.0000000000000, .3614522412139051E-02, .4646661294410857E-09, 3.614522412139051, .4646661294410857, 
 400.0000000000000, .3673295134287655E-02, .4748412106396715E-09, 3.673295134287655, .4748412106396715, 
 400.0000000000000, .3732067856436256E-02, .4851001323507609E-09, 3.732067856436256, .4851001323507609, 
 400.0000000000000, .3790840578584860E-02, .4954428950824465E-09, 3.790840578584860, .4954428950824465, 
 400.0000000000000, .3849613300733462E-02, .5058694993292176E-09, 3.849613300733461, .5058694993292177, 
 400.0000000000000, .3908386022882065E-02, .5163799455719032E-09, 3.908386022882065, .5163799455719031, 
 400.0000000000000, .3967158745030667E-02, .5269742342777408E-09, 3.967158745030666, .5269742342777408, 
 400.0000000000000, .4025931467179268E-02, .5376523659002576E-09, 4.025931467179269, .5376523659002576, 
 400.0000000000000, .4084704189327872E-02, .5484143408793592E-09, 4.084704189327872, .5484143408793593, 
 400.0000000000000, .4143476911476473E-02, .5592601596412971E-09, 4.143476911476474, .5592601596412972, 
 400.0000000000000, .4202249633625077E-02, .5701898225987755E-09, 4.202249633625077, .5701898225987755, 
 400.0000000000000, .4261022355773678E-02, .5812033301507015E-09, 4.261022355773679, .5812033301507015, 
 400.0000000000000, .4319795077922282E-02, .5923006826824154E-09, 4.319795077922282, .5923006826824153, 
 400.0000000000000, .4378567800070884E-02, .6034818805656842E-09, 4.378567800070884, .6034818805656842, 
 400.0000000000000, .4437340522219487E-02, .6147469241585181E-09, 4.437340522219487, .6147469241585181, 
 400.0000000000000, .4496113244368089E-02, .6260958138053387E-09, 4.496113244368089, .6260958138053387, 
 400.0000000000000, .4554885966516692E-02, .6375285498369432E-09, 4.554885966516692, .6375285498369432, 
 400.0000000000000, .4613658688665294E-02, .6490451325704754E-09, 4.613658688665294, .6490451325704754, 
 400.0000000000000, .4672431410813897E-02, .6606455623094176E-09, 4.672431410813897, .6606455623094176, 
 400.0000000000000, .4731204132962499E-02, .6723298393436240E-09, 4.731204132962499, .6723298393436240, 
 400.0000000000000, .4789976855111100E-02, .6840979639493180E-09, 4.789976855111100, .6840979639493180, 
 400.0000000000000, .4848749577259704E-02, .6959499363890848E-09, 4.848749577259704, .6959499363890848, 
 400.0000000000000, .4907522299408306E-02, .7078857569118746E-09, 4.907522299408305, .7078857569118746, 
 400.0000000000000, .4966295021556909E-02, .7199054257529748E-09, 4.966295021556909, .7199054257529748, 
 400.0000000000000, .5025067743705511E-02, .7320089431340608E-09, 5.025067743705510, .7320089431340607, 
 400.0000000000000, .5083840465854114E-02, .7441963092631680E-09, 5.083840465854114, .7441963092631679, 
 400.0000000000000, .5142613188002716E-02, .7564675243346497E-09, 5.142613188002715, .7564675243346497, 
 400.0000000000000, .5201385910151319E-02, .7688225885292991E-09, 5.201385910151319, .7688225885292991, 
 400.0000000000000, .5260158632299921E-02, .7812615020141975E-09, 5.260158632299921, .7812615020141975, 
 400.0000000000000, .5318931354448524E-02, .7937842649428577E-09, 5.318931354448524, .7937842649428577, 
 400.0000000000000, .5377704076597126E-02, .8063908774551026E-09, 5.377704076597126, .8063908774551026, 
 400.0000000000000, .5436476798745728E-02, .8190813396771475E-09, 5.436476798745727, .8190813396771475, 
 400.0000000000000, .5495249520894331E-02, .8318556517215835E-09, 5.495249520894331, .8318556517215835, 
 400.0000000000000, .5554022243042933E-02, .8447138136873115E-09, 5.554022243042932, .8447138136873116, 
 400.0000000000000, .5612794965191536E-02, .8576558256596661E-09, 5.612794965191536, .8576558256596661, 
 400.0000000000000, .5671567687340138E-02, .8706816877102933E-09, 5.671567687340137, .8706816877102933, 
 400.0000000000000, .5730340409488741E-02, .8837913998972717E-09, 5.730340409488741, .8837913998972716, 
 400.0000000000000, .5789113131637343E-02, .8969849622649755E-09, 5.789113131637343, .8969849622649755, 
 400.0000000000000, .5847885853785946E-02, .9102623748441982E-09, 5.847885853785947, .9102623748441983, 
 450.0000000000000, -.5847885853785946E-02, -.1872018407516203E-09, -5.847885853785947, -.1872018407516203, 
 450.0000000000000, -.5789113131637344E-02, -.1892942022024697E-09, -5.789113131637343, -.1892942022024697, 
 450.0000000000000, -.5730340409488741E-02, -.1913059512877665E-09, -5.730340409488741, -.1913059512877665, 
 450.0000000000000, -.5671567687340139E-02, -.1932370854604021E-09, -5.671567687340138, -.1932370854604021, 
 450.0000000000000, -.5612794965191536E-02, -.1950876021847770E-09, -5.612794965191536, -.1950876021847770, 
 450.0000000000000, -.5554022243042933E-02, -.1968574989370103E-09, -5.554022243042933, -.1968574989370103, 
 450.0000000000000, -.5495249520894332E-02, -.1985467732047567E-09, -5.495249520894331, -.1985467732047567, 
 450.0000000000000, -.5436476798745729E-02, -.2001554224873422E-09, -5.436476798745729, -.2001554224873422, 
 450.0000000000000, -.5377704076597127E-02, -.2016834442957107E-09, -5.377704076597126, -.2016834442957107, 
 450.0000000000000, -.5318931354448524E-02, -.2031308361524026E-09, -5.318931354448524, -.2031308361524026, 
 450.0000000000000, -.5260158632299922E-02, -.2044975955915641E-09, -5.260158632299921, -.2044975955915641, 
 450.0000000000000, -.5201385910151319E-02, -.2057837201590438E-09, -5.201385910151319, -.2057837201590438, 
 450.0000000000000, -.5142613188002717E-02, -.2069892074122257E-09, -5.142613188002716, -.2069892074122257, 
 450.0000000000000, -.5083840465854114E-02, -.2081140549201588E-09, -5.083840465854114, -.2081140549201588, 
 450.0000000000000, -.5025067743705511E-02, -.2091582602635245E-09, -5.025067743705511, -.2091582602635245, 
 450.0000000000000, -.4966295021556909E-02, -.2101218210345928E-09, -4.966295021556909, -.2101218210345928, 
 450.0000000000000, -.4907522299408306E-02, -.2110047348372976E-09, -4.907522299408306, -.2110047348372976, 
 450.0000000000000, -.4848749577259704E-02, -.2118069992871521E-09, -4.848749577259704, -.2118069992871521, 
 450.0000000000000, -.4789976855111101E-02, -.2125286120113867E-09, -4.789976855111101, -.2125286120113867, 
 450.0000000000000, -.4731204132962500E-02, -.2131695706487607E-09, -4.731204132962500, -.2131695706487607, 
 450.0000000000000, -.4672431410813896E-02, -.2137298728496889E-09, -4.672431410813896, -.2137298728496889, 
 450.0000000000000, -.4613658688665295E-02, -.2142095162762764E-09, -4.613658688665295, -.2142095162762764, 
 450.0000000000000, -.4554885966516692E-02, -.2146084986021609E-09, -4.554885966516692, -.2146084986021609, 
 450.0000000000000, -.4496113244368089E-02, -.2149268175126863E-09, -4.496113244368090, -.2149268175126863, 
 450.0000000000000, -.4437340522219487E-02, -.2151644707047711E-09, -4.437340522219487, -.2151644707047711, 
 450.0000000000000, -.4378567800070884E-02, -.2153214558870565E-09, -4.378567800070885, -.2153214558870565, 
 450.0000000000000, -.4319795077922282E-02, -.2153977707796684E-09, -4.319795077922282, -.2153977707796684, 
 450.0000000000000, -.4261022355773679E-02, -.2153934131145109E-09, -4.261022355773679, -.2153934131145109, 
 450.0000000000000, -.4202249633625077E-02, -.2153083806350216E-09, -4.202249633625077, -.2153083806350216, 
 450.0000000000000, -.4143476911476474E-02, -.2151426710963408E-09, -4.143476911476474, -.2151426710963408, 
 450.0000000000000, -.4084704189327872E-02, -.2148962822652086E-09, -4.084704189327872, -.2148962822652086, 
 450.0000000000000, -.4025931467179269E-02, -.2145692119199925E-09, -4.025931467179269, -.2145692119199925, 
 450.0000000000000, -.3967158745030668E-02, -.2141614578506905E-09, -3.967158745030667, -.2141614578506905, 
 450.0000000000000, -.3908386022882064E-02, -.2136730178590005E-09, -3.908386022882064, -.2136730178590005, 
 450.0000000000000, -.3849613300733462E-02, -.2131038897581548E-09, -3.849613300733462, -.2131038897581548, 
 450.0000000000000, -.3790840578584859E-02, -.2124540713731040E-09, -3.790840578584859, -.2124540713731040, 
 450.0000000000000, -.3732067856436257E-02, -.2117235605404194E-09, -3.732067856436257, -.2117235605404194, 
 450.0000000000000, -.3673295134287655E-02, -.2109123551082665E-09, -3.673295134287655, -.2109123551082665, 
 450.0000000000000, -.3614522412139052E-02, -.2100204529365091E-09, -3.614522412139052, -.2100204529365091, 
 450.0000000000000, -.3555749689990450E-02, -.2090478518966244E-09, -3.555749689990450, -.2090478518966244, 
 450.0000000000000, -.3496976967841847E-02, -.2079945498717222E-09, -3.496976967841847, -.2079945498717222, 
 450.0000000000000, -.3438204245693245E-02, -.2068605447565584E-09, -3.438204245693245, -.2068605447565584, 
 450.0000000000000, -.3379431523544643E-02, -.2056458344575201E-09, -3.379431523544643, -.2056458344575200, 
 450.0000000000000, -.3320658801396040E-02, -.2043504168926698E-09, -3.320658801396040, -.2043504168926698, 
 450.0000000000000, -.3261886079247437E-02, -.2029742899916587E-09, -3.261886079247438, -.2029742899916587, 
 450.0000000000000, -.3203113357098835E-02, -.2015174516958192E-09, -3.203113357098835, -.2015174516958192, 
 450.0000000000000, -.3144340634950232E-02, -.1999798999581230E-09, -3.144340634950233, -.1999798999581230, 
 450.0000000000000, -.3085567912801630E-02, -.1983616327431647E-09, -3.085567912801630, -.1983616327431647, 
 450.0000000000000, -.3026795190653028E-02, -.1966626480272023E-09, -3.026795190653028, -.1966626480272023, 
 450.0000000000000, -.2968022468504425E-02, -.1948829437981247E-09, -2.968022468504425, -.1948829437981247, 
 450.0000000000000, -.2909249746355823E-02, -.1930225180554729E-09, -2.909249746355822, -.1930225180554729, 
 450.0000000000000, -.2850477024207220E-02, -.1910813688104183E-09, -2.850477024207220, -.1910813688104183, 
 450.0000000000000, -.2791704302058618E-02, -.1890594940858082E-09, -2.791704302058617, -.1890594940858082, 
 450.0000000000000, -.2732931579910015E-02, -.1869568919160977E-09, -2.732931579910015, -.1869568919160977, 
 450.0000000000000, -.2674158857761413E-02, -.1847735603474211E-09, -2.674158857761412, -.1847735603474212, 
 450.0000000000000, -.2615386135612810E-02, -.1825094974375242E-09, -2.615386135612810, -.1825094974375242, 
 450.0000000000000, -.2556613413464208E-02, -.1801647012558408E-09, -2.556613413464208, -.1801647012558408, 
 450.0000000000000, -.2497840691315605E-02, -.1777391698834016E-09, -2.497840691315605, -.1777391698834016, 
 450.0000000000000, -.2439067969167003E-02, -.1752329014129466E-09, -2.439067969167003, -.1752329014129466, 
 450.0000000000000, -.2380295247018400E-02, -.1726458939488002E-09, -2.380295247018400, -.1726458939488003, 
 450.0000000000000, -.2321522524869798E-02, -.1699781456069830E-09, -2.321522524869798, -.1699781456069830, 
 450.0000000000000, -.2262749802721196E-02, -.1672296545151423E-09, -2.262749802721196, -.1672296545151423, 
 450.0000000000000, -.2203977080572593E-02, -.1644004188125774E-09, -2.203977080572593, -.1644004188125774, 
 450.0000000000000, -.2145204358423991E-02, -.1614904366502274E-09, -2.145204358423991, -.1614904366502274, 
 450.0000000000000, -.2086431636275388E-02, -.1584997061906955E-09, -2.086431636275388, -.1584997061906955, 
 450.0000000000000, -.2027658914126785E-02, -.1554282256082325E-09, -2.027658914126786, -.1554282256082325, 
 450.0000000000000, -.1968886191978183E-02, -.1522759930887551E-09, -1.968886191978183, -.1522759930887551, 
 450.0000000000000, -.1910113469829580E-02, -.1490430068297714E-09, -1.910113469829580, -.1490430068297715, 
 450.0000000000000, -.1851340747680978E-02, -.1457292650405094E-09, -1.851340747680978, -.1457292650405094, 
 450.0000000000000, -.1792568025532375E-02, -.1423347659418258E-09, -1.792568025532375, -.1423347659418258, 
 450.0000000000000, -.1733795303383773E-02, -.1388595077662106E-09, -1.733795303383773, -.1388595077662106, 
 450.0000000000000, -.1675022581235171E-02, -.1353034887578215E-09, -1.675022581235171, -.1353034887578214, 
 450.0000000000000, -.1616249859086569E-02, -.1316667071724588E-09, -1.616249859086569, -.1316667071724588, 
 450.0000000000000, -.1557477136937966E-02, -.1279491612775837E-09, -1.557477136937966, -.1279491612775837, 
 450.0000000000000, -.1498704414789363E-02, -.1241508493523232E-09, -1.498704414789364, -.1241508493523232, 
 450.0000000000000, -.1439931692640761E-02, -.1202717696874249E-09, -1.439931692640761, -.1202717696874249, 
 450.0000000000000, -.1381158970492158E-02, -.1163119205853228E-09, -1.381158970492158, -.1163119205853228, 
 450.0000000000000, -.1322386248343556E-02, -.1122713003600597E-09, -1.322386248343556, -.1122713003600597, 
 450.0000000000000, -.1263613526194953E-02, -.1081499073373909E-09, -1.263613526194953, -.1081499073373909, 
 450.0000000000000, -.1204840804046351E-02, -.1039477398546750E-09, -1.204840804046351, -.1039477398546750, 
 450.0000000000000, -.1146068081897748E-02, -.9966479626095624E-10, -1.146068081897748, -.9966479626095624E-01, 
 450.0000000000000, -.1087295359749146E-02, -.9530107491692708E-10, -1.087295359749146, -.9530107491692708E-01, 
 450.0000000000000, -.1028522637600543E-02, -.9085657419490670E-10, -1.028522637600543, -.9085657419490670E-01, 
 450.0000000000000, -.9697499154519406E-03, -.8633129247891569E-10, -.9697499154519406, -.8633129247891569E-01, 
 450.0000000000000, -.9109771933033389E-03, -.8172522816459525E-10, -.9109771933033389, -.8172522816459525E-01, 
 450.0000000000000, -.8522044711547364E-03, -.7703837965924694E-10, -.8522044711547364, -.7703837965924694E-01, 
 450.0000000000000, -.7934317490061338E-03, -.7227074538184898E-10, -.7934317490061339, -.7227074538184898E-01, 
 450.0000000000000, -.7346590268575313E-03, -.6742232376300957E-10, -.7346590268575313, -.6742232376300956E-01, 
 450.0000000000000, -.6758863047089288E-03, -.6249311324500547E-10, -.6758863047089287, -.6249311324500547E-01, 
 450.0000000000000, -.6171135825603262E-03, -.5748311228176232E-10, -.6171135825603262, -.5748311228176232E-01, 
 450.0000000000000, -.5583408604117237E-03, -.5239231933886856E-10, -.5583408604117237, -.5239231933886856E-01, 
 450.0000000000000, -.4995681382631212E-03, -.4722073289357299E-10, -.4995681382631211, -.4722073289357299E-01, 
 450.0000000000000, -.4407954161145186E-03, -.4196835143475998E-10, -.4407954161145186, -.4196835143475998E-01, 
 450.0000000000000, -.3820226939659161E-03, -.3663517346300535E-10, -.3820226939659161, -.3663517346300535E-01, 
 450.0000000000000, -.3232499718173135E-03, -.3122119749050704E-10, -.3232499718173135, -.3122119749050704E-01, 
 450.0000000000000, -.2644772496687110E-03, -.2572642204114040E-10, -.2644772496687110, -.2572642204114040E-01, 
 450.0000000000000, -.2057045275201093E-03, -.2015084565042515E-10, -.2057045275201093, -.2015084565042515E-01, 
 450.0000000000000, -.1469318053715068E-03, -.1449446686555015E-10, -.1469318053715068, -.1449446686555015E-01, 
 450.0000000000000, -.8815908322290424E-04, -.8757284245354358E-11, -.8815908322290425E-01, -.8757284245354359E-02, 
 450.0000000000000, -.2938636107430170E-04, -.2939296360345492E-11, -.2938636107430170E-01, -.2939296360345492E-02, 
 450.0000000000000, .2938636107430084E-04, .2959498207331591E-11, .2938636107430084E-01, .2959498207331591E-02, 
 450.0000000000000, .8815908322290338E-04, .8939100863857863E-11, .8815908322290338E-01, .8939100863857864E-02, 
 450.0000000000000, .1469318053715059E-03, .1499951300377111E-10, .1469318053715059, .1499951300377111E-01, 
 450.0000000000000, .2057045275201085E-03, .2114073600993903E-10, .2057045275201085, .2114073600993903E-01, 
 450.0000000000000, .2644772496687110E-03, .2736277125356982E-10, .2644772496687110, .2736277125356982E-01, 
 450.0000000000000, .3232499718173135E-03, .3366562009421715E-10, .3232499718173135, .3366562009421715E-01, 
 450.0000000000000, .3820226939659161E-03, .4004928387978602E-10, .3820226939659161, .4004928387978601E-01, 
 450.0000000000000, .4407954161145186E-03, .4651376394650575E-10, .4407954161145186, .4651376394650575E-01, 
 450.0000000000000, .4995681382631212E-03, .5305906161897727E-10, .4995681382631211, .5305906161897727E-01, 
 450.0000000000000, .5583408604117228E-03, .5968517821009837E-10, .5583408604117228, .5968517821009837E-01, 
 450.0000000000000, .6171135825603254E-03, .6639211502115339E-10, .6171135825603253, .6639211502115339E-01, 
 450.0000000000000, .6758863047089279E-03, .7317987334174005E-10, .6758863047089279, .7317987334174005E-01, 
 450.0000000000000, .7346590268575304E-03, .8004845444980573E-10, .7346590268575305, .8004845444980573E-01, 
 450.0000000000000, .7934317490061330E-03, .8699785961164659E-10, .7934317490061330, .8699785961164659E-01, 
 450.0000000000000, .8522044711547355E-03, .9402809008188829E-10, .8522044711547355, .9402809008188828E-01, 
 450.0000000000000, .9109771933033381E-03, .1011391471035110E-09, .9109771933033380, .1011391471035110, 
 450.0000000000000, .9697499154519406E-03, .1083310319078271E-09, .9697499154519406, .1083310319078271, 
 450.0000000000000, .1028522637600543E-02, .1156037457144937E-09, 1.028522637600543, .1156037457144937, 
 450.0000000000000, .1087295359749146E-02, .1229572897315123E-09, 1.087295359749146, .1229572897315123, 
 450.0000000000000, .1146068081897748E-02, .1303916651552114E-09, 1.146068081897748, .1303916651552114, 
 450.0000000000000, .1204840804046351E-02, .1379068731702949E-09, 1.204840804046351, .1379068731702950, 
 450.0000000000000, .1263613526194953E-02, .1455029149497714E-09, 1.263613526194953, .1455029149497714, 
 450.0000000000000, .1322386248343555E-02, .1531797916550113E-09, 1.322386248343555, .1531797916550113, 
 450.0000000000000, .1381158970492158E-02, .1609375044357283E-09, 1.381158970492157, .1609375044357283, 
 450.0000000000000, .1439931692640760E-02, .1687760544299567E-09, 1.439931692640760, .1687760544299567, 
 450.0000000000000, .1498704414789363E-02, .1766954427641018E-09, 1.498704414789363, .1766954427641018, 
 450.0000000000000, .1557477136937965E-02, .1846956705529071E-09, 1.557477136937965, .1846956705529071, 
 450.0000000000000, .1616249859086568E-02, .1927767388994294E-09, 1.616249859086568, .1927767388994294, 
 450.0000000000000, .1675022581235170E-02, .2009386488951057E-09, 1.675022581235170, .2009386488951057, 
 450.0000000000000, .1733795303383773E-02, .2091814016196788E-09, 1.733795303383773, .2091814016196788, 
 450.0000000000000, .1792568025532375E-02, .2175049981412634E-09, 1.792568025532375, .2175049981412634, 
 450.0000000000000, .1851340747680978E-02, .2259094395163145E-09, 1.851340747680978, .2259094395163145, 
 450.0000000000000, .1910113469829580E-02, .2343947267895995E-09, 1.910113469829580, .2343947267895995, 
 450.0000000000000, .1968886191978182E-02, .2429608609942702E-09, 1.968886191978182, .2429608609942702, 
 450.0000000000000, .2027658914126785E-02, .2516078431517778E-09, 2.027658914126786, .2516078431517778, 
 450.0000000000000, .2086431636275387E-02, .2603356742719775E-09, 2.086431636275387, .2603356742719775, 
 450.0000000000000, .2145204358423991E-02, .2691443553529927E-09, 2.145204358423991, .2691443553529927, 
 450.0000000000000, .2203977080572592E-02, .2780338873813553E-09, 2.203977080572592, .2780338873813553, 
 450.0000000000000, .2262749802721196E-02, .2870042713318924E-09, 2.262749802721196, .2870042713318924, 
 450.0000000000000, .2321522524869797E-02, .2960555081678107E-09, 2.321522524869797, .2960555081678107, 
 450.0000000000000, .2380295247018401E-02, .3051875988406340E-09, 2.380295247018401, .3051875988406340, 
 450.0000000000000, .2439067969167002E-02, .3144005442902497E-09, 2.439067969167002, .3144005442902497, 
 450.0000000000000, .2497840691315604E-02, .3236943454448829E-09, 2.497840691315604, .3236943454448829, 
 450.0000000000000, .2556613413464207E-02, .3330690032210979E-09, 2.556613413464207, .3330690032210979, 
 450.0000000000000, .2615386135612809E-02, .3425245185238028E-09, 2.615386135612809, .3425245185238028, 
 450.0000000000000, .2674158857761413E-02, .3520608922462651E-09, 2.674158857761412, .3520608922462651, 
 450.0000000000000, .2732931579910014E-02, .3616781252700665E-09, 2.732931579910014, .3616781252700665, 
 450.0000000000000, .2791704302058618E-02, .3713762184651720E-09, 2.791704302058617, .3713762184651720, 
 450.0000000000000, .2850477024207219E-02, .3811551726898729E-09, 2.850477024207219, .3811551726898729, 
 450.0000000000000, .2909249746355823E-02, .3910149887908019E-09, 2.909249746355822, .3910149887908019, 
 450.0000000000000, .2968022468504424E-02, .4009556676029524E-09, 2.968022468504425, .4009556676029524, 
 450.0000000000000, .3026795190653028E-02, .4109772099496401E-09, 3.026795190653028, .4109772099496401, 
 450.0000000000000, .3085567912801629E-02, .4210796166425537E-09, 3.085567912801630, .4210796166425537, 
 450.0000000000000, .3144340634950233E-02, .4312628884817006E-09, 3.144340634950233, .4312628884817006, 
 450.0000000000000, .3203113357098834E-02, .4415270262554547E-09, 3.203113357098835, .4415270262554547, 
 450.0000000000000, .3261886079247436E-02, .4518720307405449E-09, 3.261886079247436, .4518720307405449, 
 450.0000000000000, .3320658801396040E-02, .4622979027020414E-09, 3.320658801396040, .4622979027020414, 
 450.0000000000000, .3379431523544641E-02, .4728046428933088E-09, 3.379431523544641, .4728046428933088, 
 450.0000000000000, .3438204245693245E-02, .4833922520561525E-09, 3.438204245693245, .4833922520561525, 
 450.0000000000000, .3496976967841846E-02, .4940607309206767E-09, 3.496976967841846, .4940607309206767, 
 450.0000000000000, .3555749689990450E-02, .5048100802053110E-09, 3.555749689990450, .5048100802053109, 
 450.0000000000000, .3614522412139051E-02, .5156403006168990E-09, 3.614522412139051, .5156403006168990, 
 450.0000000000000, .3673295134287655E-02, .5265513928505442E-09, 3.673295134287655, .5265513928505442, 
 450.0000000000000, .3732067856436256E-02, .5375433575897706E-09, 3.732067856436256, .5375433575897706, 
 450.0000000000000, .3790840578584860E-02, .5486161955064569E-09, 3.790840578584860, .5486161955064569, 
 450.0000000000000, .3849613300733462E-02, .5597699072607811E-09, 3.849613300733461, .5597699072607811, 
 450.0000000000000, .3908386022882065E-02, .5710044935012952E-09, 3.908386022882065, .5710044935012952, 
 450.0000000000000, .3967158745030667E-02, .5823199548649007E-09, 3.967158745030666, .5823199548649007, 
 450.0000000000000, .4025931467179268E-02, .5937162919768768E-09, 4.025931467179269, .5937162919768768, 
 450.0000000000000, .4084704189327872E-02, .6051935054508024E-09, 4.084704189327872, .6051935054508024, 
 450.0000000000000, .4143476911476473E-02, .6167515958886444E-09, 4.143476911476474, .6167515958886444, 
 450.0000000000000, .4202249633625077E-02, .6283905638807201E-09, 4.202249633625077, .6283905638807201, 
 450.0000000000000, .4261022355773678E-02, .6401104100056769E-09, 4.261022355773679, .6401104100056769, 
 450.0000000000000, .4319795077922282E-02, .6519111348305452E-09, 4.319795077922282, .6519111348305452, 
 450.0000000000000, .4378567800070884E-02, .6637927389107059E-09, 4.378567800070884, .6637927389107059, 
 450.0000000000000, .4437340522219487E-02, .6757552227898392E-09, 4.437340522219487, .6757552227898392, 
 450.0000000000000, .4496113244368089E-02, .6877985870000454E-09, 4.496113244368089, .6877985870000455, 
 450.0000000000000, .4554885966516692E-02, .6999228320617662E-09, 4.554885966516692, .6999228320617662, 
 450.0000000000000, .4613658688665294E-02, .7121279584837741E-09, 4.613658688665294, .7121279584837741, 
 450.0000000000000, .4672431410813897E-02, .7244139667632328E-09, 4.672431410813897, .7244139667632329, 
 450.0000000000000, .4731204132962499E-02, .7367808573856019E-09, 4.731204132962499, .7367808573856020, 
 450.0000000000000, .4789976855111100E-02, .7492286308247846E-09, 4.789976855111100, .7492286308247846, 
 450.0000000000000, .4848749577259704E-02, .7617572875429183E-09, 4.848749577259704, .7617572875429183, 
 450.0000000000000, .4907522299408306E-02, .7743668279906419E-09, 4.907522299408305, .7743668279906419, 
 450.0000000000000, .4966295021556909E-02, .7870572526068457E-09, 4.966295021556909, .7870572526068457, 
 450.0000000000000, .5025067743705511E-02, .7998285618188190E-09, 5.025067743705510, .7998285618188190, 
 450.0000000000000, .5083840465854114E-02, .8126807560421882E-09, 5.083840465854114, .8126807560421883, 
 450.0000000000000, .5142613188002716E-02, .8256138356809810E-09, 5.142613188002715, .8256138356809810, 
 450.0000000000000, .5201385910151319E-02, .8386278011275585E-09, 5.201385910151319, .8386278011275585, 
 450.0000000000000, .5260158632299921E-02, .8517226527626073E-09, 5.260158632299921, .8517226527626073, 
 450.0000000000000, .5318931354448524E-02, .8648983909552362E-09, 5.318931354448524, .8648983909552361, 
 450.0000000000000, .5377704076597126E-02, .8781550160628664E-09, 5.377704076597126, .8781550160628664, 
 450.0000000000000, .5436476798745728E-02, .8914925284313163E-09, 5.436476798745727, .8914925284313163, 
 450.0000000000000, .5495249520894331E-02, .9049109283947320E-09, 5.495249520894331, .9049109283947320, 
 450.0000000000000, .5554022243042933E-02, .9184102162756843E-09, 5.554022243042932, .9184102162756843, 
 450.0000000000000, .5612794965191536E-02, .9319903923849944E-09, 5.612794965191536, .9319903923849945, 
 450.0000000000000, .5671567687340138E-02, .9456514570219604E-09, 5.671567687340137, .9456514570219604, 
 450.0000000000000, .5730340409488741E-02, .9593934104741937E-09, 5.730340409488741, .9593934104741937, 
 450.0000000000000, .5789113131637343E-02, .9732162530177097E-09, 5.789113131637343, .9732162530177096, 
 450.0000000000000, .5847885853785946E-02, .9871199849167832E-09, 5.847885853785947, .9871199849167832, 
 500.0000000000000, -.5847885853785946E-02, -.3123527377758713E-09, -5.847885853785947, -.3123527377758713, 
 500.0000000000000, -.5789113131637344E-02, -.3130490279845724E-09, -5.789113131637343, -.3130490279845724, 
 500.0000000000000, -.5730340409488741E-02, -.3136675125596449E-09, -5.730340409488741, -.3136675125596449, 
 500.0000000000000, -.5671567687340139E-02, -.3142081890188066E-09, -5.671567687340138, -.3142081890188066, 
 500.0000000000000, -.5612794965191536E-02, -.3146710548897714E-09, -5.612794965191536, -.3146710548897714, 
 500.0000000000000, -.5554022243042933E-02, -.3150561077101726E-09, -5.554022243042933, -.3150561077101726, 
 500.0000000000000, -.5495249520894332E-02, -.3153633450278154E-09, -5.495249520894331, -.3153633450278154, 
 500.0000000000000, -.5436476798745729E-02, -.3155927644004489E-09, -5.436476798745729, -.3155927644004489, 
 500.0000000000000, -.5377704076597127E-02, -.3157443633957923E-09, -5.377704076597126, -.3157443633957923, 
 500.0000000000000, -.5318931354448524E-02, -.3158181395916756E-09, -5.318931354448524, -.3158181395916755, 
 500.0000000000000, -.5260158632299922E-02, -.3158140905758658E-09, -5.260158632299921, -.3158140905758657, 
 500.0000000000000, -.5201385910151319E-02, -.3157322139462059E-09, -5.201385910151319, -.3157322139462059, 
 500.0000000000000, -.5142613188002717E-02, -.3155725073105238E-09, -5.142613188002716, -.3155725073105238, 
 500.0000000000000, -.5083840465854114E-02, -.3153349682867008E-09, -5.083840465854114, -.3153349682867008, 
 500.0000000000000, -.5025067743705511E-02, -.3150195945025943E-09, -5.025067743705511, -.3150195945025943, 
 500.0000000000000, -.4966295021556909E-02, -.3146263835961192E-09, -4.966295021556909, -.3146263835961192, 
 500.0000000000000, -.4907522299408306E-02, -.3141553332151599E-09, -4.907522299408306, -.3141553332151599, 
 500.0000000000000, -.4848749577259704E-02, -.3136064410176952E-09, -4.848749577259704, -.3136064410176952, 
 500.0000000000000, -.4789976855111101E-02, -.3129797046716788E-09, -4.789976855111101, -.3129797046716788, 
 500.0000000000000, -.4731204132962500E-02, -.3122751218551143E-09, -4.731204132962500, -.3122751218551144, 
 500.0000000000000, -.4672431410813896E-02, -.3114926902559531E-09, -4.672431410813896, -.3114926902559531, 
 500.0000000000000, -.4613658688665295E-02, -.3106324075722735E-09, -4.613658688665295, -.3106324075722735, 
 500.0000000000000, -.4554885966516692E-02, -.3096942715120805E-09, -4.554885966516692, -.3096942715120805, 
 500.0000000000000, -.4496113244368089E-02, -.3086782797935070E-09, -4.496113244368090, -.3086782797935070, 
 500.0000000000000, -.4437340522219487E-02, -.3075844301445869E-09, -4.437340522219487, -.3075844301445869, 
 500.0000000000000, -.4378567800070884E-02, -.3064127203034863E-09, -4.378567800070885, -.3064127203034863, 
 500.0000000000000, -.4319795077922282E-02, -.3051631480183464E-09, -4.319795077922282, -.3051631480183464, 
 500.0000000000000, -.4261022355773679E-02, -.3038357110473004E-09, -4.261022355773679, -.3038357110473004, 
 500.0000000000000, -.4202249633625077E-02, -.3024304071585647E-09, -4.202249633625077, -.3024304071585647, 
 500.0000000000000, -.4143476911476474E-02, -.3009472341303563E-09, -4.143476911476474, -.3009472341303563, 
 500.0000000000000, -.4084704189327872E-02, -.2993861897508915E-09, -4.084704189327872, -.2993861897508915, 
 500.0000000000000, -.4025931467179269E-02, -.2977472718184777E-09, -4.025931467179269, -.2977472718184777, 
 500.0000000000000, -.3967158745030668E-02, -.2960304781413682E-09, -3.967158745030667, -.2960304781413682, 
 500.0000000000000, -.3908386022882064E-02, -.2942358065379267E-09, -3.908386022882064, -.2942358065379267, 
 500.0000000000000, -.3849613300733462E-02, -.2923632548364463E-09, -3.849613300733462, -.2923632548364463, 
 500.0000000000000, -.3790840578584859E-02, -.2904128208753465E-09, -3.790840578584859, -.2904128208753465, 
 500.0000000000000, -.3732067856436257E-02, -.2883845025029990E-09, -3.732067856436257, -.2883845025029990, 
 500.0000000000000, -.3673295134287655E-02, -.2862782975778049E-09, -3.673295134287655, -.2862782975778049, 
 500.0000000000000, -.3614522412139052E-02, -.2840942039682519E-09, -3.614522412139052, -.2840942039682519, 
 500.0000000000000, -.3555749689990450E-02, -.2818322195528299E-09, -3.555749689990450, -.2818322195528299, 
 500.0000000000000, -.3496976967841847E-02, -.2794923422199942E-09, -3.496976967841847, -.2794923422199942, 
 500.0000000000000, -.3438204245693245E-02, -.2770745698683304E-09, -3.438204245693245, -.2770745698683303, 
 500.0000000000000, -.3379431523544643E-02, -.2745789004063739E-09, -3.379431523544643, -.2745789004063739, 
 500.0000000000000, -.3320658801396040E-02, -.2720053317527293E-09, -3.320658801396040, -.2720053317527293, 
 500.0000000000000, -.3261886079247437E-02, -.2693538618359886E-09, -3.261886079247438, -.2693538618359886, 
 500.0000000000000, -.3203113357098835E-02, -.2666244885948070E-09, -3.203113357098835, -.2666244885948070, 
 500.0000000000000, -.3144340634950232E-02, -.2638172099778822E-09, -3.144340634950233, -.2638172099778822, 
 500.0000000000000, -.3085567912801630E-02, -.2609320239439148E-09, -3.085567912801630, -.2609320239439147, 
 500.0000000000000, -.3026795190653028E-02, -.2579689284616189E-09, -3.026795190653028, -.2579689284616190, 
 500.0000000000000, -.2968022468504425E-02, -.2549279215097733E-09, -2.968022468504425, -.2549279215097733, 
 500.0000000000000, -.2909249746355823E-02, -.2518090010771828E-09, -2.909249746355822, -.2518090010771828, 
 500.0000000000000, -.2850477024207220E-02, -.2486121651626554E-09, -2.850477024207220, -.2486121651626554, 
 500.0000000000000, -.2791704302058618E-02, -.2453374117750453E-09, -2.791704302058617, -.2453374117750453, 
 500.0000000000000, -.2732931579910015E-02, -.2419847389332396E-09, -2.732931579910015, -.2419847389332396, 
 500.0000000000000, -.2674158857761413E-02, -.2385541446661652E-09, -2.674158857761412, -.2385541446661652, 
 500.0000000000000, -.2615386135612810E-02, -.2350456270127351E-09, -2.615386135612810, -.2350456270127351, 
 500.0000000000000, -.2556613413464208E-02, -.2314591840219544E-09, -2.556613413464208, -.2314591840219544, 
 500.0000000000000, -.2497840691315605E-02, -.2277948137528183E-09, -2.497840691315605, -.2277948137528183, 
 500.0000000000000, -.2439067969167003E-02, -.2240525142743617E-09, -2.439067969167003, -.2240525142743617, 
 500.0000000000000, -.2380295247018400E-02, -.2202322836656668E-09, -2.380295247018400, -.2202322836656668, 
 500.0000000000000, -.2321522524869798E-02, -.2163341200158276E-09, -2.321522524869798, -.2163341200158276, 
 500.0000000000000, -.2262749802721196E-02, -.2123580214239683E-09, -2.262749802721196, -.2123580214239683, 
 500.0000000000000, -.2203977080572593E-02, -.2083039859992531E-09, -2.203977080572593, -.2083039859992531, 
 500.0000000000000, -.2145204358423991E-02, -.2041720118608816E-09, -2.145204358423991, -.2041720118608816, 
 500.0000000000000, -.2086431636275388E-02, -.1999620971380789E-09, -2.086431636275388, -.1999620971380789, 
 500.0000000000000, -.2027658914126785E-02, -.1956742399700992E-09, -2.027658914126786, -.1956742399700992, 
 500.0000000000000, -.1968886191978183E-02, -.1913084385062398E-09, -1.968886191978183, -.1913084385062398, 
 500.0000000000000, -.1910113469829580E-02, -.1868646909058083E-09, -1.910113469829580, -.1868646909058083, 
 500.0000000000000, -.1851340747680978E-02, -.1823429953381907E-09, -1.851340747680978, -.1823429953381907, 
 500.0000000000000, -.1792568025532375E-02, -.1777433499827363E-09, -1.792568025532375, -.1777433499827363, 
 500.0000000000000, -.1733795303383773E-02, -.1730657530288955E-09, -1.733795303383773, -.1730657530288955, 
 500.0000000000000, -.1675022581235171E-02, -.1683102026760984E-09, -1.675022581235171, -.1683102026760984, 
 500.0000000000000, -.1616249859086569E-02, -.1634766971338378E-09, -1.616249859086569, -.1634766971338378, 
 500.0000000000000, -.1557477136937966E-02, -.1585652346216283E-09, -1.557477136937966, -.1585652346216283, 
 500.0000000000000, -.1498704414789363E-02, -.1535758133690221E-09, -1.498704414789364, -.1535758133690221, 
 500.0000000000000, -.1439931692640761E-02, -.1485084316155977E-09, -1.439931692640761, -.1485084316155977, 
 500.0000000000000, -.1381158970492158E-02, -.1433630876109740E-09, -1.381158970492158, -.1433630876109740, 
 500.0000000000000, -.1322386248343556E-02, -.1381397796147943E-09, -1.322386248343556, -.1381397796147943, 
 500.0000000000000, -.1263613526194953E-02, -.1328385058967469E-09, -1.263613526194953, -.1328385058967468, 
 500.0000000000000, -.1204840804046351E-02, -.1274592647365464E-09, -1.204840804046351, -.1274592647365464, 
 500.0000000000000, -.1146068081897748E-02, -.1220020544239227E-09, -1.146068081897748, -.1220020544239227, 
 500.0000000000000, -.1087295359749146E-02, -.1164668732586777E-09, -1.087295359749146, -.1164668732586777, 
 500.0000000000000, -.1028522637600543E-02, -.1108537195506129E-09, -1.028522637600543, -.1108537195506129, 
 500.0000000000000, -.9697499154519406E-03, -.1051625916195731E-09, -.9697499154519406, -.1051625916195731, 
 500.0000000000000, -.9109771933033389E-03, -.9939348779543747E-10, -.9109771933033389, -.9939348779543747E-01, 
 500.0000000000000, -.8522044711547364E-03, -.9354640641812714E-10, -.8522044711547364, -.9354640641812714E-01, 
 500.0000000000000, -.7934317490061338E-03, -.8762134583757451E-10, -.7934317490061339, -.8762134583757451E-01, 
 500.0000000000000, -.7346590268575313E-03, -.8161830441377181E-10, -.7346590268575313, -.8161830441377181E-01, 
 500.0000000000000, -.6758863047089288E-03, -.7553728051671738E-10, -.6758863047089287, -.7553728051671738E-01, 
 500.0000000000000, -.6171135825603262E-03, -.6937827252646040E-10, -.6171135825603262, -.6937827252646041E-01, 
 500.0000000000000, -.5583408604117237E-03, -.6314127883308494E-10, -.5583408604117237, -.6314127883308494E-01, 
 500.0000000000000, -.4995681382631212E-03, -.5682629783668933E-10, -.4995681382631211, -.5682629783668933E-01, 
 500.0000000000000, -.4407954161145186E-03, -.5043332794743165E-10, -.4407954161145186, -.5043332794743165E-01, 
 500.0000000000000, -.3820226939659161E-03, -.4396236758547497E-10, -.3820226939659161, -.4396236758547497E-01, 
 500.0000000000000, -.3232499718173135E-03, -.3741341518104157E-10, -.3232499718173135, -.3741341518104158E-01, 
 500.0000000000000, -.2644772496687110E-03, -.3078646917436195E-10, -.2644772496687110, -.3078646917436195E-01, 
 500.0000000000000, -.2057045275201093E-03, -.2408152801572273E-10, -.2057045275201093, -.2408152801572273E-01, 
 500.0000000000000, -.1469318053715068E-03, -.1729859016542867E-10, -.1469318053715068, -.1729859016542867E-01, 
 500.0000000000000, -.8815908322290424E-04, -.1043765409382287E-10, -.8815908322290425E-01, -.1043765409382287E-01, 
 500.0000000000000, -.2938636107430170E-04, -.3498718281263660E-11, -.2938636107430170E-01, -.3498718281263660E-02, 
 500.0000000000000, .2938636107430084E-04, .3518218781812384E-11, .2938636107430084E-01, .3518218781812384E-02, 
 500.0000000000000, .8815908322290338E-04, .1061315859499899E-10, .8815908322290338E-01, .1061315859499899E-01, 
 500.0000000000000, .1469318053715059E-03, .1778610264779116E-10, .1469318053715059, .1778610264779116E-01, 
 500.0000000000000, .2057045275201085E-03, .2503705241970879E-10, .2057045275201085, .2503705241970879E-01, 
 500.0000000000000, .2644772496687110E-03, .3236600938020584E-10, .2644772496687110, .3236600938020584E-01, 
 500.0000000000000, .3232499718173135E-03, .3977297498871654E-10, .3232499718173135, .3977297498871654E-01, 
 500.0000000000000, .3820226939659161E-03, .4725795069463382E-10, .3820226939659161, .4725795069463382E-01, 
 500.0000000000000, .4407954161145186E-03, .5482093793733002E-10, .4407954161145186, .5482093793733002E-01, 
 500.0000000000000, .4995681382631212E-03, .6246193814613210E-10, .4995681382631211, .6246193814613209E-01, 
 500.0000000000000, .5583408604117228E-03, .7018095274035966E-10, .5583408604117228, .7018095274035967E-01, 
 500.0000000000000, .6171135825603254E-03, .7797798312925976E-10, .6171135825603253, .7797798312925976E-01, 
 500.0000000000000, .6758863047089279E-03, .8585303071208656E-10, .6758863047089279, .8585303071208655E-01, 
 500.0000000000000, .7346590268575304E-03, .9380609687805309E-10, .7346590268575305, .9380609687805309E-01, 
 500.0000000000000, .7934317490061330E-03, .1018371830063066E-09, .7934317490061330, .1018371830063066, 
 500.0000000000000, .8522044711547355E-03, .1099462904660310E-09, .8522044711547355, .1099462904660310, 
 500.0000000000000, .9109771933033381E-03, .1181334206163084E-09, .9109771933033380, .1181334206163084, 
 500.0000000000000, .9697499154519406E-03, .1263985748062480E-09, .9697499154519406, .1263985748062480, 
 500.0000000000000, .1028522637600543E-02, .1347417543748742E-09, 1.028522637600543, .1347417543748742, 
 500.0000000000000, .1087295359749146E-02, .1431629606512291E-09, 1.087295359749146, .1431629606512290, 
 500.0000000000000, .1146068081897748E-02, .1516621949542899E-09, 1.146068081897748, .1516621949542899, 
 500.0000000000000, .1204840804046351E-02, .1602394585930320E-09, 1.204840804046351, .1602394585930320, 
 500.0000000000000, .1263613526194953E-02, .1688947528663629E-09, 1.263613526194953, .1688947528663629, 
 500.0000000000000, .1322386248343555E-02, .1776280790632097E-09, 1.322386248343555, .1776280790632097, 
 500.0000000000000, .1381158970492158E-02, .1864394384624227E-09, 1.381158970492157, .1864394384624227, 
 500.0000000000000, .1439931692640760E-02, .1953288323328421E-09, 1.439931692640760, .1953288323328421, 
 500.0000000000000, .1498704414789363E-02, .2042962619332858E-09, 1.498704414789363, .2042962619332858, 
 500.0000000000000, .1557477136937965E-02, .2133417285125374E-09, 1.557477136937965, .2133417285125374, 
 500.0000000000000, .1616249859086568E-02, .2224652333093427E-09, 1.616249859086568, .2224652333093427, 
 500.0000000000000, .1675022581235170E-02, .2316667775524319E-09, 1.675022581235170, .2316667775524319, 
 500.0000000000000, .1733795303383773E-02, .2409463624604972E-09, 1.733795303383773, .2409463624604972, 
 500.0000000000000, .1792568025532375E-02, .2503039892421922E-09, 1.792568025532375, .2503039892421922, 
 500.0000000000000, .1851340747680978E-02, .2597396590961755E-09, 1.851340747680978, .2597396590961755, 
 500.0000000000000, .1910113469829580E-02, .2692533732110309E-09, 1.910113469829580, .2692533732110309, 
 500.0000000000000, .1968886191978182E-02, .2788451327653694E-09, 1.968886191978182, .2788451327653694, 
 500.0000000000000, .2027658914126785E-02, .2885149389277408E-09, 2.027658914126786, .2885149389277408, 
 500.0000000000000, .2086431636275387E-02, .2982627928566653E-09, 2.086431636275387, .2982627928566653, 
 500.0000000000000, .2145204358423991E-02, .3080886957006373E-09, 2.145204358423991, .3080886957006373, 
 500.0000000000000, .2203977080572592E-02, .3179926485981268E-09, 2.203977080572592, .3179926485981268, 
 500.0000000000000, .2262749802721196E-02, .3279746526776026E-09, 2.262749802721196, .3279746526776026, 
 500.0000000000000, .2321522524869797E-02, .3380347090574631E-09, 2.321522524869797, .3380347090574631, 
 500.0000000000000, .2380295247018401E-02, .3481728188461167E-09, 2.380295247018401, .3481728188461167, 
 500.0000000000000, .2439067969167002E-02, .3583889831419166E-09, 2.439067969167002, .3583889831419166, 
 500.0000000000000, .2497840691315604E-02, .3686832030332279E-09, 2.497840691315604, .3686832030332279, 
 500.0000000000000, .2556613413464207E-02, .3790554795983490E-09, 2.556613413464207, .3790554795983490, 
 500.0000000000000, .2615386135612809E-02, .3895058139055760E-09, 2.615386135612809, .3895058139055760, 
 500.0000000000000, .2674158857761413E-02, .4000342070131813E-09, 2.674158857761412, .4000342070131814, 
 500.0000000000000, .2732931579910014E-02, .4106406599694081E-09, 2.732931579910014, .4106406599694081, 
 500.0000000000000, .2791704302058618E-02, .4213251738124671E-09, 2.791704302058617, .4213251738124671, 
 500.0000000000000, .2850477024207219E-02, .4320877495705744E-09, 2.850477024207219, .4320877495705744, 
 500.0000000000000, .2909249746355823E-02, .4429283882618710E-09, 2.909249746355822, .4429283882618710, 
 500.0000000000000, .2968022468504424E-02, .4538470908945369E-09, 2.968022468504425, .4538470908945370, 
 500.0000000000000, .3026795190653028E-02, .4648438584666885E-09, 3.026795190653028, .4648438584666885, 
 500.0000000000000, .3085567912801629E-02, .4759186919664263E-09, 3.085567912801630, .4759186919664263, 
 500.0000000000000, .3144340634950233E-02, .4870715923718153E-09, 3.144340634950233, .4870715923718153, 
 500.0000000000000, .3203113357098834E-02, .4983025606509463E-09, 3.203113357098835, .4983025606509463, 
 500.0000000000000, .3261886079247436E-02, .5096115977618364E-09, 3.261886079247436, .5096115977618364, 
 500.0000000000000, .3320658801396040E-02, .5209987046525099E-09, 3.320658801396040, .5209987046525099, 
 500.0000000000000, .3379431523544641E-02, .5324638822609506E-09, 3.379431523544641, .5324638822609506, 
 500.0000000000000, .3438204245693245E-02, .5440071315151582E-09, 3.438204245693245, .5440071315151582, 
 500.0000000000000, .3496976967841846E-02, .5556284533330904E-09, 3.496976967841846, .5556284533330904, 
 500.0000000000000, .3555749689990450E-02, .5673278486226267E-09, 3.555749689990450, .5673278486226268, 
 500.0000000000000, .3614522412139051E-02, .5791053182817534E-09, 3.614522412139051, .5791053182817534, 
 500.0000000000000, .3673295134287655E-02, .5909608631983274E-09, 3.673295134287655, .5909608631983274, 
 500.0000000000000, .3732067856436256E-02, .6028944842502344E-09, 3.732067856436256, .6028944842502344, 
 500.0000000000000, .3790840578584860E-02, .6149061823053400E-09, 3.790840578584860, .6149061823053400, 
 500.0000000000000, .3849613300733462E-02, .6269959582214791E-09, 3.849613300733461, .6269959582214790, 
 500.0000000000000, .3908386022882065E-02, .6391638128464899E-09, 3.908386022882065, .6391638128464899, 
 500.0000000000000, .3967158745030667E-02, .6514097470181860E-09, 3.967158745030666, .6514097470181860, 
 500.0000000000000, .4025931467179268E-02, .6637337615643299E-09, 4.025931467179269, .6637337615643299, 
 500.0000000000000, .4084704189327872E-02, .6761358573026984E-09, 4.084704189327872, .6761358573026984, 
 500.0000000000000, .4143476911476473E-02, .6886160350410962E-09, 4.143476911476474, .6886160350410961, 
 500.0000000000000, .4202249633625077E-02, .7011742955772054E-09, 4.202249633625077, .7011742955772053, 
 500.0000000000000, .4261022355773678E-02, .7138106396988086E-09, 4.261022355773679, .7138106396988086, 
 500.0000000000000, .4319795077922282E-02, .7265250681835696E-09, 4.319795077922282, .7265250681835697, 
 500.0000000000000, .4378567800070884E-02, .7393175817992434E-09, 4.378567800070884, .7393175817992435, 
 500.0000000000000, .4437340522219487E-02, .7521881813034814E-09, 4.437340522219487, .7521881813034814, 
 500.0000000000000, .4496113244368089E-02, .7651368674439455E-09, 4.496113244368089, .7651368674439456, 
 500.0000000000000, .4554885966516692E-02, .7781636409583267E-09, 4.554885966516692, .7781636409583267, 
 500.0000000000000, .4613658688665294E-02, .7912685025742585E-09, 4.613658688665294, .7912685025742585, 
 500.0000000000000, .4672431410813897E-02, .8044514530093850E-09, 4.672431410813897, .8044514530093850, 
 500.0000000000000, .4731204132962499E-02, .8177124929713000E-09, 4.731204132962499, .8177124929713000, 
 500.0000000000000, .4789976855111100E-02, .8310516231576706E-09, 4.789976855111100, .8310516231576706, 
 500.0000000000000, .4848749577259704E-02, .8444688442560612E-09, 4.848749577259704, .8444688442560612, 
 500.0000000000000, .4907522299408306E-02, .8579641569440798E-09, 4.907522299408305, .8579641569440798, 
 500.0000000000000, .4966295021556909E-02, .8715375618892811E-09, 4.966295021556909, .8715375618892811, 
 500.0000000000000, .5025067743705511E-02, .8851890597492866E-09, 5.025067743705510, .8851890597492866, 
 500.0000000000000, .5083840465854114E-02, .8989186511716393E-09, 5.083840465854114, .8989186511716393, 
 500.0000000000000, .5142613188002716E-02, .9127263367939011E-09, 5.142613188002715, .9127263367939011, 
 500.0000000000000, .5201385910151319E-02, .9266121172435916E-09, 5.201385910151319, .9266121172435916, 
 500.0000000000000, .5260158632299921E-02, .9405759931383152E-09, 5.260158632299921, .9405759931383152, 
 500.0000000000000, .5318931354448524E-02, .9546179650855341E-09, 5.318931354448524, .9546179650855341, 
 500.0000000000000, .5377704076597126E-02, .9687380336828738E-09, 5.377704076597126, .9687380336828738, 
 500.0000000000000, .5436476798745728E-02, .9829361995177882E-09, 5.436476798745727, .9829361995177882, 
 500.0000000000000, .5495249520894331E-02, .9972124631678111E-09, 5.495249520894331, .9972124631678111, 
 500.0000000000000, .5554022243042933E-02, .1011566825200509E-08, 5.554022243042932, 1.011566825200509, 
 500.0000000000000, .5612794965191536E-02, .1025999286173298E-08, 5.612794965191536, 1.025999286173298, 
 500.0000000000000, .5671567687340138E-02, .1040509846633745E-08, 5.671567687340137, 1.040509846633745, 
 500.0000000000000, .5730340409488741E-02, .1055098507119386E-08, 5.730340409488741, 1.055098507119386, 
 500.0000000000000, .5789113131637343E-02, .1069765268157656E-08, 5.789113131637343, 1.069765268157656, 
 500.0000000000000, .5847885853785946E-02, .1084510130266107E-08, 5.847885853785947, 1.084510130266108, 
