 T(K), V (V), JR_Peltier_Coefficient=JR_Peltier/I (V), V (mV), JR_Peltier_Coefficient (microV), 
 100.0000000000000, -.5847885853785946E-02, .000000000000000, -5.847885853785947, .000000000000000, 
 100.0000000000000, -.5789113131637344E-02, .000000000000000, -5.789113131637343, .000000000000000, 
 100.0000000000000, -.5730340409488741E-02, .000000000000000, -5.730340409488741, .000000000000000, 
 100.0000000000000, -.5671567687340139E-02, .000000000000000, -5.671567687340138, .000000000000000, 
 100.0000000000000, -.5612794965191536E-02, .000000000000000, -5.612794965191536, .000000000000000, 
 100.0000000000000, -.5554022243042933E-02, .000000000000000, -5.554022243042933, .000000000000000, 
 100.0000000000000, -.5495249520894332E-02, .000000000000000, -5.495249520894331, .000000000000000, 
 100.0000000000000, -.5436476798745729E-02, .000000000000000, -5.436476798745729, .000000000000000, 
 100.0000000000000, -.5377704076597127E-02, .000000000000000, -5.377704076597126, .000000000000000, 
 100.0000000000000, -.5318931354448524E-02, .000000000000000, -5.318931354448524, .000000000000000, 
 100.0000000000000, -.5260158632299922E-02, .000000000000000, -5.260158632299921, .000000000000000, 
 100.0000000000000, -.5201385910151319E-02, .000000000000000, -5.201385910151319, .000000000000000, 
 100.0000000000000, -.5142613188002717E-02, .000000000000000, -5.142613188002716, .000000000000000, 
 100.0000000000000, -.5083840465854114E-02, .000000000000000, -5.083840465854114, .000000000000000, 
 100.0000000000000, -.5025067743705511E-02, .000000000000000, -5.025067743705511, .000000000000000, 
 100.0000000000000, -.4966295021556909E-02, .000000000000000, -4.966295021556909, .000000000000000, 
 100.0000000000000, -.4907522299408306E-02, .000000000000000, -4.907522299408306, .000000000000000, 
 100.0000000000000, -.4848749577259704E-02, .000000000000000, -4.848749577259704, .000000000000000, 
 100.0000000000000, -.4789976855111101E-02, .000000000000000, -4.789976855111101, .000000000000000, 
 100.0000000000000, -.4731204132962500E-02, .000000000000000, -4.731204132962500, .000000000000000, 
 100.0000000000000, -.4672431410813896E-02, .000000000000000, -4.672431410813896, .000000000000000, 
 100.0000000000000, -.4613658688665295E-02, .000000000000000, -4.613658688665295, .000000000000000, 
 100.0000000000000, -.4554885966516692E-02, .000000000000000, -4.554885966516692, .000000000000000, 
 100.0000000000000, -.4496113244368089E-02, .000000000000000, -4.496113244368090, .000000000000000, 
 100.0000000000000, -.4437340522219487E-02, .000000000000000, -4.437340522219487, .000000000000000, 
 100.0000000000000, -.4378567800070884E-02, .000000000000000, -4.378567800070885, .000000000000000, 
 100.0000000000000, -.4319795077922282E-02, .000000000000000, -4.319795077922282, .000000000000000, 
 100.0000000000000, -.4261022355773679E-02, .000000000000000, -4.261022355773679, .000000000000000, 
 100.0000000000000, -.4202249633625077E-02, .000000000000000, -4.202249633625077, .000000000000000, 
 100.0000000000000, -.4143476911476474E-02, .000000000000000, -4.143476911476474, .000000000000000, 
 100.0000000000000, -.4084704189327872E-02, .000000000000000, -4.084704189327872, .000000000000000, 
 100.0000000000000, -.4025931467179269E-02, .000000000000000, -4.025931467179269, .000000000000000, 
 100.0000000000000, -.3967158745030668E-02, .000000000000000, -3.967158745030667, .000000000000000, 
 100.0000000000000, -.3908386022882064E-02, .000000000000000, -3.908386022882064, .000000000000000, 
 100.0000000000000, -.3849613300733462E-02, .000000000000000, -3.849613300733462, .000000000000000, 
 100.0000000000000, -.3790840578584859E-02, .000000000000000, -3.790840578584859, .000000000000000, 
 100.0000000000000, -.3732067856436257E-02, .000000000000000, -3.732067856436257, .000000000000000, 
 100.0000000000000, -.3673295134287655E-02, .000000000000000, -3.673295134287655, .000000000000000, 
 100.0000000000000, -.3614522412139052E-02, .000000000000000, -3.614522412139052, .000000000000000, 
 100.0000000000000, -.3555749689990450E-02, .000000000000000, -3.555749689990450, .000000000000000, 
 100.0000000000000, -.3496976967841847E-02, .000000000000000, -3.496976967841847, .000000000000000, 
 100.0000000000000, -.3438204245693245E-02, .000000000000000, -3.438204245693245, .000000000000000, 
 100.0000000000000, -.3379431523544643E-02, .000000000000000, -3.379431523544643, .000000000000000, 
 100.0000000000000, -.3320658801396040E-02, .000000000000000, -3.320658801396040, .000000000000000, 
 100.0000000000000, -.3261886079247437E-02, .000000000000000, -3.261886079247438, .000000000000000, 
 100.0000000000000, -.3203113357098835E-02, .000000000000000, -3.203113357098835, .000000000000000, 
 100.0000000000000, -.3144340634950232E-02, .000000000000000, -3.144340634950233, .000000000000000, 
 100.0000000000000, -.3085567912801630E-02, .000000000000000, -3.085567912801630, .000000000000000, 
 100.0000000000000, -.3026795190653028E-02, .000000000000000, -3.026795190653028, .000000000000000, 
 100.0000000000000, -.2968022468504425E-02, .000000000000000, -2.968022468504425, .000000000000000, 
 100.0000000000000, -.2909249746355823E-02, .000000000000000, -2.909249746355822, .000000000000000, 
 100.0000000000000, -.2850477024207220E-02, .000000000000000, -2.850477024207220, .000000000000000, 
 100.0000000000000, -.2791704302058618E-02, .000000000000000, -2.791704302058617, .000000000000000, 
 100.0000000000000, -.2732931579910015E-02, .000000000000000, -2.732931579910015, .000000000000000, 
 100.0000000000000, -.2674158857761413E-02, .000000000000000, -2.674158857761412, .000000000000000, 
 100.0000000000000, -.2615386135612810E-02, .000000000000000, -2.615386135612810, .000000000000000, 
 100.0000000000000, -.2556613413464208E-02, .000000000000000, -2.556613413464208, .000000000000000, 
 100.0000000000000, -.2497840691315605E-02, .000000000000000, -2.497840691315605, .000000000000000, 
 100.0000000000000, -.2439067969167003E-02, .000000000000000, -2.439067969167003, .000000000000000, 
 100.0000000000000, -.2380295247018400E-02, .000000000000000, -2.380295247018400, .000000000000000, 
 100.0000000000000, -.2321522524869798E-02, .000000000000000, -2.321522524869798, .000000000000000, 
 100.0000000000000, -.2262749802721196E-02, .000000000000000, -2.262749802721196, .000000000000000, 
 100.0000000000000, -.2203977080572593E-02, .000000000000000, -2.203977080572593, .000000000000000, 
 100.0000000000000, -.2145204358423991E-02, .000000000000000, -2.145204358423991, .000000000000000, 
 100.0000000000000, -.2086431636275388E-02, .000000000000000, -2.086431636275388, .000000000000000, 
 100.0000000000000, -.2027658914126785E-02, .000000000000000, -2.027658914126786, .000000000000000, 
 100.0000000000000, -.1968886191978183E-02, .000000000000000, -1.968886191978183, .000000000000000, 
 100.0000000000000, -.1910113469829580E-02, .000000000000000, -1.910113469829580, .000000000000000, 
 100.0000000000000, -.1851340747680978E-02, .000000000000000, -1.851340747680978, .000000000000000, 
 100.0000000000000, -.1792568025532375E-02, .000000000000000, -1.792568025532375, .000000000000000, 
 100.0000000000000, -.1733795303383773E-02, .000000000000000, -1.733795303383773, .000000000000000, 
 100.0000000000000, -.1675022581235171E-02, .000000000000000, -1.675022581235171, .000000000000000, 
 100.0000000000000, -.1616249859086569E-02, .000000000000000, -1.616249859086569, .000000000000000, 
 100.0000000000000, -.1557477136937966E-02, .000000000000000, -1.557477136937966, .000000000000000, 
 100.0000000000000, -.1498704414789363E-02, .000000000000000, -1.498704414789364, .000000000000000, 
 100.0000000000000, -.1439931692640761E-02, .000000000000000, -1.439931692640761, .000000000000000, 
 100.0000000000000, -.1381158970492158E-02, .000000000000000, -1.381158970492158, .000000000000000, 
 100.0000000000000, -.1322386248343556E-02, .000000000000000, -1.322386248343556, .000000000000000, 
 100.0000000000000, -.1263613526194953E-02, .000000000000000, -1.263613526194953, .000000000000000, 
 100.0000000000000, -.1204840804046351E-02, .000000000000000, -1.204840804046351, .000000000000000, 
 100.0000000000000, -.1146068081897748E-02, .000000000000000, -1.146068081897748, .000000000000000, 
 100.0000000000000, -.1087295359749146E-02, .000000000000000, -1.087295359749146, .000000000000000, 
 100.0000000000000, -.1028522637600543E-02, .1073749407374281E-04, -1.028522637600543, 10.73749407374281, 
 100.0000000000000, -.9697499154519406E-03, .4010446626706073E-04, -.9697499154519406, 40.10446626706073, 
 100.0000000000000, -.9109771933033389E-03, .6947257887089505E-04, -.9109771933033389, 69.47257887089505, 
 100.0000000000000, -.8522044711547364E-03, .9884183190570877E-04, -.8522044711547364, 98.84183190570877, 
 100.0000000000000, -.7934317490061338E-03, .1282122253906153E-03, -.7934317490061339, 128.2122253906153, 
 100.0000000000000, -.7346590268575313E-03, .1575837593432810E-03, -.7346590268575313, 157.5837593432810, 
 100.0000000000000, -.6758863047089288E-03, .1869564337801880E-03, -.6758863047089287, 186.9564337801880, 
 100.0000000000000, -.6171135825603262E-03, .2163302487167705E-03, -.6171135825603262, 216.3302487167705, 
 100.0000000000000, -.5583408604117237E-03, .2457052041668246E-03, -.5583408604117237, 245.7052041668246, 
 100.0000000000000, -.4995681382631212E-03, .2750813001432360E-03, -.4995681382631211, 275.0813001432360, 
 100.0000000000000, -.4407954161145186E-03, .3044585366571295E-03, -.4407954161145186, 304.4585366571295, 
 100.0000000000000, -.3820226939659161E-03, .3338369137189767E-03, -.3820226939659161, 333.8369137189767, 
 100.0000000000000, -.3232499718173135E-03, .3632164313372164E-03, -.3232499718173135, 363.2164313372164, 
 100.0000000000000, -.2644772496687110E-03, .3925970895198497E-03, -.2644772496687110, 392.5970895198496, 
 100.0000000000000, -.2057045275201093E-03, .4219788882737790E-03, -.2057045275201093, 421.9788882737790, 
 100.0000000000000, -.1469318053715068E-03, .4513618276026655E-03, -.1469318053715068, 451.3618276026655, 
 100.0000000000000, -.8815908322290424E-04, .4807459075117108E-03, -.8815908322290425E-01, 480.7459075117108, 
 100.0000000000000, -.2938636107430170E-04, .5101311280019586E-03, -.2938636107430170E-01, 510.1311280019586, 
 100.0000000000000, .2938636107430084E-04, .000000000000000, .2938636107430084E-01, .000000000000000, 
 100.0000000000000, .8815908322290338E-04, .000000000000000, .8815908322290338E-01, .000000000000000, 
 100.0000000000000, .1469318053715059E-03, .000000000000000, .1469318053715059, .000000000000000, 
 100.0000000000000, .2057045275201085E-03, .000000000000000, .2057045275201085, .000000000000000, 
 100.0000000000000, .2644772496687110E-03, .000000000000000, .2644772496687110, .000000000000000, 
 100.0000000000000, .3232499718173135E-03, .000000000000000, .3232499718173135, .000000000000000, 
 100.0000000000000, .3820226939659161E-03, .000000000000000, .3820226939659161, .000000000000000, 
 100.0000000000000, .4407954161145186E-03, .000000000000000, .4407954161145186, .000000000000000, 
 100.0000000000000, .4995681382631212E-03, .000000000000000, .4995681382631211, .000000000000000, 
 100.0000000000000, .5583408604117228E-03, .000000000000000, .5583408604117228, .000000000000000, 
 100.0000000000000, .6171135825603254E-03, .000000000000000, .6171135825603253, .000000000000000, 
 100.0000000000000, .6758863047089279E-03, .000000000000000, .6758863047089279, .000000000000000, 
 100.0000000000000, .7346590268575304E-03, .000000000000000, .7346590268575305, .000000000000000, 
 100.0000000000000, .7934317490061330E-03, .000000000000000, .7934317490061330, .000000000000000, 
 100.0000000000000, .8522044711547355E-03, .000000000000000, .8522044711547355, .000000000000000, 
 100.0000000000000, .9109771933033381E-03, .000000000000000, .9109771933033380, .000000000000000, 
 100.0000000000000, .9697499154519406E-03, .000000000000000, .9697499154519406, .000000000000000, 
 100.0000000000000, .1028522637600543E-02, .000000000000000, 1.028522637600543, .000000000000000, 
 100.0000000000000, .1087295359749146E-02, .000000000000000, 1.087295359749146, .000000000000000, 
 100.0000000000000, .1146068081897748E-02, .000000000000000, 1.146068081897748, .000000000000000, 
 100.0000000000000, .1204840804046351E-02, .000000000000000, 1.204840804046351, .000000000000000, 
 100.0000000000000, .1263613526194953E-02, .000000000000000, 1.263613526194953, .000000000000000, 
 100.0000000000000, .1322386248343555E-02, .000000000000000, 1.322386248343555, .000000000000000, 
 100.0000000000000, .1381158970492158E-02, .000000000000000, 1.381158970492157, .000000000000000, 
 100.0000000000000, .1439931692640760E-02, .000000000000000, 1.439931692640760, .000000000000000, 
 100.0000000000000, .1498704414789363E-02, .000000000000000, 1.498704414789363, .000000000000000, 
 100.0000000000000, .1557477136937965E-02, .000000000000000, 1.557477136937965, .000000000000000, 
 100.0000000000000, .1616249859086568E-02, .000000000000000, 1.616249859086568, .000000000000000, 
 100.0000000000000, .1675022581235170E-02, .000000000000000, 1.675022581235170, .000000000000000, 
 100.0000000000000, .1733795303383773E-02, .000000000000000, 1.733795303383773, .000000000000000, 
 100.0000000000000, .1792568025532375E-02, .000000000000000, 1.792568025532375, .000000000000000, 
 100.0000000000000, .1851340747680978E-02, .000000000000000, 1.851340747680978, .000000000000000, 
 100.0000000000000, .1910113469829580E-02, .000000000000000, 1.910113469829580, .000000000000000, 
 100.0000000000000, .1968886191978182E-02, .000000000000000, 1.968886191978182, .000000000000000, 
 100.0000000000000, .2027658914126785E-02, .000000000000000, 2.027658914126786, .000000000000000, 
 100.0000000000000, .2086431636275387E-02, .000000000000000, 2.086431636275387, .000000000000000, 
 100.0000000000000, .2145204358423991E-02, .000000000000000, 2.145204358423991, .000000000000000, 
 100.0000000000000, .2203977080572592E-02, .000000000000000, 2.203977080572592, .000000000000000, 
 100.0000000000000, .2262749802721196E-02, .000000000000000, 2.262749802721196, .000000000000000, 
 100.0000000000000, .2321522524869797E-02, .000000000000000, 2.321522524869797, .000000000000000, 
 100.0000000000000, .2380295247018401E-02, .000000000000000, 2.380295247018401, .000000000000000, 
 100.0000000000000, .2439067969167002E-02, .000000000000000, 2.439067969167002, .000000000000000, 
 100.0000000000000, .2497840691315604E-02, .000000000000000, 2.497840691315604, .000000000000000, 
 100.0000000000000, .2556613413464207E-02, .000000000000000, 2.556613413464207, .000000000000000, 
 100.0000000000000, .2615386135612809E-02, .000000000000000, 2.615386135612809, .000000000000000, 
 100.0000000000000, .2674158857761413E-02, .000000000000000, 2.674158857761412, .000000000000000, 
 100.0000000000000, .2732931579910014E-02, .000000000000000, 2.732931579910014, .000000000000000, 
 100.0000000000000, .2791704302058618E-02, .000000000000000, 2.791704302058617, .000000000000000, 
 100.0000000000000, .2850477024207219E-02, .000000000000000, 2.850477024207219, .000000000000000, 
 100.0000000000000, .2909249746355823E-02, .000000000000000, 2.909249746355822, .000000000000000, 
 100.0000000000000, .2968022468504424E-02, .000000000000000, 2.968022468504425, .000000000000000, 
 100.0000000000000, .3026795190653028E-02, .000000000000000, 3.026795190653028, .000000000000000, 
 100.0000000000000, .3085567912801629E-02, .000000000000000, 3.085567912801630, .000000000000000, 
 100.0000000000000, .3144340634950233E-02, .000000000000000, 3.144340634950233, .000000000000000, 
 100.0000000000000, .3203113357098834E-02, .000000000000000, 3.203113357098835, .000000000000000, 
 100.0000000000000, .3261886079247436E-02, .000000000000000, 3.261886079247436, .000000000000000, 
 100.0000000000000, .3320658801396040E-02, .000000000000000, 3.320658801396040, .000000000000000, 
 100.0000000000000, .3379431523544641E-02, .000000000000000, 3.379431523544641, .000000000000000, 
 100.0000000000000, .3438204245693245E-02, .000000000000000, 3.438204245693245, .000000000000000, 
 100.0000000000000, .3496976967841846E-02, .000000000000000, 3.496976967841846, .000000000000000, 
 100.0000000000000, .3555749689990450E-02, .000000000000000, 3.555749689990450, .000000000000000, 
 100.0000000000000, .3614522412139051E-02, .000000000000000, 3.614522412139051, .000000000000000, 
 100.0000000000000, .3673295134287655E-02, .000000000000000, 3.673295134287655, .000000000000000, 
 100.0000000000000, .3732067856436256E-02, .000000000000000, 3.732067856436256, .000000000000000, 
 100.0000000000000, .3790840578584860E-02, .000000000000000, 3.790840578584860, .000000000000000, 
 100.0000000000000, .3849613300733462E-02, .000000000000000, 3.849613300733461, .000000000000000, 
 100.0000000000000, .3908386022882065E-02, .000000000000000, 3.908386022882065, .000000000000000, 
 100.0000000000000, .3967158745030667E-02, .000000000000000, 3.967158745030666, .000000000000000, 
 100.0000000000000, .4025931467179268E-02, .000000000000000, 4.025931467179269, .000000000000000, 
 100.0000000000000, .4084704189327872E-02, .000000000000000, 4.084704189327872, .000000000000000, 
 100.0000000000000, .4143476911476473E-02, .000000000000000, 4.143476911476474, .000000000000000, 
 100.0000000000000, .4202249633625077E-02, .000000000000000, 4.202249633625077, .000000000000000, 
 100.0000000000000, .4261022355773678E-02, .000000000000000, 4.261022355773679, .000000000000000, 
 100.0000000000000, .4319795077922282E-02, .000000000000000, 4.319795077922282, .000000000000000, 
 100.0000000000000, .4378567800070884E-02, .000000000000000, 4.378567800070884, .000000000000000, 
 100.0000000000000, .4437340522219487E-02, .000000000000000, 4.437340522219487, .000000000000000, 
 100.0000000000000, .4496113244368089E-02, .000000000000000, 4.496113244368089, .000000000000000, 
 100.0000000000000, .4554885966516692E-02, .000000000000000, 4.554885966516692, .000000000000000, 
 100.0000000000000, .4613658688665294E-02, .000000000000000, 4.613658688665294, .000000000000000, 
 100.0000000000000, .4672431410813897E-02, .000000000000000, 4.672431410813897, .000000000000000, 
 100.0000000000000, .4731204132962499E-02, .000000000000000, 4.731204132962499, .000000000000000, 
 100.0000000000000, .4789976855111100E-02, .000000000000000, 4.789976855111100, .000000000000000, 
 100.0000000000000, .4848749577259704E-02, .000000000000000, 4.848749577259704, .000000000000000, 
 100.0000000000000, .4907522299408306E-02, .000000000000000, 4.907522299408305, .000000000000000, 
 100.0000000000000, .4966295021556909E-02, .000000000000000, 4.966295021556909, .000000000000000, 
 100.0000000000000, .5025067743705511E-02, .000000000000000, 5.025067743705510, .000000000000000, 
 100.0000000000000, .5083840465854114E-02, .000000000000000, 5.083840465854114, .000000000000000, 
 100.0000000000000, .5142613188002716E-02, .000000000000000, 5.142613188002715, .000000000000000, 
 100.0000000000000, .5201385910151319E-02, .000000000000000, 5.201385910151319, .000000000000000, 
 100.0000000000000, .5260158632299921E-02, .000000000000000, 5.260158632299921, .000000000000000, 
 100.0000000000000, .5318931354448524E-02, .000000000000000, 5.318931354448524, .000000000000000, 
 100.0000000000000, .5377704076597126E-02, .000000000000000, 5.377704076597126, .000000000000000, 
 100.0000000000000, .5436476798745728E-02, .000000000000000, 5.436476798745727, .000000000000000, 
 100.0000000000000, .5495249520894331E-02, .000000000000000, 5.495249520894331, .000000000000000, 
 100.0000000000000, .5554022243042933E-02, .000000000000000, 5.554022243042932, .000000000000000, 
 100.0000000000000, .5612794965191536E-02, .000000000000000, 5.612794965191536, .000000000000000, 
 100.0000000000000, .5671567687340138E-02, .000000000000000, 5.671567687340137, .000000000000000, 
 100.0000000000000, .5730340409488741E-02, .000000000000000, 5.730340409488741, .000000000000000, 
 100.0000000000000, .5789113131637343E-02, .000000000000000, 5.789113131637343, .000000000000000, 
 100.0000000000000, .5847885853785946E-02, .000000000000000, 5.847885853785947, .000000000000000, 
 150.0000000000000, -.5847885853785946E-02, .000000000000000, -5.847885853785947, .000000000000000, 
 150.0000000000000, -.5789113131637344E-02, .000000000000000, -5.789113131637343, .000000000000000, 
 150.0000000000000, -.5730340409488741E-02, .000000000000000, -5.730340409488741, .000000000000000, 
 150.0000000000000, -.5671567687340139E-02, .000000000000000, -5.671567687340138, .000000000000000, 
 150.0000000000000, -.5612794965191536E-02, .000000000000000, -5.612794965191536, .000000000000000, 
 150.0000000000000, -.5554022243042933E-02, .000000000000000, -5.554022243042933, .000000000000000, 
 150.0000000000000, -.5495249520894332E-02, .000000000000000, -5.495249520894331, .000000000000000, 
 150.0000000000000, -.5436476798745729E-02, .000000000000000, -5.436476798745729, .000000000000000, 
 150.0000000000000, -.5377704076597127E-02, .000000000000000, -5.377704076597126, .000000000000000, 
 150.0000000000000, -.5318931354448524E-02, .000000000000000, -5.318931354448524, .000000000000000, 
 150.0000000000000, -.5260158632299922E-02, .000000000000000, -5.260158632299921, .000000000000000, 
 150.0000000000000, -.5201385910151319E-02, .000000000000000, -5.201385910151319, .000000000000000, 
 150.0000000000000, -.5142613188002717E-02, .000000000000000, -5.142613188002716, .000000000000000, 
 150.0000000000000, -.5083840465854114E-02, .000000000000000, -5.083840465854114, .000000000000000, 
 150.0000000000000, -.5025067743705511E-02, .000000000000000, -5.025067743705511, .000000000000000, 
 150.0000000000000, -.4966295021556909E-02, .000000000000000, -4.966295021556909, .000000000000000, 
 150.0000000000000, -.4907522299408306E-02, .000000000000000, -4.907522299408306, .000000000000000, 
 150.0000000000000, -.4848749577259704E-02, .000000000000000, -4.848749577259704, .000000000000000, 
 150.0000000000000, -.4789976855111101E-02, .000000000000000, -4.789976855111101, .000000000000000, 
 150.0000000000000, -.4731204132962500E-02, .000000000000000, -4.731204132962500, .000000000000000, 
 150.0000000000000, -.4672431410813896E-02, .000000000000000, -4.672431410813896, .000000000000000, 
 150.0000000000000, -.4613658688665295E-02, .000000000000000, -4.613658688665295, .000000000000000, 
 150.0000000000000, -.4554885966516692E-02, .000000000000000, -4.554885966516692, .000000000000000, 
 150.0000000000000, -.4496113244368089E-02, .000000000000000, -4.496113244368090, .000000000000000, 
 150.0000000000000, -.4437340522219487E-02, .000000000000000, -4.437340522219487, .000000000000000, 
 150.0000000000000, -.4378567800070884E-02, .000000000000000, -4.378567800070885, .000000000000000, 
 150.0000000000000, -.4319795077922282E-02, .000000000000000, -4.319795077922282, .000000000000000, 
 150.0000000000000, -.4261022355773679E-02, .000000000000000, -4.261022355773679, .000000000000000, 
 150.0000000000000, -.4202249633625077E-02, .000000000000000, -4.202249633625077, .000000000000000, 
 150.0000000000000, -.4143476911476474E-02, .000000000000000, -4.143476911476474, .000000000000000, 
 150.0000000000000, -.4084704189327872E-02, .000000000000000, -4.084704189327872, .000000000000000, 
 150.0000000000000, -.4025931467179269E-02, .000000000000000, -4.025931467179269, .000000000000000, 
 150.0000000000000, -.3967158745030668E-02, .000000000000000, -3.967158745030667, .000000000000000, 
 150.0000000000000, -.3908386022882064E-02, .000000000000000, -3.908386022882064, .000000000000000, 
 150.0000000000000, -.3849613300733462E-02, .000000000000000, -3.849613300733462, .000000000000000, 
 150.0000000000000, -.3790840578584859E-02, .000000000000000, -3.790840578584859, .000000000000000, 
 150.0000000000000, -.3732067856436257E-02, .000000000000000, -3.732067856436257, .000000000000000, 
 150.0000000000000, -.3673295134287655E-02, .000000000000000, -3.673295134287655, .000000000000000, 
 150.0000000000000, -.3614522412139052E-02, .000000000000000, -3.614522412139052, .000000000000000, 
 150.0000000000000, -.3555749689990450E-02, .000000000000000, -3.555749689990450, .000000000000000, 
 150.0000000000000, -.3496976967841847E-02, .000000000000000, -3.496976967841847, .000000000000000, 
 150.0000000000000, -.3438204245693245E-02, .000000000000000, -3.438204245693245, .000000000000000, 
 150.0000000000000, -.3379431523544643E-02, .000000000000000, -3.379431523544643, .000000000000000, 
 150.0000000000000, -.3320658801396040E-02, .000000000000000, -3.320658801396040, .000000000000000, 
 150.0000000000000, -.3261886079247437E-02, .000000000000000, -3.261886079247438, .000000000000000, 
 150.0000000000000, -.3203113357098835E-02, .000000000000000, -3.203113357098835, .000000000000000, 
 150.0000000000000, -.3144340634950232E-02, .000000000000000, -3.144340634950233, .000000000000000, 
 150.0000000000000, -.3085567912801630E-02, .000000000000000, -3.085567912801630, .000000000000000, 
 150.0000000000000, -.3026795190653028E-02, .000000000000000, -3.026795190653028, .000000000000000, 
 150.0000000000000, -.2968022468504425E-02, .000000000000000, -2.968022468504425, .000000000000000, 
 150.0000000000000, -.2909249746355823E-02, .000000000000000, -2.909249746355822, .000000000000000, 
 150.0000000000000, -.2850477024207220E-02, .000000000000000, -2.850477024207220, .000000000000000, 
 150.0000000000000, -.2791704302058618E-02, .000000000000000, -2.791704302058617, .000000000000000, 
 150.0000000000000, -.2732931579910015E-02, .000000000000000, -2.732931579910015, .000000000000000, 
 150.0000000000000, -.2674158857761413E-02, .000000000000000, -2.674158857761412, .000000000000000, 
 150.0000000000000, -.2615386135612810E-02, .000000000000000, -2.615386135612810, .000000000000000, 
 150.0000000000000, -.2556613413464208E-02, .000000000000000, -2.556613413464208, .000000000000000, 
 150.0000000000000, -.2497840691315605E-02, .000000000000000, -2.497840691315605, .000000000000000, 
 150.0000000000000, -.2439067969167003E-02, .000000000000000, -2.439067969167003, .000000000000000, 
 150.0000000000000, -.2380295247018400E-02, .000000000000000, -2.380295247018400, .000000000000000, 
 150.0000000000000, -.2321522524869798E-02, .000000000000000, -2.321522524869798, .000000000000000, 
 150.0000000000000, -.2262749802721196E-02, .000000000000000, -2.262749802721196, .000000000000000, 
 150.0000000000000, -.2203977080572593E-02, .000000000000000, -2.203977080572593, .000000000000000, 
 150.0000000000000, -.2145204358423991E-02, .000000000000000, -2.145204358423991, .000000000000000, 
 150.0000000000000, -.2086431636275388E-02, .000000000000000, -2.086431636275388, .000000000000000, 
 150.0000000000000, -.2027658914126785E-02, .000000000000000, -2.027658914126786, .000000000000000, 
 150.0000000000000, -.1968886191978183E-02, .000000000000000, -1.968886191978183, .000000000000000, 
 150.0000000000000, -.1910113469829580E-02, .2441860978095574E-04, -1.910113469829580, 24.41860978095574, 
 150.0000000000000, -.1851340747680978E-02, .5377683014934326E-04, -1.851340747680978, 53.77683014934326, 
 150.0000000000000, -.1792568025532375E-02, .8313592965377590E-04, -1.792568025532375, 83.13592965377590, 
 150.0000000000000, -.1733795303383773E-02, .1124959083191931E-03, -1.733795303383773, 112.4959083191930, 
 150.0000000000000, -.1675022581235171E-02, .1418567661696290E-03, -1.675022581235171, 141.8567661696290, 
 150.0000000000000, -.1616249859086569E-02, .1712185032283802E-03, -1.616249859086569, 171.2185032283802, 
 150.0000000000000, -.1557477136937966E-02, .2005811195177809E-03, -1.557477136937966, 200.5811195177810, 
 150.0000000000000, -.1498704414789363E-02, .2299446150594315E-03, -1.498704414789364, 229.9446150594315, 
 150.0000000000000, -.1439931692640761E-02, .2593089898743635E-03, -1.439931692640761, 259.3089898743635, 
 150.0000000000000, -.1381158970492158E-02, .2886742439825673E-03, -1.381158970492158, 288.6742439825672, 
 150.0000000000000, -.1322386248343556E-02, .3180403774031318E-03, -1.322386248343556, 318.0403774031317, 
 150.0000000000000, -.1263613526194953E-02, .3474073901547421E-03, -1.263613526194953, 347.4073901547421, 
 150.0000000000000, -.1204840804046351E-02, .3767752822548373E-03, -1.204840804046351, 376.7752822548373, 
 150.0000000000000, -.1146068081897748E-02, .4061440537200973E-03, -1.146068081897748, 406.1440537200972, 
 150.0000000000000, -.1087295359749146E-02, .4355137045670776E-03, -1.087295359749146, 435.5137045670776, 
 150.0000000000000, -.1028522637600543E-02, .4648842348104809E-03, -1.028522637600543, 464.8842348104809, 
 150.0000000000000, -.9697499154519406E-03, .4942556444652337E-03, -.9697499154519406, 494.2556444652337, 
 150.0000000000000, -.9109771933033389E-03, .5236279335444241E-03, -.9109771933033389, 523.6279335444241, 
 150.0000000000000, -.8522044711547364E-03, .5530011020614434E-03, -.8522044711547364, 553.0011020614434, 
 150.0000000000000, -.7934317490061338E-03, .5823751500278853E-03, -.7934317490061339, 582.3751500278853, 
 150.0000000000000, -.7346590268575313E-03, .6117500774551197E-03, -.7346590268575313, 611.7500774551197, 
 150.0000000000000, -.6758863047089288E-03, .6411258843535507E-03, -.6758863047089287, 641.1258843535506, 
 150.0000000000000, -.6171135825603262E-03, .6705025707327396E-03, -.6171135825603262, 670.5025707327396, 
 150.0000000000000, -.5583408604117237E-03, .6998801366018937E-03, -.5583408604117237, 699.8801366018937, 
 150.0000000000000, -.4995681382631212E-03, .7292585819682699E-03, -.4995681382631211, 729.2585819682699, 
 150.0000000000000, -.4407954161145186E-03, .7586379068401765E-03, -.4407954161145186, 758.6379068401765, 
 150.0000000000000, -.3820226939659161E-03, .7880181112231603E-03, -.3820226939659161, 788.0181112231603, 
 150.0000000000000, -.3232499718173135E-03, .8173991951225346E-03, -.3232499718173135, 817.3991951225346, 
 150.0000000000000, -.2644772496687110E-03, .8467811585444115E-03, -.2644772496687110, 846.7811585444116, 
 150.0000000000000, -.2057045275201093E-03, .8761640014911173E-03, -.2057045275201093, 876.1640014911172, 
 150.0000000000000, -.1469318053715068E-03, .9055477239671980E-03, -.1469318053715068, 905.5477239671980, 
 150.0000000000000, -.8815908322290424E-04, .9349323259760126E-03, -.8815908322290425E-01, 934.9323259760126, 
 150.0000000000000, -.2938636107430170E-04, .9643178075166505E-03, -.2938636107430170E-01, 964.3178075166504, 
 150.0000000000000, .2938636107430084E-04, .000000000000000, .2938636107430084E-01, .000000000000000, 
 150.0000000000000, .8815908322290338E-04, .000000000000000, .8815908322290338E-01, .000000000000000, 
 150.0000000000000, .1469318053715059E-03, .000000000000000, .1469318053715059, .000000000000000, 
 150.0000000000000, .2057045275201085E-03, .000000000000000, .2057045275201085, .000000000000000, 
 150.0000000000000, .2644772496687110E-03, .000000000000000, .2644772496687110, .000000000000000, 
 150.0000000000000, .3232499718173135E-03, .000000000000000, .3232499718173135, .000000000000000, 
 150.0000000000000, .3820226939659161E-03, .000000000000000, .3820226939659161, .000000000000000, 
 150.0000000000000, .4407954161145186E-03, .000000000000000, .4407954161145186, .000000000000000, 
 150.0000000000000, .4995681382631212E-03, .000000000000000, .4995681382631211, .000000000000000, 
 150.0000000000000, .5583408604117228E-03, .000000000000000, .5583408604117228, .000000000000000, 
 150.0000000000000, .6171135825603254E-03, .000000000000000, .6171135825603253, .000000000000000, 
 150.0000000000000, .6758863047089279E-03, .000000000000000, .6758863047089279, .000000000000000, 
 150.0000000000000, .7346590268575304E-03, .000000000000000, .7346590268575305, .000000000000000, 
 150.0000000000000, .7934317490061330E-03, .000000000000000, .7934317490061330, .000000000000000, 
 150.0000000000000, .8522044711547355E-03, .000000000000000, .8522044711547355, .000000000000000, 
 150.0000000000000, .9109771933033381E-03, .000000000000000, .9109771933033380, .000000000000000, 
 150.0000000000000, .9697499154519406E-03, .000000000000000, .9697499154519406, .000000000000000, 
 150.0000000000000, .1028522637600543E-02, .000000000000000, 1.028522637600543, .000000000000000, 
 150.0000000000000, .1087295359749146E-02, .000000000000000, 1.087295359749146, .000000000000000, 
 150.0000000000000, .1146068081897748E-02, .000000000000000, 1.146068081897748, .000000000000000, 
 150.0000000000000, .1204840804046351E-02, .000000000000000, 1.204840804046351, .000000000000000, 
 150.0000000000000, .1263613526194953E-02, .000000000000000, 1.263613526194953, .000000000000000, 
 150.0000000000000, .1322386248343555E-02, .000000000000000, 1.322386248343555, .000000000000000, 
 150.0000000000000, .1381158970492158E-02, .000000000000000, 1.381158970492157, .000000000000000, 
 150.0000000000000, .1439931692640760E-02, .000000000000000, 1.439931692640760, .000000000000000, 
 150.0000000000000, .1498704414789363E-02, .000000000000000, 1.498704414789363, .000000000000000, 
 150.0000000000000, .1557477136937965E-02, .000000000000000, 1.557477136937965, .000000000000000, 
 150.0000000000000, .1616249859086568E-02, .000000000000000, 1.616249859086568, .000000000000000, 
 150.0000000000000, .1675022581235170E-02, .000000000000000, 1.675022581235170, .000000000000000, 
 150.0000000000000, .1733795303383773E-02, .000000000000000, 1.733795303383773, .000000000000000, 
 150.0000000000000, .1792568025532375E-02, .000000000000000, 1.792568025532375, .000000000000000, 
 150.0000000000000, .1851340747680978E-02, .000000000000000, 1.851340747680978, .000000000000000, 
 150.0000000000000, .1910113469829580E-02, .000000000000000, 1.910113469829580, .000000000000000, 
 150.0000000000000, .1968886191978182E-02, .000000000000000, 1.968886191978182, .000000000000000, 
 150.0000000000000, .2027658914126785E-02, .000000000000000, 2.027658914126786, .000000000000000, 
 150.0000000000000, .2086431636275387E-02, .000000000000000, 2.086431636275387, .000000000000000, 
 150.0000000000000, .2145204358423991E-02, .000000000000000, 2.145204358423991, .000000000000000, 
 150.0000000000000, .2203977080572592E-02, .000000000000000, 2.203977080572592, .000000000000000, 
 150.0000000000000, .2262749802721196E-02, .000000000000000, 2.262749802721196, .000000000000000, 
 150.0000000000000, .2321522524869797E-02, .000000000000000, 2.321522524869797, .000000000000000, 
 150.0000000000000, .2380295247018401E-02, .000000000000000, 2.380295247018401, .000000000000000, 
 150.0000000000000, .2439067969167002E-02, .000000000000000, 2.439067969167002, .000000000000000, 
 150.0000000000000, .2497840691315604E-02, .000000000000000, 2.497840691315604, .000000000000000, 
 150.0000000000000, .2556613413464207E-02, .000000000000000, 2.556613413464207, .000000000000000, 
 150.0000000000000, .2615386135612809E-02, .000000000000000, 2.615386135612809, .000000000000000, 
 150.0000000000000, .2674158857761413E-02, .000000000000000, 2.674158857761412, .000000000000000, 
 150.0000000000000, .2732931579910014E-02, .000000000000000, 2.732931579910014, .000000000000000, 
 150.0000000000000, .2791704302058618E-02, .000000000000000, 2.791704302058617, .000000000000000, 
 150.0000000000000, .2850477024207219E-02, .000000000000000, 2.850477024207219, .000000000000000, 
 150.0000000000000, .2909249746355823E-02, .000000000000000, 2.909249746355822, .000000000000000, 
 150.0000000000000, .2968022468504424E-02, .000000000000000, 2.968022468504425, .000000000000000, 
 150.0000000000000, .3026795190653028E-02, .000000000000000, 3.026795190653028, .000000000000000, 
 150.0000000000000, .3085567912801629E-02, .000000000000000, 3.085567912801630, .000000000000000, 
 150.0000000000000, .3144340634950233E-02, .000000000000000, 3.144340634950233, .000000000000000, 
 150.0000000000000, .3203113357098834E-02, .000000000000000, 3.203113357098835, .000000000000000, 
 150.0000000000000, .3261886079247436E-02, .000000000000000, 3.261886079247436, .000000000000000, 
 150.0000000000000, .3320658801396040E-02, .000000000000000, 3.320658801396040, .000000000000000, 
 150.0000000000000, .3379431523544641E-02, .000000000000000, 3.379431523544641, .000000000000000, 
 150.0000000000000, .3438204245693245E-02, .000000000000000, 3.438204245693245, .000000000000000, 
 150.0000000000000, .3496976967841846E-02, .000000000000000, 3.496976967841846, .000000000000000, 
 150.0000000000000, .3555749689990450E-02, .000000000000000, 3.555749689990450, .000000000000000, 
 150.0000000000000, .3614522412139051E-02, .000000000000000, 3.614522412139051, .000000000000000, 
 150.0000000000000, .3673295134287655E-02, .000000000000000, 3.673295134287655, .000000000000000, 
 150.0000000000000, .3732067856436256E-02, .000000000000000, 3.732067856436256, .000000000000000, 
 150.0000000000000, .3790840578584860E-02, .000000000000000, 3.790840578584860, .000000000000000, 
 150.0000000000000, .3849613300733462E-02, .000000000000000, 3.849613300733461, .000000000000000, 
 150.0000000000000, .3908386022882065E-02, .000000000000000, 3.908386022882065, .000000000000000, 
 150.0000000000000, .3967158745030667E-02, .000000000000000, 3.967158745030666, .000000000000000, 
 150.0000000000000, .4025931467179268E-02, .000000000000000, 4.025931467179269, .000000000000000, 
 150.0000000000000, .4084704189327872E-02, .000000000000000, 4.084704189327872, .000000000000000, 
 150.0000000000000, .4143476911476473E-02, .000000000000000, 4.143476911476474, .000000000000000, 
 150.0000000000000, .4202249633625077E-02, .000000000000000, 4.202249633625077, .000000000000000, 
 150.0000000000000, .4261022355773678E-02, .000000000000000, 4.261022355773679, .000000000000000, 
 150.0000000000000, .4319795077922282E-02, .000000000000000, 4.319795077922282, .000000000000000, 
 150.0000000000000, .4378567800070884E-02, .000000000000000, 4.378567800070884, .000000000000000, 
 150.0000000000000, .4437340522219487E-02, .000000000000000, 4.437340522219487, .000000000000000, 
 150.0000000000000, .4496113244368089E-02, .000000000000000, 4.496113244368089, .000000000000000, 
 150.0000000000000, .4554885966516692E-02, .000000000000000, 4.554885966516692, .000000000000000, 
 150.0000000000000, .4613658688665294E-02, .000000000000000, 4.613658688665294, .000000000000000, 
 150.0000000000000, .4672431410813897E-02, .000000000000000, 4.672431410813897, .000000000000000, 
 150.0000000000000, .4731204132962499E-02, .000000000000000, 4.731204132962499, .000000000000000, 
 150.0000000000000, .4789976855111100E-02, .000000000000000, 4.789976855111100, .000000000000000, 
 150.0000000000000, .4848749577259704E-02, .000000000000000, 4.848749577259704, .000000000000000, 
 150.0000000000000, .4907522299408306E-02, .000000000000000, 4.907522299408305, .000000000000000, 
 150.0000000000000, .4966295021556909E-02, .000000000000000, 4.966295021556909, .000000000000000, 
 150.0000000000000, .5025067743705511E-02, .000000000000000, 5.025067743705510, .000000000000000, 
 150.0000000000000, .5083840465854114E-02, .000000000000000, 5.083840465854114, .000000000000000, 
 150.0000000000000, .5142613188002716E-02, .000000000000000, 5.142613188002715, .000000000000000, 
 150.0000000000000, .5201385910151319E-02, .000000000000000, 5.201385910151319, .000000000000000, 
 150.0000000000000, .5260158632299921E-02, .000000000000000, 5.260158632299921, .000000000000000, 
 150.0000000000000, .5318931354448524E-02, .000000000000000, 5.318931354448524, .000000000000000, 
 150.0000000000000, .5377704076597126E-02, .000000000000000, 5.377704076597126, .000000000000000, 
 150.0000000000000, .5436476798745728E-02, .000000000000000, 5.436476798745727, .000000000000000, 
 150.0000000000000, .5495249520894331E-02, .000000000000000, 5.495249520894331, .000000000000000, 
 150.0000000000000, .5554022243042933E-02, .000000000000000, 5.554022243042932, .000000000000000, 
 150.0000000000000, .5612794965191536E-02, .000000000000000, 5.612794965191536, .000000000000000, 
 150.0000000000000, .5671567687340138E-02, .000000000000000, 5.671567687340137, .000000000000000, 
 150.0000000000000, .5730340409488741E-02, .000000000000000, 5.730340409488741, .000000000000000, 
 150.0000000000000, .5789113131637343E-02, .000000000000000, 5.789113131637343, .000000000000000, 
 150.0000000000000, .5847885853785946E-02, .000000000000000, 5.847885853785947, .000000000000000, 
 200.0000000000000, -.5847885853785946E-02, .000000000000000, -5.847885853785947, .000000000000000, 
 200.0000000000000, -.5789113131637344E-02, .000000000000000, -5.789113131637343, .000000000000000, 
 200.0000000000000, -.5730340409488741E-02, .000000000000000, -5.730340409488741, .000000000000000, 
 200.0000000000000, -.5671567687340139E-02, .000000000000000, -5.671567687340138, .000000000000000, 
 200.0000000000000, -.5612794965191536E-02, .000000000000000, -5.612794965191536, .000000000000000, 
 200.0000000000000, -.5554022243042933E-02, .000000000000000, -5.554022243042933, .000000000000000, 
 200.0000000000000, -.5495249520894332E-02, .000000000000000, -5.495249520894331, .000000000000000, 
 200.0000000000000, -.5436476798745729E-02, .000000000000000, -5.436476798745729, .000000000000000, 
 200.0000000000000, -.5377704076597127E-02, .000000000000000, -5.377704076597126, .000000000000000, 
 200.0000000000000, -.5318931354448524E-02, .000000000000000, -5.318931354448524, .000000000000000, 
 200.0000000000000, -.5260158632299922E-02, .000000000000000, -5.260158632299921, .000000000000000, 
 200.0000000000000, -.5201385910151319E-02, .000000000000000, -5.201385910151319, .000000000000000, 
 200.0000000000000, -.5142613188002717E-02, .000000000000000, -5.142613188002716, .000000000000000, 
 200.0000000000000, -.5083840465854114E-02, .000000000000000, -5.083840465854114, .000000000000000, 
 200.0000000000000, -.5025067743705511E-02, .000000000000000, -5.025067743705511, .000000000000000, 
 200.0000000000000, -.4966295021556909E-02, .000000000000000, -4.966295021556909, .000000000000000, 
 200.0000000000000, -.4907522299408306E-02, .000000000000000, -4.907522299408306, .000000000000000, 
 200.0000000000000, -.4848749577259704E-02, .000000000000000, -4.848749577259704, .000000000000000, 
 200.0000000000000, -.4789976855111101E-02, .000000000000000, -4.789976855111101, .000000000000000, 
 200.0000000000000, -.4731204132962500E-02, .000000000000000, -4.731204132962500, .000000000000000, 
 200.0000000000000, -.4672431410813896E-02, .000000000000000, -4.672431410813896, .000000000000000, 
 200.0000000000000, -.4613658688665295E-02, .000000000000000, -4.613658688665295, .000000000000000, 
 200.0000000000000, -.4554885966516692E-02, .000000000000000, -4.554885966516692, .000000000000000, 
 200.0000000000000, -.4496113244368089E-02, .000000000000000, -4.496113244368090, .000000000000000, 
 200.0000000000000, -.4437340522219487E-02, .000000000000000, -4.437340522219487, .000000000000000, 
 200.0000000000000, -.4378567800070884E-02, .000000000000000, -4.378567800070885, .000000000000000, 
 200.0000000000000, -.4319795077922282E-02, .000000000000000, -4.319795077922282, .000000000000000, 
 200.0000000000000, -.4261022355773679E-02, .000000000000000, -4.261022355773679, .000000000000000, 
 200.0000000000000, -.4202249633625077E-02, .000000000000000, -4.202249633625077, .000000000000000, 
 200.0000000000000, -.4143476911476474E-02, .000000000000000, -4.143476911476474, .000000000000000, 
 200.0000000000000, -.4084704189327872E-02, .000000000000000, -4.084704189327872, .000000000000000, 
 200.0000000000000, -.4025931467179269E-02, .000000000000000, -4.025931467179269, .000000000000000, 
 200.0000000000000, -.3967158745030668E-02, .000000000000000, -3.967158745030667, .000000000000000, 
 200.0000000000000, -.3908386022882064E-02, .000000000000000, -3.908386022882064, .000000000000000, 
 200.0000000000000, -.3849613300733462E-02, .000000000000000, -3.849613300733462, .000000000000000, 
 200.0000000000000, -.3790840578584859E-02, .000000000000000, -3.790840578584859, .000000000000000, 
 200.0000000000000, -.3732067856436257E-02, .000000000000000, -3.732067856436257, .000000000000000, 
 200.0000000000000, -.3673295134287655E-02, .000000000000000, -3.673295134287655, .000000000000000, 
 200.0000000000000, -.3614522412139052E-02, .000000000000000, -3.614522412139052, .000000000000000, 
 200.0000000000000, -.3555749689990450E-02, .000000000000000, -3.555749689990450, .000000000000000, 
 200.0000000000000, -.3496976967841847E-02, .000000000000000, -3.496976967841847, .000000000000000, 
 200.0000000000000, -.3438204245693245E-02, .000000000000000, -3.438204245693245, .000000000000000, 
 200.0000000000000, -.3379431523544643E-02, .000000000000000, -3.379431523544643, .000000000000000, 
 200.0000000000000, -.3320658801396040E-02, .000000000000000, -3.320658801396040, .000000000000000, 
 200.0000000000000, -.3261886079247437E-02, .000000000000000, -3.261886079247438, .000000000000000, 
 200.0000000000000, -.3203113357098835E-02, .000000000000000, -3.203113357098835, .000000000000000, 
 200.0000000000000, -.3144340634950232E-02, .000000000000000, -3.144340634950233, .000000000000000, 
 200.0000000000000, -.3085567912801630E-02, .000000000000000, -3.085567912801630, .000000000000000, 
 200.0000000000000, -.3026795190653028E-02, .000000000000000, -3.026795190653028, .000000000000000, 
 200.0000000000000, -.2968022468504425E-02, .000000000000000, -2.968022468504425, .000000000000000, 
 200.0000000000000, -.2909249746355823E-02, .000000000000000, -2.909249746355822, .000000000000000, 
 200.0000000000000, -.2850477024207220E-02, .1281380453994489E-04, -2.850477024207220, 12.81380453994490, 
 200.0000000000000, -.2791704302058618E-02, .4216782478859351E-04, -2.791704302058617, 42.16782478859351, 
 200.0000000000000, -.2732931579910015E-02, .7152251843515177E-04, -2.732931579910015, 71.52251843515177, 
 200.0000000000000, -.2674158857761413E-02, .1008778855029342E-03, -2.674158857761412, 100.8778855029342, 
 200.0000000000000, -.2615386135612810E-02, .1302339260146717E-03, -2.615386135612810, 130.2339260146717, 
 200.0000000000000, -.2556613413464208E-02, .1595906399928081E-03, -2.556613413464208, 159.5906399928081, 
 200.0000000000000, -.2497840691315605E-02, .1889480274590168E-03, -2.497840691315605, 188.9480274590168, 
 200.0000000000000, -.2439067969167003E-02, .2183060884347931E-03, -2.439067969167003, 218.3060884347931, 
 200.0000000000000, -.2380295247018400E-02, .2476648229410191E-03, -2.380295247018400, 247.6648229410191, 
 200.0000000000000, -.2321522524869798E-02, .2770242309977389E-03, -2.321522524869798, 277.0242309977389, 
 200.0000000000000, -.2262749802721196E-02, .3063843126251199E-03, -2.262749802721196, 306.3843126251199, 
 200.0000000000000, -.2203977080572593E-02, .3357450678424276E-03, -2.203977080572593, 335.7450678424275, 
 200.0000000000000, -.2145204358423991E-02, .3651064966684936E-03, -2.145204358423991, 365.1064966684936, 
 200.0000000000000, -.2086431636275388E-02, .3944685991217238E-03, -2.086431636275388, 394.4685991217239, 
 200.0000000000000, -.2027658914126785E-02, .4238313752198353E-03, -2.027658914126786, 423.8313752198354, 
 200.0000000000000, -.1968886191978183E-02, .4531948249804471E-03, -1.968886191978183, 453.1948249804471, 
 200.0000000000000, -.1910113469829580E-02, .4825589484201824E-03, -1.910113469829580, 482.5589484201823, 
 200.0000000000000, -.1851340747680978E-02, .5119237455555486E-03, -1.851340747680978, 511.9237455555486, 
 200.0000000000000, -.1792568025532375E-02, .5412892164026191E-03, -1.792568025532375, 541.2892164026191, 
 200.0000000000000, -.1733795303383773E-02, .5706553609763952E-03, -1.733795303383773, 570.6553609763953, 
 200.0000000000000, -.1675022581235171E-02, .6000221792919600E-03, -1.675022581235171, 600.0221792919600, 
 200.0000000000000, -.1616249859086569E-02, .6293896713638265E-03, -1.616249859086569, 629.3896713638264, 
 200.0000000000000, -.1557477136937966E-02, .6587578372056689E-03, -1.557477136937966, 658.7578372056689, 
 200.0000000000000, -.1498704414789363E-02, .6881266768310081E-03, -1.498704414789364, 688.1266768310081, 
 200.0000000000000, -.1439931692640761E-02, .7174961902527032E-03, -1.439931692640761, 717.4961902527032, 
 200.0000000000000, -.1381158970492158E-02, .7468663774832163E-03, -1.381158970492158, 746.8663774832163, 
 200.0000000000000, -.1322386248343556E-02, .7762372385345640E-03, -1.322386248343556, 776.2372385345640, 
 200.0000000000000, -.1263613526194953E-02, .8056087734178629E-03, -1.263613526194953, 805.6087734178629, 
 200.0000000000000, -.1204840804046351E-02, .8349809821441869E-03, -1.204840804046351, 834.9809821441869, 
 200.0000000000000, -.1146068081897748E-02, .8643538647241534E-03, -1.146068081897748, 864.3538647241534, 
 200.0000000000000, -.1087295359749146E-02, .8937274211675239E-03, -1.087295359749146, 893.7274211675239, 
 200.0000000000000, -.1028522637600543E-02, .9231016514837922E-03, -1.028522637600543, 923.1016514837922, 
 200.0000000000000, -.9697499154519406E-03, .9524765556814441E-03, -.9697499154519406, 952.4765556814441, 
 200.0000000000000, -.9109771933033389E-03, .9818521337696656E-03, -.9109771933033389, 981.8521337696656, 
 200.0000000000000, -.8522044711547364E-03, .1011228385756036E-02, -.8522044711547364, 1011.228385756036, 
 200.0000000000000, -.7934317490061338E-03, .1040605311647997E-02, -.7934317490061339, 1040.605311647997, 
 200.0000000000000, -.7346590268575313E-03, .1069982911452355E-02, -.7346590268575313, 1069.982911452355, 
 200.0000000000000, -.6758863047089288E-03, .1099361185175675E-02, -.6758863047089287, 1099.361185175675, 
 200.0000000000000, -.6171135825603262E-03, .1128740132824501E-02, -.6171135825603262, 1128.740132824501, 
 200.0000000000000, -.5583408604117237E-03, .1158119754403261E-02, -.5583408604117237, 1158.119754403261, 
 200.0000000000000, -.4995681382631212E-03, .1187500049917631E-02, -.4995681382631211, 1187.500049917631, 
 200.0000000000000, -.4407954161145186E-03, .1216881019371208E-02, -.4407954161145186, 1216.881019371208, 
 200.0000000000000, -.3820226939659161E-03, .1246262662769391E-02, -.3820226939659161, 1246.262662769391, 
 200.0000000000000, -.3232499718173135E-03, .1275644980114825E-02, -.3232499718173135, 1275.644980114825, 
 200.0000000000000, -.2644772496687110E-03, .1305027971410253E-02, -.2644772496687110, 1305.027971410253, 
 200.0000000000000, -.2057045275201093E-03, .1334411636659486E-02, -.2057045275201093, 1334.411636659486, 
 200.0000000000000, -.1469318053715068E-03, .1363795975861522E-02, -.1469318053715068, 1363.795975861522, 
 200.0000000000000, -.8815908322290424E-04, .1393180989021328E-02, -.8815908322290425E-01, 1393.180989021328, 
 200.0000000000000, -.2938636107430170E-04, .1422566676135220E-02, -.2938636107430170E-01, 1422.566676135220, 
 200.0000000000000, .2938636107430084E-04, .000000000000000, .2938636107430084E-01, .000000000000000, 
 200.0000000000000, .8815908322290338E-04, .000000000000000, .8815908322290338E-01, .000000000000000, 
 200.0000000000000, .1469318053715059E-03, .000000000000000, .1469318053715059, .000000000000000, 
 200.0000000000000, .2057045275201085E-03, .000000000000000, .2057045275201085, .000000000000000, 
 200.0000000000000, .2644772496687110E-03, .000000000000000, .2644772496687110, .000000000000000, 
 200.0000000000000, .3232499718173135E-03, .000000000000000, .3232499718173135, .000000000000000, 
 200.0000000000000, .3820226939659161E-03, .000000000000000, .3820226939659161, .000000000000000, 
 200.0000000000000, .4407954161145186E-03, .000000000000000, .4407954161145186, .000000000000000, 
 200.0000000000000, .4995681382631212E-03, .000000000000000, .4995681382631211, .000000000000000, 
 200.0000000000000, .5583408604117228E-03, .000000000000000, .5583408604117228, .000000000000000, 
 200.0000000000000, .6171135825603254E-03, .000000000000000, .6171135825603253, .000000000000000, 
 200.0000000000000, .6758863047089279E-03, .000000000000000, .6758863047089279, .000000000000000, 
 200.0000000000000, .7346590268575304E-03, .000000000000000, .7346590268575305, .000000000000000, 
 200.0000000000000, .7934317490061330E-03, .000000000000000, .7934317490061330, .000000000000000, 
 200.0000000000000, .8522044711547355E-03, .000000000000000, .8522044711547355, .000000000000000, 
 200.0000000000000, .9109771933033381E-03, .000000000000000, .9109771933033380, .000000000000000, 
 200.0000000000000, .9697499154519406E-03, .000000000000000, .9697499154519406, .000000000000000, 
 200.0000000000000, .1028522637600543E-02, .000000000000000, 1.028522637600543, .000000000000000, 
 200.0000000000000, .1087295359749146E-02, .000000000000000, 1.087295359749146, .000000000000000, 
 200.0000000000000, .1146068081897748E-02, .000000000000000, 1.146068081897748, .000000000000000, 
 200.0000000000000, .1204840804046351E-02, .000000000000000, 1.204840804046351, .000000000000000, 
 200.0000000000000, .1263613526194953E-02, .000000000000000, 1.263613526194953, .000000000000000, 
 200.0000000000000, .1322386248343555E-02, .000000000000000, 1.322386248343555, .000000000000000, 
 200.0000000000000, .1381158970492158E-02, .000000000000000, 1.381158970492157, .000000000000000, 
 200.0000000000000, .1439931692640760E-02, .000000000000000, 1.439931692640760, .000000000000000, 
 200.0000000000000, .1498704414789363E-02, .000000000000000, 1.498704414789363, .000000000000000, 
 200.0000000000000, .1557477136937965E-02, .000000000000000, 1.557477136937965, .000000000000000, 
 200.0000000000000, .1616249859086568E-02, .000000000000000, 1.616249859086568, .000000000000000, 
 200.0000000000000, .1675022581235170E-02, .000000000000000, 1.675022581235170, .000000000000000, 
 200.0000000000000, .1733795303383773E-02, .000000000000000, 1.733795303383773, .000000000000000, 
 200.0000000000000, .1792568025532375E-02, .000000000000000, 1.792568025532375, .000000000000000, 
 200.0000000000000, .1851340747680978E-02, .000000000000000, 1.851340747680978, .000000000000000, 
 200.0000000000000, .1910113469829580E-02, .000000000000000, 1.910113469829580, .000000000000000, 
 200.0000000000000, .1968886191978182E-02, .000000000000000, 1.968886191978182, .000000000000000, 
 200.0000000000000, .2027658914126785E-02, .000000000000000, 2.027658914126786, .000000000000000, 
 200.0000000000000, .2086431636275387E-02, .000000000000000, 2.086431636275387, .000000000000000, 
 200.0000000000000, .2145204358423991E-02, .000000000000000, 2.145204358423991, .000000000000000, 
 200.0000000000000, .2203977080572592E-02, .000000000000000, 2.203977080572592, .000000000000000, 
 200.0000000000000, .2262749802721196E-02, .000000000000000, 2.262749802721196, .000000000000000, 
 200.0000000000000, .2321522524869797E-02, .000000000000000, 2.321522524869797, .000000000000000, 
 200.0000000000000, .2380295247018401E-02, .000000000000000, 2.380295247018401, .000000000000000, 
 200.0000000000000, .2439067969167002E-02, .000000000000000, 2.439067969167002, .000000000000000, 
 200.0000000000000, .2497840691315604E-02, .000000000000000, 2.497840691315604, .000000000000000, 
 200.0000000000000, .2556613413464207E-02, .000000000000000, 2.556613413464207, .000000000000000, 
 200.0000000000000, .2615386135612809E-02, .000000000000000, 2.615386135612809, .000000000000000, 
 200.0000000000000, .2674158857761413E-02, .000000000000000, 2.674158857761412, .000000000000000, 
 200.0000000000000, .2732931579910014E-02, .000000000000000, 2.732931579910014, .000000000000000, 
 200.0000000000000, .2791704302058618E-02, .000000000000000, 2.791704302058617, .000000000000000, 
 200.0000000000000, .2850477024207219E-02, .000000000000000, 2.850477024207219, .000000000000000, 
 200.0000000000000, .2909249746355823E-02, .000000000000000, 2.909249746355822, .000000000000000, 
 200.0000000000000, .2968022468504424E-02, .000000000000000, 2.968022468504425, .000000000000000, 
 200.0000000000000, .3026795190653028E-02, .000000000000000, 3.026795190653028, .000000000000000, 
 200.0000000000000, .3085567912801629E-02, .000000000000000, 3.085567912801630, .000000000000000, 
 200.0000000000000, .3144340634950233E-02, .000000000000000, 3.144340634950233, .000000000000000, 
 200.0000000000000, .3203113357098834E-02, .000000000000000, 3.203113357098835, .000000000000000, 
 200.0000000000000, .3261886079247436E-02, .000000000000000, 3.261886079247436, .000000000000000, 
 200.0000000000000, .3320658801396040E-02, .000000000000000, 3.320658801396040, .000000000000000, 
 200.0000000000000, .3379431523544641E-02, .000000000000000, 3.379431523544641, .000000000000000, 
 200.0000000000000, .3438204245693245E-02, .000000000000000, 3.438204245693245, .000000000000000, 
 200.0000000000000, .3496976967841846E-02, .000000000000000, 3.496976967841846, .000000000000000, 
 200.0000000000000, .3555749689990450E-02, .000000000000000, 3.555749689990450, .000000000000000, 
 200.0000000000000, .3614522412139051E-02, .000000000000000, 3.614522412139051, .000000000000000, 
 200.0000000000000, .3673295134287655E-02, .000000000000000, 3.673295134287655, .000000000000000, 
 200.0000000000000, .3732067856436256E-02, .000000000000000, 3.732067856436256, .000000000000000, 
 200.0000000000000, .3790840578584860E-02, .000000000000000, 3.790840578584860, .000000000000000, 
 200.0000000000000, .3849613300733462E-02, .000000000000000, 3.849613300733461, .000000000000000, 
 200.0000000000000, .3908386022882065E-02, .000000000000000, 3.908386022882065, .000000000000000, 
 200.0000000000000, .3967158745030667E-02, .000000000000000, 3.967158745030666, .000000000000000, 
 200.0000000000000, .4025931467179268E-02, .000000000000000, 4.025931467179269, .000000000000000, 
 200.0000000000000, .4084704189327872E-02, .000000000000000, 4.084704189327872, .000000000000000, 
 200.0000000000000, .4143476911476473E-02, .000000000000000, 4.143476911476474, .000000000000000, 
 200.0000000000000, .4202249633625077E-02, .000000000000000, 4.202249633625077, .000000000000000, 
 200.0000000000000, .4261022355773678E-02, .000000000000000, 4.261022355773679, .000000000000000, 
 200.0000000000000, .4319795077922282E-02, .000000000000000, 4.319795077922282, .000000000000000, 
 200.0000000000000, .4378567800070884E-02, .000000000000000, 4.378567800070884, .000000000000000, 
 200.0000000000000, .4437340522219487E-02, .000000000000000, 4.437340522219487, .000000000000000, 
 200.0000000000000, .4496113244368089E-02, .000000000000000, 4.496113244368089, .000000000000000, 
 200.0000000000000, .4554885966516692E-02, .000000000000000, 4.554885966516692, .000000000000000, 
 200.0000000000000, .4613658688665294E-02, .000000000000000, 4.613658688665294, .000000000000000, 
 200.0000000000000, .4672431410813897E-02, .000000000000000, 4.672431410813897, .000000000000000, 
 200.0000000000000, .4731204132962499E-02, .000000000000000, 4.731204132962499, .000000000000000, 
 200.0000000000000, .4789976855111100E-02, .000000000000000, 4.789976855111100, .000000000000000, 
 200.0000000000000, .4848749577259704E-02, .000000000000000, 4.848749577259704, .000000000000000, 
 200.0000000000000, .4907522299408306E-02, .000000000000000, 4.907522299408305, .000000000000000, 
 200.0000000000000, .4966295021556909E-02, .000000000000000, 4.966295021556909, .000000000000000, 
 200.0000000000000, .5025067743705511E-02, .000000000000000, 5.025067743705510, .000000000000000, 
 200.0000000000000, .5083840465854114E-02, .000000000000000, 5.083840465854114, .000000000000000, 
 200.0000000000000, .5142613188002716E-02, .000000000000000, 5.142613188002715, .000000000000000, 
 200.0000000000000, .5201385910151319E-02, .000000000000000, 5.201385910151319, .000000000000000, 
 200.0000000000000, .5260158632299921E-02, .000000000000000, 5.260158632299921, .000000000000000, 
 200.0000000000000, .5318931354448524E-02, .000000000000000, 5.318931354448524, .000000000000000, 
 200.0000000000000, .5377704076597126E-02, .000000000000000, 5.377704076597126, .000000000000000, 
 200.0000000000000, .5436476798745728E-02, .000000000000000, 5.436476798745727, .000000000000000, 
 200.0000000000000, .5495249520894331E-02, .000000000000000, 5.495249520894331, .000000000000000, 
 200.0000000000000, .5554022243042933E-02, .000000000000000, 5.554022243042932, .000000000000000, 
 200.0000000000000, .5612794965191536E-02, .000000000000000, 5.612794965191536, .000000000000000, 
 200.0000000000000, .5671567687340138E-02, .000000000000000, 5.671567687340137, .000000000000000, 
 200.0000000000000, .5730340409488741E-02, .000000000000000, 5.730340409488741, .000000000000000, 
 200.0000000000000, .5789113131637343E-02, .000000000000000, 5.789113131637343, .000000000000000, 
 200.0000000000000, .5847885853785946E-02, .000000000000000, 5.847885853785947, .000000000000000, 
 250.0000000000000, -.5847885853785946E-02, .000000000000000, -5.847885853785947, .000000000000000, 
 250.0000000000000, -.5789113131637344E-02, .000000000000000, -5.789113131637343, .000000000000000, 
 250.0000000000000, -.5730340409488741E-02, .000000000000000, -5.730340409488741, .000000000000000, 
 250.0000000000000, -.5671567687340139E-02, .000000000000000, -5.671567687340138, .000000000000000, 
 250.0000000000000, -.5612794965191536E-02, .000000000000000, -5.612794965191536, .000000000000000, 
 250.0000000000000, -.5554022243042933E-02, .000000000000000, -5.554022243042933, .000000000000000, 
 250.0000000000000, -.5495249520894332E-02, .000000000000000, -5.495249520894331, .000000000000000, 
 250.0000000000000, -.5436476798745729E-02, .000000000000000, -5.436476798745729, .000000000000000, 
 250.0000000000000, -.5377704076597127E-02, .000000000000000, -5.377704076597126, .000000000000000, 
 250.0000000000000, -.5318931354448524E-02, .000000000000000, -5.318931354448524, .000000000000000, 
 250.0000000000000, -.5260158632299922E-02, .000000000000000, -5.260158632299921, .000000000000000, 
 250.0000000000000, -.5201385910151319E-02, .000000000000000, -5.201385910151319, .000000000000000, 
 250.0000000000000, -.5142613188002717E-02, .000000000000000, -5.142613188002716, .000000000000000, 
 250.0000000000000, -.5083840465854114E-02, .000000000000000, -5.083840465854114, .000000000000000, 
 250.0000000000000, -.5025067743705511E-02, .000000000000000, -5.025067743705511, .000000000000000, 
 250.0000000000000, -.4966295021556909E-02, .000000000000000, -4.966295021556909, .000000000000000, 
 250.0000000000000, -.4907522299408306E-02, .000000000000000, -4.907522299408306, .000000000000000, 
 250.0000000000000, -.4848749577259704E-02, .000000000000000, -4.848749577259704, .000000000000000, 
 250.0000000000000, -.4789976855111101E-02, .000000000000000, -4.789976855111101, .000000000000000, 
 250.0000000000000, -.4731204132962500E-02, .000000000000000, -4.731204132962500, .000000000000000, 
 250.0000000000000, -.4672431410813896E-02, .000000000000000, -4.672431410813896, .000000000000000, 
 250.0000000000000, -.4613658688665295E-02, .000000000000000, -4.613658688665295, .000000000000000, 
 250.0000000000000, -.4554885966516692E-02, .000000000000000, -4.554885966516692, .000000000000000, 
 250.0000000000000, -.4496113244368089E-02, .000000000000000, -4.496113244368090, .000000000000000, 
 250.0000000000000, -.4437340522219487E-02, .000000000000000, -4.437340522219487, .000000000000000, 
 250.0000000000000, -.4378567800070884E-02, .000000000000000, -4.378567800070885, .000000000000000, 
 250.0000000000000, -.4319795077922282E-02, .000000000000000, -4.319795077922282, .000000000000000, 
 250.0000000000000, -.4261022355773679E-02, .000000000000000, -4.261022355773679, .000000000000000, 
 250.0000000000000, -.4202249633625077E-02, .000000000000000, -4.202249633625077, .000000000000000, 
 250.0000000000000, -.4143476911476474E-02, .000000000000000, -4.143476911476474, .000000000000000, 
 250.0000000000000, -.4084704189327872E-02, .000000000000000, -4.084704189327872, .000000000000000, 
 250.0000000000000, -.4025931467179269E-02, .000000000000000, -4.025931467179269, .000000000000000, 
 250.0000000000000, -.3967158745030668E-02, .000000000000000, -3.967158745030667, .000000000000000, 
 250.0000000000000, -.3908386022882064E-02, .000000000000000, -3.908386022882064, .000000000000000, 
 250.0000000000000, -.3849613300733462E-02, .000000000000000, -3.849613300733462, .000000000000000, 
 250.0000000000000, -.3790840578584859E-02, .000000000000000, -3.790840578584859, .000000000000000, 
 250.0000000000000, -.3732067856436257E-02, .1701226008642641E-04, -3.732067856436257, 17.01226008642641, 
 250.0000000000000, -.3673295134287655E-02, .4636517869658109E-04, -3.673295134287655, 46.36517869658109, 
 250.0000000000000, -.3614522412139052E-02, .7571862775381800E-04, -3.614522412139052, 75.71862775381800, 
 250.0000000000000, -.3555749689990450E-02, .1050726072765407E-03, -3.555749689990450, 105.0726072765407, 
 250.0000000000000, -.3496976967841847E-02, .1344271172832445E-03, -3.496976967841847, 134.4271172832445, 
 250.0000000000000, -.3438204245693245E-02, .1637821577915782E-03, -3.438204245693245, 163.7821577915782, 
 250.0000000000000, -.3379431523544643E-02, .1931377288192545E-03, -3.379431523544643, 193.1377288192545, 
 250.0000000000000, -.3320658801396040E-02, .2224938303835533E-03, -3.320658801396040, 222.4938303835533, 
 250.0000000000000, -.3261886079247437E-02, .2518504625016424E-03, -3.261886079247438, 251.8504625016424, 
 250.0000000000000, -.3203113357098835E-02, .2812076251899082E-03, -3.203113357098835, 281.2076251899082, 
 250.0000000000000, -.3144340634950232E-02, .3105653184650824E-03, -3.144340634950233, 310.5653184650824, 
 250.0000000000000, -.3085567912801630E-02, .3399235423431466E-03, -3.085567912801630, 339.9235423431466, 
 250.0000000000000, -.3026795190653028E-02, .3692822968399693E-03, -3.026795190653028, 369.2822968399693, 
 250.0000000000000, -.2968022468504425E-02, .3986415819709665E-03, -2.968022468504425, 398.6415819709665, 
 250.0000000000000, -.2909249746355823E-02, .4280013977515900E-03, -2.909249746355822, 428.0013977515900, 
 250.0000000000000, -.2850477024207220E-02, .4573617441965210E-03, -2.850477024207220, 457.3617441965210, 
 250.0000000000000, -.2791704302058618E-02, .4867226213206016E-03, -2.791704302058617, 486.7226213206015, 
 250.0000000000000, -.2732931579910015E-02, .5160840291379877E-03, -2.732931579910015, 516.0840291379877, 
 250.0000000000000, -.2674158857761413E-02, .5454459676628125E-03, -2.674158857761412, 545.4459676628124, 
 250.0000000000000, -.2615386135612810E-02, .5748084369088373E-03, -2.615386135612810, 574.8084369088374, 
 250.0000000000000, -.2556613413464208E-02, .6041714368893777E-03, -2.556613413464208, 604.1714368893777, 
 250.0000000000000, -.2497840691315605E-02, .6335349676176088E-03, -2.497840691315605, 633.5349676176088, 
 250.0000000000000, -.2439067969167003E-02, .6628990291063878E-03, -2.439067969167003, 662.8990291063877, 
 250.0000000000000, -.2380295247018400E-02, .6922636213684518E-03, -2.380295247018400, 692.2636213684518, 
 250.0000000000000, -.2321522524869798E-02, .7216287444157591E-03, -2.321522524869798, 721.6287444157590, 
 250.0000000000000, -.2262749802721196E-02, .7509943982602430E-03, -2.262749802721196, 750.9943982602430, 
 250.0000000000000, -.2203977080572593E-02, .7803605829138501E-03, -2.203977080572593, 780.3605829138502, 
 250.0000000000000, -.2145204358423991E-02, .8097272983876918E-03, -2.145204358423991, 809.7272983876918, 
 250.0000000000000, -.2086431636275388E-02, .8390945446928545E-03, -2.086431636275388, 839.0945446928545, 
 250.0000000000000, -.2027658914126785E-02, .8684623218402106E-03, -2.027658914126786, 868.4623218402106, 
 250.0000000000000, -.1968886191978183E-02, .8978306298400171E-03, -1.968886191978183, 897.8306298400171, 
 250.0000000000000, -.1910113469829580E-02, .9271994687024759E-03, -1.910113469829580, 927.1994687024759, 
 250.0000000000000, -.1851340747680978E-02, .9565688384375986E-03, -1.851340747680978, 956.5688384375986, 
 250.0000000000000, -.1792568025532375E-02, .9859387390548195E-03, -1.792568025532375, 985.9387390548195, 
 250.0000000000000, -.1733795303383773E-02, .1015309170563495E-02, -1.733795303383773, 1015.309170563495, 
 250.0000000000000, -.1675022581235171E-02, .1044680132972243E-02, -1.675022581235171, 1044.680132972243, 
 250.0000000000000, -.1616249859086569E-02, .1074051626290301E-02, -1.616249859086569, 1074.051626290301, 
 250.0000000000000, -.1557477136937966E-02, .1103423650525599E-02, -1.557477136937966, 1103.423650525599, 
 250.0000000000000, -.1498704414789363E-02, .1132796205686405E-02, -1.498704414789364, 1132.796205686405, 
 250.0000000000000, -.1439931692640761E-02, .1162169291780230E-02, -1.439931692640761, 1162.169291780230, 
 250.0000000000000, -.1381158970492158E-02, .1191542908814680E-02, -1.381158970492158, 1191.542908814680, 
 250.0000000000000, -.1322386248343556E-02, .1220917056797150E-02, -1.322386248343556, 1220.917056797150, 
 250.0000000000000, -.1263613526194953E-02, .1250291735734297E-02, -1.263613526194953, 1250.291735734297, 
 250.0000000000000, -.1204840804046351E-02, .1279666945632796E-02, -1.204840804046351, 1279.666945632796, 
 250.0000000000000, -.1146068081897748E-02, .1309042686498670E-02, -1.146068081897748, 1309.042686498670, 
 250.0000000000000, -.1087295359749146E-02, .1338418958338126E-02, -1.087295359749146, 1338.418958338126, 
 250.0000000000000, -.1028522637600543E-02, .1367795761156846E-02, -1.028522637600543, 1367.795761156846, 
 250.0000000000000, -.9697499154519406E-03, .1397173094960073E-02, -.9697499154519406, 1397.173094960074, 
 250.0000000000000, -.9109771933033389E-03, .1426550959752799E-02, -.9109771933033389, 1426.550959752799, 
 250.0000000000000, -.8522044711547364E-03, .1455929355540152E-02, -.8522044711547364, 1455.929355540152, 
 250.0000000000000, -.7934317490061338E-03, .1485308282326717E-02, -.7934317490061339, 1485.308282326717, 
 250.0000000000000, -.7346590268575313E-03, .1514687740115952E-02, -.7346590268575313, 1514.687740115952, 
 250.0000000000000, -.6758863047089288E-03, .1544067728912008E-02, -.6758863047089287, 1544.067728912008, 
 250.0000000000000, -.6171135825603262E-03, .1573448248719109E-02, -.6171135825603262, 1573.448248719109, 
 250.0000000000000, -.5583408604117237E-03, .1602829299539685E-02, -.5583408604117237, 1602.829299539685, 
 250.0000000000000, -.4995681382631212E-03, .1632210881377379E-02, -.4995681382631211, 1632.210881377379, 
 250.0000000000000, -.4407954161145186E-03, .1661592994234201E-02, -.4407954161145186, 1661.592994234201, 
 250.0000000000000, -.3820226939659161E-03, .1690975638113197E-02, -.3820226939659161, 1690.975638113197, 
 250.0000000000000, -.3232499718173135E-03, .1720358813016455E-02, -.3232499718173135, 1720.358813016455, 
 250.0000000000000, -.2644772496687110E-03, .1749742518944757E-02, -.2644772496687110, 1749.742518944757, 
 250.0000000000000, -.2057045275201093E-03, .1779126755901499E-02, -.2057045275201093, 1779.126755901499, 
 250.0000000000000, -.1469318053715068E-03, .1808511523885879E-02, -.1469318053715068, 1808.511523885879, 
 250.0000000000000, -.8815908322290424E-04, .1837896822900522E-02, -.8815908322290425E-01, 1837.896822900522, 
 250.0000000000000, -.2938636107430170E-04, .1867282652945947E-02, -.2938636107430170E-01, 1867.282652945947, 
 250.0000000000000, .2938636107430084E-04, .000000000000000, .2938636107430084E-01, .000000000000000, 
 250.0000000000000, .8815908322290338E-04, .000000000000000, .8815908322290338E-01, .000000000000000, 
 250.0000000000000, .1469318053715059E-03, .000000000000000, .1469318053715059, .000000000000000, 
 250.0000000000000, .2057045275201085E-03, .000000000000000, .2057045275201085, .000000000000000, 
 250.0000000000000, .2644772496687110E-03, .000000000000000, .2644772496687110, .000000000000000, 
 250.0000000000000, .3232499718173135E-03, .000000000000000, .3232499718173135, .000000000000000, 
 250.0000000000000, .3820226939659161E-03, .000000000000000, .3820226939659161, .000000000000000, 
 250.0000000000000, .4407954161145186E-03, .000000000000000, .4407954161145186, .000000000000000, 
 250.0000000000000, .4995681382631212E-03, .000000000000000, .4995681382631211, .000000000000000, 
 250.0000000000000, .5583408604117228E-03, .000000000000000, .5583408604117228, .000000000000000, 
 250.0000000000000, .6171135825603254E-03, .000000000000000, .6171135825603253, .000000000000000, 
 250.0000000000000, .6758863047089279E-03, .000000000000000, .6758863047089279, .000000000000000, 
 250.0000000000000, .7346590268575304E-03, .000000000000000, .7346590268575305, .000000000000000, 
 250.0000000000000, .7934317490061330E-03, .000000000000000, .7934317490061330, .000000000000000, 
 250.0000000000000, .8522044711547355E-03, .000000000000000, .8522044711547355, .000000000000000, 
 250.0000000000000, .9109771933033381E-03, .000000000000000, .9109771933033380, .000000000000000, 
 250.0000000000000, .9697499154519406E-03, .000000000000000, .9697499154519406, .000000000000000, 
 250.0000000000000, .1028522637600543E-02, .000000000000000, 1.028522637600543, .000000000000000, 
 250.0000000000000, .1087295359749146E-02, .000000000000000, 1.087295359749146, .000000000000000, 
 250.0000000000000, .1146068081897748E-02, .000000000000000, 1.146068081897748, .000000000000000, 
 250.0000000000000, .1204840804046351E-02, .000000000000000, 1.204840804046351, .000000000000000, 
 250.0000000000000, .1263613526194953E-02, .000000000000000, 1.263613526194953, .000000000000000, 
 250.0000000000000, .1322386248343555E-02, .000000000000000, 1.322386248343555, .000000000000000, 
 250.0000000000000, .1381158970492158E-02, .000000000000000, 1.381158970492157, .000000000000000, 
 250.0000000000000, .1439931692640760E-02, .000000000000000, 1.439931692640760, .000000000000000, 
 250.0000000000000, .1498704414789363E-02, .000000000000000, 1.498704414789363, .000000000000000, 
 250.0000000000000, .1557477136937965E-02, .000000000000000, 1.557477136937965, .000000000000000, 
 250.0000000000000, .1616249859086568E-02, .000000000000000, 1.616249859086568, .000000000000000, 
 250.0000000000000, .1675022581235170E-02, .000000000000000, 1.675022581235170, .000000000000000, 
 250.0000000000000, .1733795303383773E-02, .000000000000000, 1.733795303383773, .000000000000000, 
 250.0000000000000, .1792568025532375E-02, .000000000000000, 1.792568025532375, .000000000000000, 
 250.0000000000000, .1851340747680978E-02, .000000000000000, 1.851340747680978, .000000000000000, 
 250.0000000000000, .1910113469829580E-02, .000000000000000, 1.910113469829580, .000000000000000, 
 250.0000000000000, .1968886191978182E-02, .000000000000000, 1.968886191978182, .000000000000000, 
 250.0000000000000, .2027658914126785E-02, .000000000000000, 2.027658914126786, .000000000000000, 
 250.0000000000000, .2086431636275387E-02, .000000000000000, 2.086431636275387, .000000000000000, 
 250.0000000000000, .2145204358423991E-02, .000000000000000, 2.145204358423991, .000000000000000, 
 250.0000000000000, .2203977080572592E-02, .000000000000000, 2.203977080572592, .000000000000000, 
 250.0000000000000, .2262749802721196E-02, .000000000000000, 2.262749802721196, .000000000000000, 
 250.0000000000000, .2321522524869797E-02, .000000000000000, 2.321522524869797, .000000000000000, 
 250.0000000000000, .2380295247018401E-02, .000000000000000, 2.380295247018401, .000000000000000, 
 250.0000000000000, .2439067969167002E-02, .000000000000000, 2.439067969167002, .000000000000000, 
 250.0000000000000, .2497840691315604E-02, .000000000000000, 2.497840691315604, .000000000000000, 
 250.0000000000000, .2556613413464207E-02, .000000000000000, 2.556613413464207, .000000000000000, 
 250.0000000000000, .2615386135612809E-02, .000000000000000, 2.615386135612809, .000000000000000, 
 250.0000000000000, .2674158857761413E-02, .000000000000000, 2.674158857761412, .000000000000000, 
 250.0000000000000, .2732931579910014E-02, .000000000000000, 2.732931579910014, .000000000000000, 
 250.0000000000000, .2791704302058618E-02, .000000000000000, 2.791704302058617, .000000000000000, 
 250.0000000000000, .2850477024207219E-02, .000000000000000, 2.850477024207219, .000000000000000, 
 250.0000000000000, .2909249746355823E-02, .000000000000000, 2.909249746355822, .000000000000000, 
 250.0000000000000, .2968022468504424E-02, .000000000000000, 2.968022468504425, .000000000000000, 
 250.0000000000000, .3026795190653028E-02, .000000000000000, 3.026795190653028, .000000000000000, 
 250.0000000000000, .3085567912801629E-02, .000000000000000, 3.085567912801630, .000000000000000, 
 250.0000000000000, .3144340634950233E-02, .000000000000000, 3.144340634950233, .000000000000000, 
 250.0000000000000, .3203113357098834E-02, .000000000000000, 3.203113357098835, .000000000000000, 
 250.0000000000000, .3261886079247436E-02, .000000000000000, 3.261886079247436, .000000000000000, 
 250.0000000000000, .3320658801396040E-02, .000000000000000, 3.320658801396040, .000000000000000, 
 250.0000000000000, .3379431523544641E-02, .000000000000000, 3.379431523544641, .000000000000000, 
 250.0000000000000, .3438204245693245E-02, .000000000000000, 3.438204245693245, .000000000000000, 
 250.0000000000000, .3496976967841846E-02, .000000000000000, 3.496976967841846, .000000000000000, 
 250.0000000000000, .3555749689990450E-02, .000000000000000, 3.555749689990450, .000000000000000, 
 250.0000000000000, .3614522412139051E-02, .000000000000000, 3.614522412139051, .000000000000000, 
 250.0000000000000, .3673295134287655E-02, .000000000000000, 3.673295134287655, .000000000000000, 
 250.0000000000000, .3732067856436256E-02, .000000000000000, 3.732067856436256, .000000000000000, 
 250.0000000000000, .3790840578584860E-02, .000000000000000, 3.790840578584860, .000000000000000, 
 250.0000000000000, .3849613300733462E-02, .000000000000000, 3.849613300733461, .000000000000000, 
 250.0000000000000, .3908386022882065E-02, .000000000000000, 3.908386022882065, .000000000000000, 
 250.0000000000000, .3967158745030667E-02, .000000000000000, 3.967158745030666, .000000000000000, 
 250.0000000000000, .4025931467179268E-02, .000000000000000, 4.025931467179269, .000000000000000, 
 250.0000000000000, .4084704189327872E-02, .000000000000000, 4.084704189327872, .000000000000000, 
 250.0000000000000, .4143476911476473E-02, .000000000000000, 4.143476911476474, .000000000000000, 
 250.0000000000000, .4202249633625077E-02, .000000000000000, 4.202249633625077, .000000000000000, 
 250.0000000000000, .4261022355773678E-02, .000000000000000, 4.261022355773679, .000000000000000, 
 250.0000000000000, .4319795077922282E-02, .000000000000000, 4.319795077922282, .000000000000000, 
 250.0000000000000, .4378567800070884E-02, .000000000000000, 4.378567800070884, .000000000000000, 
 250.0000000000000, .4437340522219487E-02, .000000000000000, 4.437340522219487, .000000000000000, 
 250.0000000000000, .4496113244368089E-02, .000000000000000, 4.496113244368089, .000000000000000, 
 250.0000000000000, .4554885966516692E-02, .000000000000000, 4.554885966516692, .000000000000000, 
 250.0000000000000, .4613658688665294E-02, .000000000000000, 4.613658688665294, .000000000000000, 
 250.0000000000000, .4672431410813897E-02, .000000000000000, 4.672431410813897, .000000000000000, 
 250.0000000000000, .4731204132962499E-02, .000000000000000, 4.731204132962499, .000000000000000, 
 250.0000000000000, .4789976855111100E-02, .000000000000000, 4.789976855111100, .000000000000000, 
 250.0000000000000, .4848749577259704E-02, .000000000000000, 4.848749577259704, .000000000000000, 
 250.0000000000000, .4907522299408306E-02, .000000000000000, 4.907522299408305, .000000000000000, 
 250.0000000000000, .4966295021556909E-02, .000000000000000, 4.966295021556909, .000000000000000, 
 250.0000000000000, .5025067743705511E-02, .000000000000000, 5.025067743705510, .000000000000000, 
 250.0000000000000, .5083840465854114E-02, .000000000000000, 5.083840465854114, .000000000000000, 
 250.0000000000000, .5142613188002716E-02, .000000000000000, 5.142613188002715, .000000000000000, 
 250.0000000000000, .5201385910151319E-02, .000000000000000, 5.201385910151319, .000000000000000, 
 250.0000000000000, .5260158632299921E-02, .000000000000000, 5.260158632299921, .000000000000000, 
 250.0000000000000, .5318931354448524E-02, .000000000000000, 5.318931354448524, .000000000000000, 
 250.0000000000000, .5377704076597126E-02, .000000000000000, 5.377704076597126, .000000000000000, 
 250.0000000000000, .5436476798745728E-02, .000000000000000, 5.436476798745727, .000000000000000, 
 250.0000000000000, .5495249520894331E-02, .000000000000000, 5.495249520894331, .000000000000000, 
 250.0000000000000, .5554022243042933E-02, .000000000000000, 5.554022243042932, .000000000000000, 
 250.0000000000000, .5612794965191536E-02, .000000000000000, 5.612794965191536, .000000000000000, 
 250.0000000000000, .5671567687340138E-02, .000000000000000, 5.671567687340137, .000000000000000, 
 250.0000000000000, .5730340409488741E-02, .000000000000000, 5.730340409488741, .000000000000000, 
 250.0000000000000, .5789113131637343E-02, .000000000000000, 5.789113131637343, .000000000000000, 
 250.0000000000000, .5847885853785946E-02, .000000000000000, 5.847885853785947, .000000000000000, 
 300.0000000000000, -.5847885853785946E-02, .000000000000000, -5.847885853785947, .000000000000000, 
 300.0000000000000, -.5789113131637344E-02, .000000000000000, -5.789113131637343, .000000000000000, 
 300.0000000000000, -.5730340409488741E-02, .000000000000000, -5.730340409488741, .000000000000000, 
 300.0000000000000, -.5671567687340139E-02, .000000000000000, -5.671567687340138, .000000000000000, 
 300.0000000000000, -.5612794965191536E-02, .000000000000000, -5.612794965191536, .000000000000000, 
 300.0000000000000, -.5554022243042933E-02, .000000000000000, -5.554022243042933, .000000000000000, 
 300.0000000000000, -.5495249520894332E-02, .000000000000000, -5.495249520894331, .000000000000000, 
 300.0000000000000, -.5436476798745729E-02, .000000000000000, -5.436476798745729, .000000000000000, 
 300.0000000000000, -.5377704076597127E-02, .000000000000000, -5.377704076597126, .000000000000000, 
 300.0000000000000, -.5318931354448524E-02, .000000000000000, -5.318931354448524, .000000000000000, 
 300.0000000000000, -.5260158632299922E-02, .000000000000000, -5.260158632299921, .000000000000000, 
 300.0000000000000, -.5201385910151319E-02, .000000000000000, -5.201385910151319, .000000000000000, 
 300.0000000000000, -.5142613188002717E-02, .000000000000000, -5.142613188002716, .000000000000000, 
 300.0000000000000, -.5083840465854114E-02, .000000000000000, -5.083840465854114, .000000000000000, 
 300.0000000000000, -.5025067743705511E-02, .000000000000000, -5.025067743705511, .000000000000000, 
 300.0000000000000, -.4966295021556909E-02, .000000000000000, -4.966295021556909, .000000000000000, 
 300.0000000000000, -.4907522299408306E-02, .000000000000000, -4.907522299408306, .000000000000000, 
 300.0000000000000, -.4848749577259704E-02, .000000000000000, -4.848749577259704, .000000000000000, 
 300.0000000000000, -.4789976855111101E-02, .000000000000000, -4.789976855111101, .000000000000000, 
 300.0000000000000, -.4731204132962500E-02, .000000000000000, -4.731204132962500, .000000000000000, 
 300.0000000000000, -.4672431410813896E-02, .4349643045804581E-05, -4.672431410813896, 4.349643045804581, 
 300.0000000000000, -.4613658688665295E-02, .3370073705910773E-04, -4.613658688665295, 33.70073705910773, 
 300.0000000000000, -.4554885966516692E-02, .6305227715298865E-04, -4.554885966516692, 63.05227715298865, 
 300.0000000000000, -.4496113244368089E-02, .9240426334058799E-04, -4.496113244368090, 92.40426334058799, 
 300.0000000000000, -.4437340522219487E-02, .1217566956343750E-03, -4.437340522219487, 121.7566956343750, 
 300.0000000000000, -.4378567800070884E-02, .1511095740471303E-03, -4.378567800070885, 151.1095740471303, 
 300.0000000000000, -.4319795077922282E-02, .1804628985911271E-03, -4.319795077922282, 180.4628985911271, 
 300.0000000000000, -.4261022355773679E-02, .2098166692786010E-03, -4.261022355773679, 209.8166692786010, 
 300.0000000000000, -.4202249633625077E-02, .2391708861217916E-03, -4.202249633625077, 239.1708861217916, 
 300.0000000000000, -.4143476911476474E-02, .2685255491324341E-03, -4.143476911476474, 268.5255491324340, 
 300.0000000000000, -.4084704189327872E-02, .2978806583223293E-03, -4.084704189327872, 297.8806583223293, 
 300.0000000000000, -.4025931467179269E-02, .3272362137031443E-03, -4.025931467179269, 327.2362137031443, 
 300.0000000000000, -.3967158745030668E-02, .3565922152861454E-03, -3.967158745030667, 356.5922152861455, 
 300.0000000000000, -.3908386022882064E-02, .3859486630827135E-03, -3.908386022882064, 385.9486630827135, 
 300.0000000000000, -.3849613300733462E-02, .4153055571039375E-03, -3.849613300733462, 415.3055571039375, 
 300.0000000000000, -.3790840578584859E-02, .4446628973605228E-03, -3.790840578584859, 444.6628973605228, 
 300.0000000000000, -.3732067856436257E-02, .4740206838635954E-03, -3.732067856436257, 474.0206838635954, 
 300.0000000000000, -.3673295134287655E-02, .5033789166233392E-03, -3.673295134287655, 503.3789166233391, 
 300.0000000000000, -.3614522412139052E-02, .5327375956504894E-03, -3.614522412139052, 532.7375956504893, 
 300.0000000000000, -.3555749689990450E-02, .5620967209553818E-03, -3.555749689990450, 562.0967209553818, 
 300.0000000000000, -.3496976967841847E-02, .5914562925475953E-03, -3.496976967841847, 591.4562925475952, 
 300.0000000000000, -.3438204245693245E-02, .6208163104376856E-03, -3.438204245693245, 620.8163104376856, 
 300.0000000000000, -.3379431523544643E-02, .6501767746349112E-03, -3.379431523544643, 650.1767746349111, 
 300.0000000000000, -.3320658801396040E-02, .6795376851492540E-03, -3.320658801396040, 679.5376851492540, 
 300.0000000000000, -.3261886079247437E-02, .7088990419898780E-03, -3.261886079247438, 708.8990419898780, 
 300.0000000000000, -.3203113357098835E-02, .7382608451662774E-03, -3.203113357098835, 738.2608451662774, 
 300.0000000000000, -.3144340634950232E-02, .7676230946873971E-03, -3.144340634950233, 767.6230946873970, 
 300.0000000000000, -.3085567912801630E-02, .7969857905621780E-03, -3.085567912801630, 796.9857905621780, 
 300.0000000000000, -.3026795190653028E-02, .8263489327995039E-03, -3.026795190653028, 826.3489327995039, 
 300.0000000000000, -.2968022468504425E-02, .8557125214080912E-03, -2.968022468504425, 855.7125214080912, 
 300.0000000000000, -.2909249746355823E-02, .8850765563959563E-03, -2.909249746355822, 885.0765563959562, 
 300.0000000000000, -.2850477024207220E-02, .9144410377716257E-03, -2.850477024207220, 914.4410377716257, 
 300.0000000000000, -.2791704302058618E-02, .9438059655434306E-03, -2.791704302058617, 943.8059655434306, 
 300.0000000000000, -.2732931579910015E-02, .9731713397191047E-03, -2.732931579910015, 973.1713397191047, 
 300.0000000000000, -.2674158857761413E-02, .1002537160306275E-02, -2.674158857761412, 1002.537160306274, 
 300.0000000000000, -.2615386135612810E-02, .1031903427312780E-02, -2.615386135612810, 1031.903427312780, 
 300.0000000000000, -.2556613413464208E-02, .1061270140746127E-02, -2.556613413464208, 1061.270140746127, 
 300.0000000000000, -.2497840691315605E-02, .1090637300613319E-02, -2.497840691315605, 1090.637300613319, 
 300.0000000000000, -.2439067969167003E-02, .1120004906921857E-02, -2.439067969167003, 1120.004906921857, 
 300.0000000000000, -.2380295247018400E-02, .1149372959678398E-02, -2.380295247018400, 1149.372959678398, 
 300.0000000000000, -.2321522524869798E-02, .1178741458889716E-02, -2.321522524869798, 1178.741458889716, 
 300.0000000000000, -.2262749802721196E-02, .1208110404562610E-02, -2.262749802721196, 1208.110404562610, 
 300.0000000000000, -.2203977080572593E-02, .1237479796703529E-02, -2.203977080572593, 1237.479796703529, 
 300.0000000000000, -.2145204358423991E-02, .1266849635318688E-02, -2.145204358423991, 1266.849635318688, 
 300.0000000000000, -.2086431636275388E-02, .1296219920414191E-02, -2.086431636275388, 1296.219920414191, 
 300.0000000000000, -.2027658914126785E-02, .1325590651996055E-02, -2.027658914126786, 1325.590651996055, 
 300.0000000000000, -.1968886191978183E-02, .1354961830070091E-02, -1.968886191978183, 1354.961830070092, 
 300.0000000000000, -.1910113469829580E-02, .1384333454642044E-02, -1.910113469829580, 1384.333454642044, 
 300.0000000000000, -.1851340747680978E-02, .1413705525717072E-02, -1.851340747680978, 1413.705525717073, 
 300.0000000000000, -.1792568025532375E-02, .1443078043300813E-02, -1.792568025532375, 1443.078043300814, 
 300.0000000000000, -.1733795303383773E-02, .1472451007398109E-02, -1.733795303383773, 1472.451007398109, 
 300.0000000000000, -.1675022581235171E-02, .1501824418013964E-02, -1.675022581235171, 1501.824418013964, 
 300.0000000000000, -.1616249859086569E-02, .1531198275153367E-02, -1.616249859086569, 1531.198275153367, 
 300.0000000000000, -.1557477136937966E-02, .1560572578821040E-02, -1.557477136937966, 1560.572578821040, 
 300.0000000000000, -.1498704414789363E-02, .1589947329021195E-02, -1.498704414789364, 1589.947329021195, 
 300.0000000000000, -.1439931692640761E-02, .1619322525758050E-02, -1.439931692640761, 1619.322525758050, 
 300.0000000000000, -.1381158970492158E-02, .1648698169036234E-02, -1.381158970492158, 1648.698169036234, 
 300.0000000000000, -.1322386248343556E-02, .1678074258858972E-02, -1.322386248343556, 1678.074258858972, 
 300.0000000000000, -.1263613526194953E-02, .1707450795231025E-02, -1.263613526194953, 1707.450795231025, 
 300.0000000000000, -.1204840804046351E-02, .1736827778155131E-02, -1.204840804046351, 1736.827778155131, 
 300.0000000000000, -.1146068081897748E-02, .1766205207635204E-02, -1.146068081897748, 1766.205207635204, 
 300.0000000000000, -.1087295359749146E-02, .1795583083674739E-02, -1.087295359749146, 1795.583083674739, 
 300.0000000000000, -.1028522637600543E-02, .1824961406276521E-02, -1.028522637600543, 1824.961406276521, 
 300.0000000000000, -.9697499154519406E-03, .1854340175443617E-02, -.9697499154519406, 1854.340175443617, 
 300.0000000000000, -.9109771933033389E-03, .1883719391179010E-02, -.9109771933033389, 1883.719391179010, 
 300.0000000000000, -.8522044711547364E-03, .1913099053485196E-02, -.8522044711547364, 1913.099053485196, 
 300.0000000000000, -.7934317490061338E-03, .1942479162364876E-02, -.7934317490061339, 1942.479162364876, 
 300.0000000000000, -.7346590268575313E-03, .1971859717819877E-02, -.7346590268575313, 1971.859717819877, 
 300.0000000000000, -.6758863047089288E-03, .2001240719853129E-02, -.6758863047089287, 2001.240719853129, 
 300.0000000000000, -.6171135825603262E-03, .2030622168466069E-02, -.6171135825603262, 2030.622168466069, 
 300.0000000000000, -.5583408604117237E-03, .2060004063660493E-02, -.5583408604117237, 2060.004063660493, 
 300.0000000000000, -.4995681382631212E-03, .2089386405437609E-02, -.4995681382631211, 2089.386405437609, 
 300.0000000000000, -.4407954161145186E-03, .2118769193800624E-02, -.4407954161145186, 2118.769193800624, 
 300.0000000000000, -.3820226939659161E-03, .2148152428748841E-02, -.3820226939659161, 2148.152428748841, 
 300.0000000000000, -.3232499718173135E-03, .2177536110284448E-02, -.3232499718173135, 2177.536110284448, 
 300.0000000000000, -.2644772496687110E-03, .2206920238408468E-02, -.2644772496687110, 2206.920238408468, 
 300.0000000000000, -.2057045275201093E-03, .2236304813120943E-02, -.2057045275201093, 2236.304813120943, 
 300.0000000000000, -.1469318053715068E-03, .2265689834425073E-02, -.1469318053715068, 2265.689834425074, 
 300.0000000000000, -.8815908322290424E-04, .2295075302318514E-02, -.8815908322290425E-01, 2295.075302318514, 
 300.0000000000000, -.2938636107430170E-04, .2324461216801038E-02, -.2938636107430170E-01, 2324.461216801039, 
 300.0000000000000, .2938636107430084E-04, .000000000000000, .2938636107430084E-01, .000000000000000, 
 300.0000000000000, .8815908322290338E-04, .000000000000000, .8815908322290338E-01, .000000000000000, 
 300.0000000000000, .1469318053715059E-03, .000000000000000, .1469318053715059, .000000000000000, 
 300.0000000000000, .2057045275201085E-03, .000000000000000, .2057045275201085, .000000000000000, 
 300.0000000000000, .2644772496687110E-03, .000000000000000, .2644772496687110, .000000000000000, 
 300.0000000000000, .3232499718173135E-03, .000000000000000, .3232499718173135, .000000000000000, 
 300.0000000000000, .3820226939659161E-03, .000000000000000, .3820226939659161, .000000000000000, 
 300.0000000000000, .4407954161145186E-03, .000000000000000, .4407954161145186, .000000000000000, 
 300.0000000000000, .4995681382631212E-03, .000000000000000, .4995681382631211, .000000000000000, 
 300.0000000000000, .5583408604117228E-03, .000000000000000, .5583408604117228, .000000000000000, 
 300.0000000000000, .6171135825603254E-03, .000000000000000, .6171135825603253, .000000000000000, 
 300.0000000000000, .6758863047089279E-03, .000000000000000, .6758863047089279, .000000000000000, 
 300.0000000000000, .7346590268575304E-03, .000000000000000, .7346590268575305, .000000000000000, 
 300.0000000000000, .7934317490061330E-03, .000000000000000, .7934317490061330, .000000000000000, 
 300.0000000000000, .8522044711547355E-03, .000000000000000, .8522044711547355, .000000000000000, 
 300.0000000000000, .9109771933033381E-03, .000000000000000, .9109771933033380, .000000000000000, 
 300.0000000000000, .9697499154519406E-03, .000000000000000, .9697499154519406, .000000000000000, 
 300.0000000000000, .1028522637600543E-02, .000000000000000, 1.028522637600543, .000000000000000, 
 300.0000000000000, .1087295359749146E-02, .000000000000000, 1.087295359749146, .000000000000000, 
 300.0000000000000, .1146068081897748E-02, .000000000000000, 1.146068081897748, .000000000000000, 
 300.0000000000000, .1204840804046351E-02, .000000000000000, 1.204840804046351, .000000000000000, 
 300.0000000000000, .1263613526194953E-02, .000000000000000, 1.263613526194953, .000000000000000, 
 300.0000000000000, .1322386248343555E-02, .000000000000000, 1.322386248343555, .000000000000000, 
 300.0000000000000, .1381158970492158E-02, .000000000000000, 1.381158970492157, .000000000000000, 
 300.0000000000000, .1439931692640760E-02, .000000000000000, 1.439931692640760, .000000000000000, 
 300.0000000000000, .1498704414789363E-02, .000000000000000, 1.498704414789363, .000000000000000, 
 300.0000000000000, .1557477136937965E-02, .000000000000000, 1.557477136937965, .000000000000000, 
 300.0000000000000, .1616249859086568E-02, .000000000000000, 1.616249859086568, .000000000000000, 
 300.0000000000000, .1675022581235170E-02, .000000000000000, 1.675022581235170, .000000000000000, 
 300.0000000000000, .1733795303383773E-02, .000000000000000, 1.733795303383773, .000000000000000, 
 300.0000000000000, .1792568025532375E-02, .000000000000000, 1.792568025532375, .000000000000000, 
 300.0000000000000, .1851340747680978E-02, .000000000000000, 1.851340747680978, .000000000000000, 
 300.0000000000000, .1910113469829580E-02, .000000000000000, 1.910113469829580, .000000000000000, 
 300.0000000000000, .1968886191978182E-02, .000000000000000, 1.968886191978182, .000000000000000, 
 300.0000000000000, .2027658914126785E-02, .000000000000000, 2.027658914126786, .000000000000000, 
 300.0000000000000, .2086431636275387E-02, .000000000000000, 2.086431636275387, .000000000000000, 
 300.0000000000000, .2145204358423991E-02, .000000000000000, 2.145204358423991, .000000000000000, 
 300.0000000000000, .2203977080572592E-02, .000000000000000, 2.203977080572592, .000000000000000, 
 300.0000000000000, .2262749802721196E-02, .000000000000000, 2.262749802721196, .000000000000000, 
 300.0000000000000, .2321522524869797E-02, .000000000000000, 2.321522524869797, .000000000000000, 
 300.0000000000000, .2380295247018401E-02, .000000000000000, 2.380295247018401, .000000000000000, 
 300.0000000000000, .2439067969167002E-02, .000000000000000, 2.439067969167002, .000000000000000, 
 300.0000000000000, .2497840691315604E-02, .000000000000000, 2.497840691315604, .000000000000000, 
 300.0000000000000, .2556613413464207E-02, .000000000000000, 2.556613413464207, .000000000000000, 
 300.0000000000000, .2615386135612809E-02, .000000000000000, 2.615386135612809, .000000000000000, 
 300.0000000000000, .2674158857761413E-02, .000000000000000, 2.674158857761412, .000000000000000, 
 300.0000000000000, .2732931579910014E-02, .000000000000000, 2.732931579910014, .000000000000000, 
 300.0000000000000, .2791704302058618E-02, .000000000000000, 2.791704302058617, .000000000000000, 
 300.0000000000000, .2850477024207219E-02, .000000000000000, 2.850477024207219, .000000000000000, 
 300.0000000000000, .2909249746355823E-02, .000000000000000, 2.909249746355822, .000000000000000, 
 300.0000000000000, .2968022468504424E-02, .000000000000000, 2.968022468504425, .000000000000000, 
 300.0000000000000, .3026795190653028E-02, .000000000000000, 3.026795190653028, .000000000000000, 
 300.0000000000000, .3085567912801629E-02, .000000000000000, 3.085567912801630, .000000000000000, 
 300.0000000000000, .3144340634950233E-02, .000000000000000, 3.144340634950233, .000000000000000, 
 300.0000000000000, .3203113357098834E-02, .000000000000000, 3.203113357098835, .000000000000000, 
 300.0000000000000, .3261886079247436E-02, .000000000000000, 3.261886079247436, .000000000000000, 
 300.0000000000000, .3320658801396040E-02, .000000000000000, 3.320658801396040, .000000000000000, 
 300.0000000000000, .3379431523544641E-02, .000000000000000, 3.379431523544641, .000000000000000, 
 300.0000000000000, .3438204245693245E-02, .000000000000000, 3.438204245693245, .000000000000000, 
 300.0000000000000, .3496976967841846E-02, .000000000000000, 3.496976967841846, .000000000000000, 
 300.0000000000000, .3555749689990450E-02, .000000000000000, 3.555749689990450, .000000000000000, 
 300.0000000000000, .3614522412139051E-02, .000000000000000, 3.614522412139051, .000000000000000, 
 300.0000000000000, .3673295134287655E-02, .000000000000000, 3.673295134287655, .000000000000000, 
 300.0000000000000, .3732067856436256E-02, .000000000000000, 3.732067856436256, .000000000000000, 
 300.0000000000000, .3790840578584860E-02, .000000000000000, 3.790840578584860, .000000000000000, 
 300.0000000000000, .3849613300733462E-02, .000000000000000, 3.849613300733461, .000000000000000, 
 300.0000000000000, .3908386022882065E-02, .000000000000000, 3.908386022882065, .000000000000000, 
 300.0000000000000, .3967158745030667E-02, .000000000000000, 3.967158745030666, .000000000000000, 
 300.0000000000000, .4025931467179268E-02, .000000000000000, 4.025931467179269, .000000000000000, 
 300.0000000000000, .4084704189327872E-02, .000000000000000, 4.084704189327872, .000000000000000, 
 300.0000000000000, .4143476911476473E-02, .000000000000000, 4.143476911476474, .000000000000000, 
 300.0000000000000, .4202249633625077E-02, .000000000000000, 4.202249633625077, .000000000000000, 
 300.0000000000000, .4261022355773678E-02, .000000000000000, 4.261022355773679, .000000000000000, 
 300.0000000000000, .4319795077922282E-02, .000000000000000, 4.319795077922282, .000000000000000, 
 300.0000000000000, .4378567800070884E-02, .000000000000000, 4.378567800070884, .000000000000000, 
 300.0000000000000, .4437340522219487E-02, .000000000000000, 4.437340522219487, .000000000000000, 
 300.0000000000000, .4496113244368089E-02, .000000000000000, 4.496113244368089, .000000000000000, 
 300.0000000000000, .4554885966516692E-02, .000000000000000, 4.554885966516692, .000000000000000, 
 300.0000000000000, .4613658688665294E-02, .000000000000000, 4.613658688665294, .000000000000000, 
 300.0000000000000, .4672431410813897E-02, .000000000000000, 4.672431410813897, .000000000000000, 
 300.0000000000000, .4731204132962499E-02, .000000000000000, 4.731204132962499, .000000000000000, 
 300.0000000000000, .4789976855111100E-02, .000000000000000, 4.789976855111100, .000000000000000, 
 300.0000000000000, .4848749577259704E-02, .000000000000000, 4.848749577259704, .000000000000000, 
 300.0000000000000, .4907522299408306E-02, .000000000000000, 4.907522299408305, .000000000000000, 
 300.0000000000000, .4966295021556909E-02, .000000000000000, 4.966295021556909, .000000000000000, 
 300.0000000000000, .5025067743705511E-02, .000000000000000, 5.025067743705510, .000000000000000, 
 300.0000000000000, .5083840465854114E-02, .000000000000000, 5.083840465854114, .000000000000000, 
 300.0000000000000, .5142613188002716E-02, .000000000000000, 5.142613188002715, .000000000000000, 
 300.0000000000000, .5201385910151319E-02, .000000000000000, 5.201385910151319, .000000000000000, 
 300.0000000000000, .5260158632299921E-02, .000000000000000, 5.260158632299921, .000000000000000, 
 300.0000000000000, .5318931354448524E-02, .000000000000000, 5.318931354448524, .000000000000000, 
 300.0000000000000, .5377704076597126E-02, .000000000000000, 5.377704076597126, .000000000000000, 
 300.0000000000000, .5436476798745728E-02, .000000000000000, 5.436476798745727, .000000000000000, 
 300.0000000000000, .5495249520894331E-02, .000000000000000, 5.495249520894331, .000000000000000, 
 300.0000000000000, .5554022243042933E-02, .000000000000000, 5.554022243042932, .000000000000000, 
 300.0000000000000, .5612794965191536E-02, .000000000000000, 5.612794965191536, .000000000000000, 
 300.0000000000000, .5671567687340138E-02, .000000000000000, 5.671567687340137, .000000000000000, 
 300.0000000000000, .5730340409488741E-02, .000000000000000, 5.730340409488741, .000000000000000, 
 300.0000000000000, .5789113131637343E-02, .000000000000000, 5.789113131637343, .000000000000000, 
 300.0000000000000, .5847885853785946E-02, .000000000000000, 5.847885853785947, .000000000000000, 
 350.0000000000000, -.5847885853785946E-02, .000000000000000, -5.847885853785947, .000000000000000, 
 350.0000000000000, -.5789113131637344E-02, .000000000000000, -5.789113131637343, .000000000000000, 
 350.0000000000000, -.5730340409488741E-02, .000000000000000, -5.730340409488741, .000000000000000, 
 350.0000000000000, -.5671567687340139E-02, .2405564555378402E-04, -5.671567687340138, 24.05564555378402, 
 350.0000000000000, -.5612794965191536E-02, .5340250881429875E-04, -5.612794965191536, 53.40250881429876, 
 350.0000000000000, -.5554022243042933E-02, .8274978328587594E-04, -5.554022243042933, 82.74978328587595, 
 350.0000000000000, -.5495249520894332E-02, .1120974689756471E-03, -5.495249520894331, 112.0974689756471, 
 350.0000000000000, -.5436476798745729E-02, .1414455658901771E-03, -5.436476798745729, 141.4455658901771, 
 350.0000000000000, -.5377704076597127E-02, .1707940740368116E-03, -5.377704076597126, 170.7940740368117, 
 350.0000000000000, -.5318931354448524E-02, .2001429934222769E-03, -5.318931354448524, 200.1429934222769, 
 350.0000000000000, -.5260158632299922E-02, .2294923240533814E-03, -5.260158632299921, 229.4923240533814, 
 350.0000000000000, -.5201385910151319E-02, .2588420659365338E-03, -5.201385910151319, 258.8420659365338, 
 350.0000000000000, -.5142613188002717E-02, .2881922190783907E-03, -5.142613188002716, 288.1922190783907, 
 350.0000000000000, -.5083840465854114E-02, .3175427834858255E-03, -5.083840465854114, 317.5427834858255, 
 350.0000000000000, -.5025067743705511E-02, .3468937591649169E-03, -5.025067743705511, 346.8937591649169, 
 350.0000000000000, -.4966295021556909E-02, .3762451461222530E-03, -4.966295021556909, 376.2451461222529, 
 350.0000000000000, -.4907522299408306E-02, .4055969443639605E-03, -4.907522299408306, 405.5969443639605, 
 350.0000000000000, -.4848749577259704E-02, .4349491538964586E-03, -4.848749577259704, 434.9491538964587, 
 350.0000000000000, -.4789976855111101E-02, .4643017747257709E-03, -4.789976855111101, 464.3017747257709, 
 350.0000000000000, -.4731204132962500E-02, .4936548068580168E-03, -4.731204132962500, 493.6548068580167, 
 350.0000000000000, -.4672431410813896E-02, .5230082502990848E-03, -4.672431410813896, 523.0082502990848, 
 350.0000000000000, -.4613658688665295E-02, .5523621050552773E-03, -4.613658688665295, 552.3621050552773, 
 350.0000000000000, -.4554885966516692E-02, .5817163711321141E-03, -4.554885966516692, 581.7163711321141, 
 350.0000000000000, -.4496113244368089E-02, .6110710485353726E-03, -4.496113244368090, 611.0710485353726, 
 350.0000000000000, -.4437340522219487E-02, .6404261372712173E-03, -4.437340522219487, 640.4261372712173, 
 350.0000000000000, -.4378567800070884E-02, .6697816373447721E-03, -4.378567800070885, 669.7816373447721, 
 350.0000000000000, -.4319795077922282E-02, .6991375487617529E-03, -4.319795077922282, 699.1375487617529, 
 350.0000000000000, -.4261022355773679E-02, .7284938715277619E-03, -4.261022355773679, 728.4938715277619, 
 350.0000000000000, -.4202249633625077E-02, .7578506056481016E-03, -4.202249633625077, 757.8506056481016, 
 350.0000000000000, -.4143476911476474E-02, .7872077511281173E-03, -4.143476911476474, 787.2077511281174, 
 350.0000000000000, -.4084704189327872E-02, .8165653079731529E-03, -4.084704189327872, 816.5653079731529, 
 350.0000000000000, -.4025931467179269E-02, .8459232761885133E-03, -4.025931467179269, 845.9232761885133, 
 350.0000000000000, -.3967158745030668E-02, .8752816557791417E-03, -3.967158745030667, 875.2816557791417, 
 350.0000000000000, -.3908386022882064E-02, .9046404467500633E-03, -3.908386022882064, 904.6404467500633, 
 350.0000000000000, -.3849613300733462E-02, .9339996491063956E-03, -3.849613300733462, 933.9996491063956, 
 350.0000000000000, -.3790840578584859E-02, .9633592628528961E-03, -3.790840578584859, 963.3592628528961, 
 350.0000000000000, -.3732067856436257E-02, .9927192879945078E-03, -3.732067856436257, 992.7192879945078, 
 350.0000000000000, -.3673295134287655E-02, .1022079724535926E-02, -3.673295134287655, 1022.079724535926, 
 350.0000000000000, -.3614522412139052E-02, .1051440572481990E-02, -3.614522412139052, 1051.440572481990, 
 350.0000000000000, -.3555749689990450E-02, .1080801831837079E-02, -3.555749689990450, 1080.801831837079, 
 350.0000000000000, -.3496976967841847E-02, .1110163502605650E-02, -3.496976967841847, 1110.163502605650, 
 350.0000000000000, -.3438204245693245E-02, .1139525584792534E-02, -3.438204245693245, 1139.525584792534, 
 350.0000000000000, -.3379431523544643E-02, .1168888078401785E-02, -3.379431523544643, 1168.888078401784, 
 350.0000000000000, -.3320658801396040E-02, .1198250983437969E-02, -3.320658801396040, 1198.250983437968, 
 350.0000000000000, -.3261886079247437E-02, .1227614299905061E-02, -3.261886079247438, 1227.614299905061, 
 350.0000000000000, -.3203113357098835E-02, .1256978027807441E-02, -3.203113357098835, 1256.978027807441, 
 350.0000000000000, -.3144340634950232E-02, .1286342167148914E-02, -3.144340634950233, 1286.342167148914, 
 350.0000000000000, -.3085567912801630E-02, .1315706717934000E-02, -3.085567912801630, 1315.706717934000, 
 350.0000000000000, -.3026795190653028E-02, .1345071680166001E-02, -3.026795190653028, 1345.071680166001, 
 350.0000000000000, -.2968022468504425E-02, .1374437053849356E-02, -2.968022468504425, 1374.437053849356, 
 350.0000000000000, -.2909249746355823E-02, .1403802838987224E-02, -2.909249746355822, 1403.802838987224, 
 350.0000000000000, -.2850477024207220E-02, .1433169035583929E-02, -2.850477024207220, 1433.169035583929, 
 350.0000000000000, -.2791704302058618E-02, .1462535643642986E-02, -2.791704302058617, 1462.535643642986, 
 350.0000000000000, -.2732931579910015E-02, .1491902663167738E-02, -2.732931579910015, 1491.902663167738, 
 350.0000000000000, -.2674158857761413E-02, .1521270094161806E-02, -2.674158857761412, 1521.270094161806, 
 350.0000000000000, -.2615386135612810E-02, .1550637936628627E-02, -2.615386135612810, 1550.637936628627, 
 350.0000000000000, -.2556613413464208E-02, .1580006190571470E-02, -2.556613413464208, 1580.006190571470, 
 350.0000000000000, -.2497840691315605E-02, .1609374855993713E-02, -2.497840691315605, 1609.374855993713, 
 350.0000000000000, -.2439067969167003E-02, .1638743932898505E-02, -2.439067969167003, 1638.743932898505, 
 350.0000000000000, -.2380295247018400E-02, .1668113421288946E-02, -2.380295247018400, 1668.113421288946, 
 350.0000000000000, -.2321522524869798E-02, .1697483321168117E-02, -2.321522524869798, 1697.483321168117, 
 350.0000000000000, -.2262749802721196E-02, .1726853632538849E-02, -2.262749802721196, 1726.853632538849, 
 350.0000000000000, -.2203977080572593E-02, .1756224355404347E-02, -2.203977080572593, 1756.224355404348, 
 350.0000000000000, -.2145204358423991E-02, .1785595489767156E-02, -2.145204358423991, 1785.595489767156, 
 350.0000000000000, -.2086431636275388E-02, .1814967035630081E-02, -2.086431636275388, 1814.967035630081, 
 350.0000000000000, -.2027658914126785E-02, .1844338992995913E-02, -2.027658914126786, 1844.338992995913, 
 350.0000000000000, -.1968886191978183E-02, .1873711361867336E-02, -1.968886191978183, 1873.711361867336, 
 350.0000000000000, -.1910113469829580E-02, .1903084142246422E-02, -1.910113469829580, 1903.084142246422, 
 350.0000000000000, -.1851340747680978E-02, .1932457334136069E-02, -1.851340747680978, 1932.457334136069, 
 350.0000000000000, -.1792568025532375E-02, .1961830937538522E-02, -1.792568025532375, 1961.830937538522, 
 350.0000000000000, -.1733795303383773E-02, .1991204952456080E-02, -1.733795303383773, 1991.204952456080, 
 350.0000000000000, -.1675022581235171E-02, .2020579378891202E-02, -1.675022581235171, 2020.579378891202, 
 350.0000000000000, -.1616249859086569E-02, .2049954216845497E-02, -1.616249859086569, 2049.954216845497, 
 350.0000000000000, -.1557477136937966E-02, .2079329466321607E-02, -1.557477136937966, 2079.329466321607, 
 350.0000000000000, -.1498704414789363E-02, .2108705127321306E-02, -1.498704414789364, 2108.705127321306, 
 350.0000000000000, -.1439931692640761E-02, .2138081199846481E-02, -1.439931692640761, 2138.081199846481, 
 350.0000000000000, -.1381158970492158E-02, .2167457683898858E-02, -1.381158970492158, 2167.457683898858, 
 350.0000000000000, -.1322386248343556E-02, .2196834579480626E-02, -1.322386248343556, 2196.834579480626, 
 350.0000000000000, -.1263613526194953E-02, .2226211886593040E-02, -1.263613526194953, 2226.211886593040, 
 350.0000000000000, -.1204840804046351E-02, .2255589605238061E-02, -1.204840804046351, 2255.589605238061, 
 350.0000000000000, -.1146068081897748E-02, .2284967735417263E-02, -1.146068081897748, 2284.967735417263, 
 350.0000000000000, -.1087295359749146E-02, .2314346277132170E-02, -1.087295359749146, 2314.346277132170, 
 350.0000000000000, -.1028522637600543E-02, .2343725230383926E-02, -1.028522637600543, 2343.725230383926, 
 350.0000000000000, -.9697499154519406E-03, .2373104595173746E-02, -.9697499154519406, 2373.104595173746, 
 350.0000000000000, -.9109771933033389E-03, .2402484371503643E-02, -.9109771933033389, 2402.484371503643, 
 350.0000000000000, -.8522044711547364E-03, .2431864559373856E-02, -.8522044711547364, 2431.864559373856, 
 350.0000000000000, -.7934317490061338E-03, .2461245158786384E-02, -.7934317490061339, 2461.245158786384, 
 350.0000000000000, -.7346590268575313E-03, .2490626169741445E-02, -.7346590268575313, 2490.626169741445, 
 350.0000000000000, -.6758863047089288E-03, .2520007592240631E-02, -.6758863047089287, 2520.007592240630, 
 350.0000000000000, -.6171135825603262E-03, .2549389426284179E-02, -.6171135825603262, 2549.389426284180, 
 350.0000000000000, -.5583408604117237E-03, .2578771671873864E-02, -.5583408604117237, 2578.771671873863, 
 350.0000000000000, -.4995681382631212E-03, .2608154329009636E-02, -.4995681382631211, 2608.154329009637, 
 350.0000000000000, -.4407954161145186E-03, .2637537397692657E-02, -.4407954161145186, 2637.537397692657, 
 350.0000000000000, -.3820226939659161E-03, .2666920877923156E-02, -.3820226939659161, 2666.920877923156, 
 350.0000000000000, -.3232499718173135E-03, .2696304769702214E-02, -.3232499718173135, 2696.304769702214, 
 350.0000000000000, -.2644772496687110E-03, .2725689073029116E-02, -.2644772496687110, 2725.689073029116, 
 350.0000000000000, -.2057045275201093E-03, .2755073787905868E-02, -.2057045275201093, 2755.073787905868, 
 350.0000000000000, -.1469318053715068E-03, .2784458914330842E-02, -.1469318053715068, 2784.458914330842, 
 350.0000000000000, -.8815908322290424E-04, .2813844452306986E-02, -.8815908322290425E-01, 2813.844452306986, 
 350.0000000000000, -.2938636107430170E-04, .2843230401829236E-02, -.2938636107430170E-01, 2843.230401829236, 
 350.0000000000000, .2938636107430084E-04, .000000000000000, .2938636107430084E-01, .000000000000000, 
 350.0000000000000, .8815908322290338E-04, .000000000000000, .8815908322290338E-01, .000000000000000, 
 350.0000000000000, .1469318053715059E-03, .000000000000000, .1469318053715059, .000000000000000, 
 350.0000000000000, .2057045275201085E-03, .000000000000000, .2057045275201085, .000000000000000, 
 350.0000000000000, .2644772496687110E-03, .000000000000000, .2644772496687110, .000000000000000, 
 350.0000000000000, .3232499718173135E-03, .000000000000000, .3232499718173135, .000000000000000, 
 350.0000000000000, .3820226939659161E-03, .000000000000000, .3820226939659161, .000000000000000, 
 350.0000000000000, .4407954161145186E-03, .000000000000000, .4407954161145186, .000000000000000, 
 350.0000000000000, .4995681382631212E-03, .000000000000000, .4995681382631211, .000000000000000, 
 350.0000000000000, .5583408604117228E-03, .000000000000000, .5583408604117228, .000000000000000, 
 350.0000000000000, .6171135825603254E-03, .000000000000000, .6171135825603253, .000000000000000, 
 350.0000000000000, .6758863047089279E-03, .000000000000000, .6758863047089279, .000000000000000, 
 350.0000000000000, .7346590268575304E-03, .000000000000000, .7346590268575305, .000000000000000, 
 350.0000000000000, .7934317490061330E-03, .000000000000000, .7934317490061330, .000000000000000, 
 350.0000000000000, .8522044711547355E-03, .000000000000000, .8522044711547355, .000000000000000, 
 350.0000000000000, .9109771933033381E-03, .000000000000000, .9109771933033380, .000000000000000, 
 350.0000000000000, .9697499154519406E-03, .000000000000000, .9697499154519406, .000000000000000, 
 350.0000000000000, .1028522637600543E-02, .000000000000000, 1.028522637600543, .000000000000000, 
 350.0000000000000, .1087295359749146E-02, .000000000000000, 1.087295359749146, .000000000000000, 
 350.0000000000000, .1146068081897748E-02, .000000000000000, 1.146068081897748, .000000000000000, 
 350.0000000000000, .1204840804046351E-02, .000000000000000, 1.204840804046351, .000000000000000, 
 350.0000000000000, .1263613526194953E-02, .000000000000000, 1.263613526194953, .000000000000000, 
 350.0000000000000, .1322386248343555E-02, .000000000000000, 1.322386248343555, .000000000000000, 
 350.0000000000000, .1381158970492158E-02, .000000000000000, 1.381158970492157, .000000000000000, 
 350.0000000000000, .1439931692640760E-02, .000000000000000, 1.439931692640760, .000000000000000, 
 350.0000000000000, .1498704414789363E-02, .000000000000000, 1.498704414789363, .000000000000000, 
 350.0000000000000, .1557477136937965E-02, .000000000000000, 1.557477136937965, .000000000000000, 
 350.0000000000000, .1616249859086568E-02, .000000000000000, 1.616249859086568, .000000000000000, 
 350.0000000000000, .1675022581235170E-02, .000000000000000, 1.675022581235170, .000000000000000, 
 350.0000000000000, .1733795303383773E-02, .000000000000000, 1.733795303383773, .000000000000000, 
 350.0000000000000, .1792568025532375E-02, .000000000000000, 1.792568025532375, .000000000000000, 
 350.0000000000000, .1851340747680978E-02, .000000000000000, 1.851340747680978, .000000000000000, 
 350.0000000000000, .1910113469829580E-02, .000000000000000, 1.910113469829580, .000000000000000, 
 350.0000000000000, .1968886191978182E-02, .000000000000000, 1.968886191978182, .000000000000000, 
 350.0000000000000, .2027658914126785E-02, .000000000000000, 2.027658914126786, .000000000000000, 
 350.0000000000000, .2086431636275387E-02, .000000000000000, 2.086431636275387, .000000000000000, 
 350.0000000000000, .2145204358423991E-02, .000000000000000, 2.145204358423991, .000000000000000, 
 350.0000000000000, .2203977080572592E-02, .000000000000000, 2.203977080572592, .000000000000000, 
 350.0000000000000, .2262749802721196E-02, .000000000000000, 2.262749802721196, .000000000000000, 
 350.0000000000000, .2321522524869797E-02, .000000000000000, 2.321522524869797, .000000000000000, 
 350.0000000000000, .2380295247018401E-02, .000000000000000, 2.380295247018401, .000000000000000, 
 350.0000000000000, .2439067969167002E-02, .000000000000000, 2.439067969167002, .000000000000000, 
 350.0000000000000, .2497840691315604E-02, .000000000000000, 2.497840691315604, .000000000000000, 
 350.0000000000000, .2556613413464207E-02, .000000000000000, 2.556613413464207, .000000000000000, 
 350.0000000000000, .2615386135612809E-02, .000000000000000, 2.615386135612809, .000000000000000, 
 350.0000000000000, .2674158857761413E-02, .000000000000000, 2.674158857761412, .000000000000000, 
 350.0000000000000, .2732931579910014E-02, .000000000000000, 2.732931579910014, .000000000000000, 
 350.0000000000000, .2791704302058618E-02, .000000000000000, 2.791704302058617, .000000000000000, 
 350.0000000000000, .2850477024207219E-02, .000000000000000, 2.850477024207219, .000000000000000, 
 350.0000000000000, .2909249746355823E-02, .000000000000000, 2.909249746355822, .000000000000000, 
 350.0000000000000, .2968022468504424E-02, .000000000000000, 2.968022468504425, .000000000000000, 
 350.0000000000000, .3026795190653028E-02, .000000000000000, 3.026795190653028, .000000000000000, 
 350.0000000000000, .3085567912801629E-02, .000000000000000, 3.085567912801630, .000000000000000, 
 350.0000000000000, .3144340634950233E-02, .000000000000000, 3.144340634950233, .000000000000000, 
 350.0000000000000, .3203113357098834E-02, .000000000000000, 3.203113357098835, .000000000000000, 
 350.0000000000000, .3261886079247436E-02, .000000000000000, 3.261886079247436, .000000000000000, 
 350.0000000000000, .3320658801396040E-02, .000000000000000, 3.320658801396040, .000000000000000, 
 350.0000000000000, .3379431523544641E-02, .000000000000000, 3.379431523544641, .000000000000000, 
 350.0000000000000, .3438204245693245E-02, .000000000000000, 3.438204245693245, .000000000000000, 
 350.0000000000000, .3496976967841846E-02, .000000000000000, 3.496976967841846, .000000000000000, 
 350.0000000000000, .3555749689990450E-02, .000000000000000, 3.555749689990450, .000000000000000, 
 350.0000000000000, .3614522412139051E-02, .000000000000000, 3.614522412139051, .000000000000000, 
 350.0000000000000, .3673295134287655E-02, .000000000000000, 3.673295134287655, .000000000000000, 
 350.0000000000000, .3732067856436256E-02, .000000000000000, 3.732067856436256, .000000000000000, 
 350.0000000000000, .3790840578584860E-02, .000000000000000, 3.790840578584860, .000000000000000, 
 350.0000000000000, .3849613300733462E-02, .000000000000000, 3.849613300733461, .000000000000000, 
 350.0000000000000, .3908386022882065E-02, .000000000000000, 3.908386022882065, .000000000000000, 
 350.0000000000000, .3967158745030667E-02, .000000000000000, 3.967158745030666, .000000000000000, 
 350.0000000000000, .4025931467179268E-02, .000000000000000, 4.025931467179269, .000000000000000, 
 350.0000000000000, .4084704189327872E-02, .000000000000000, 4.084704189327872, .000000000000000, 
 350.0000000000000, .4143476911476473E-02, .000000000000000, 4.143476911476474, .000000000000000, 
 350.0000000000000, .4202249633625077E-02, .000000000000000, 4.202249633625077, .000000000000000, 
 350.0000000000000, .4261022355773678E-02, .000000000000000, 4.261022355773679, .000000000000000, 
 350.0000000000000, .4319795077922282E-02, .000000000000000, 4.319795077922282, .000000000000000, 
 350.0000000000000, .4378567800070884E-02, .000000000000000, 4.378567800070884, .000000000000000, 
 350.0000000000000, .4437340522219487E-02, .000000000000000, 4.437340522219487, .000000000000000, 
 350.0000000000000, .4496113244368089E-02, .000000000000000, 4.496113244368089, .000000000000000, 
 350.0000000000000, .4554885966516692E-02, .000000000000000, 4.554885966516692, .000000000000000, 
 350.0000000000000, .4613658688665294E-02, .000000000000000, 4.613658688665294, .000000000000000, 
 350.0000000000000, .4672431410813897E-02, .000000000000000, 4.672431410813897, .000000000000000, 
 350.0000000000000, .4731204132962499E-02, .000000000000000, 4.731204132962499, .000000000000000, 
 350.0000000000000, .4789976855111100E-02, .000000000000000, 4.789976855111100, .000000000000000, 
 350.0000000000000, .4848749577259704E-02, .000000000000000, 4.848749577259704, .000000000000000, 
 350.0000000000000, .4907522299408306E-02, .000000000000000, 4.907522299408305, .000000000000000, 
 350.0000000000000, .4966295021556909E-02, .000000000000000, 4.966295021556909, .000000000000000, 
 350.0000000000000, .5025067743705511E-02, .000000000000000, 5.025067743705510, .000000000000000, 
 350.0000000000000, .5083840465854114E-02, .000000000000000, 5.083840465854114, .000000000000000, 
 350.0000000000000, .5142613188002716E-02, .000000000000000, 5.142613188002715, .000000000000000, 
 350.0000000000000, .5201385910151319E-02, .000000000000000, 5.201385910151319, .000000000000000, 
 350.0000000000000, .5260158632299921E-02, .000000000000000, 5.260158632299921, .000000000000000, 
 350.0000000000000, .5318931354448524E-02, .000000000000000, 5.318931354448524, .000000000000000, 
 350.0000000000000, .5377704076597126E-02, .000000000000000, 5.377704076597126, .000000000000000, 
 350.0000000000000, .5436476798745728E-02, .000000000000000, 5.436476798745727, .000000000000000, 
 350.0000000000000, .5495249520894331E-02, .000000000000000, 5.495249520894331, .000000000000000, 
 350.0000000000000, .5554022243042933E-02, .000000000000000, 5.554022243042932, .000000000000000, 
 350.0000000000000, .5612794965191536E-02, .000000000000000, 5.612794965191536, .000000000000000, 
 350.0000000000000, .5671567687340138E-02, .000000000000000, 5.671567687340137, .000000000000000, 
 350.0000000000000, .5730340409488741E-02, .000000000000000, 5.730340409488741, .000000000000000, 
 350.0000000000000, .5789113131637343E-02, .000000000000000, 5.789113131637343, .000000000000000, 
 350.0000000000000, .5847885853785946E-02, .000000000000000, 5.847885853785947, .000000000000000, 
 400.0000000000000, -.5847885853785946E-02, .5705404393537577E-03, -5.847885853785947, 570.5404393537577, 
 400.0000000000000, -.5789113131637344E-02, .5998857633766366E-03, -5.789113131637343, 599.8857633766366, 
 400.0000000000000, -.5730340409488741E-02, .6292315018750942E-03, -5.730340409488741, 629.2315018750942, 
 400.0000000000000, -.5671567687340139E-02, .6585776548502949E-03, -5.671567687340138, 658.5776548502949, 
 400.0000000000000, -.5612794965191536E-02, .6879242223032147E-03, -5.612794965191536, 687.9242223032147, 
 400.0000000000000, -.5554022243042933E-02, .7172712042354858E-03, -5.554022243042933, 717.2712042354858, 
 400.0000000000000, -.5495249520894332E-02, .7466186006478991E-03, -5.495249520894331, 746.6186006478991, 
 400.0000000000000, -.5436476798745729E-02, .7759664115416781E-03, -5.436476798745729, 775.9664115416781, 
 400.0000000000000, -.5377704076597127E-02, .8053146369180668E-03, -5.377704076597126, 805.3146369180668, 
 400.0000000000000, -.5318931354448524E-02, .8346632767781220E-03, -5.318931354448524, 834.6632767781221, 
 400.0000000000000, -.5260158632299922E-02, .8640123311231423E-03, -5.260158632299921, 864.0123311231423, 
 400.0000000000000, -.5201385910151319E-02, .8933617999542365E-03, -5.201385910151319, 893.3617999542365, 
 400.0000000000000, -.5142613188002717E-02, .9227116832721736E-03, -5.142613188002716, 922.7116832721737, 
 400.0000000000000, -.5083840465854114E-02, .9520619810785338E-03, -5.083840465854114, 952.0619810785338, 
 400.0000000000000, -.5025067743705511E-02, .9814126933741655E-03, -5.025067743705511, 981.4126933741654, 
 400.0000000000000, -.4966295021556909E-02, .1010763820160207E-02, -4.966295021556909, 1010.763820160207, 
 400.0000000000000, -.4907522299408306E-02, .1040115361437512E-02, -4.907522299408306, 1040.115361437512, 
 400.0000000000000, -.4848749577259704E-02, .1069467317207203E-02, -4.848749577259704, 1069.467317207203, 
 400.0000000000000, -.4789976855111101E-02, .1098819687470472E-02, -4.789976855111101, 1098.819687470472, 
 400.0000000000000, -.4731204132962500E-02, .1128172472228214E-02, -4.731204132962500, 1128.172472228214, 
 400.0000000000000, -.4672431410813896E-02, .1157525671481655E-02, -4.672431410813896, 1157.525671481655, 
 400.0000000000000, -.4613658688665295E-02, .1186879285231489E-02, -4.613658688665295, 1186.879285231489, 
 400.0000000000000, -.4554885966516692E-02, .1216233313478757E-02, -4.554885966516692, 1216.233313478758, 
 400.0000000000000, -.4496113244368089E-02, .1245587756224599E-02, -4.496113244368090, 1245.587756224599, 
 400.0000000000000, -.4437340522219487E-02, .1274942613469961E-02, -4.437340522219487, 1274.942613469961, 
 400.0000000000000, -.4378567800070884E-02, .1304297885215668E-02, -4.378567800070885, 1304.297885215668, 
 400.0000000000000, -.4319795077922282E-02, .1333653571462632E-02, -4.319795077922282, 1333.653571462632, 
 400.0000000000000, -.4261022355773679E-02, .1363009672211820E-02, -4.261022355773679, 1363.009672211819, 
 400.0000000000000, -.4202249633625077E-02, .1392366187464225E-02, -4.202249633625077, 1392.366187464225, 
 400.0000000000000, -.4143476911476474E-02, .1421723117220743E-02, -4.143476911476474, 1421.723117220743, 
 400.0000000000000, -.4084704189327872E-02, .1451080461482147E-02, -4.084704189327872, 1451.080461482147, 
 400.0000000000000, -.4025931467179269E-02, .1480438220249507E-02, -4.025931467179269, 1480.438220249507, 
 400.0000000000000, -.3967158745030668E-02, .1509796393523430E-02, -3.967158745030667, 1509.796393523430, 
 400.0000000000000, -.3908386022882064E-02, .1539154981304996E-02, -3.908386022882064, 1539.154981304996, 
 400.0000000000000, -.3849613300733462E-02, .1568513983594850E-02, -3.849613300733462, 1568.513983594850, 
 400.0000000000000, -.3790840578584859E-02, .1597873400394089E-02, -3.790840578584859, 1597.873400394089, 
 400.0000000000000, -.3732067856436257E-02, .1627233231703121E-02, -3.732067856436257, 1627.233231703121, 
 400.0000000000000, -.3673295134287655E-02, .1656593477523218E-02, -3.673295134287655, 1656.593477523218, 
 400.0000000000000, -.3614522412139052E-02, .1685954137854720E-02, -3.614522412139052, 1685.954137854720, 
 400.0000000000000, -.3555749689990450E-02, .1715315212698752E-02, -3.555749689990450, 1715.315212698752, 
 400.0000000000000, -.3496976967841847E-02, .1744676702055844E-02, -3.496976967841847, 1744.676702055844, 
 400.0000000000000, -.3438204245693245E-02, .1774038605927004E-02, -3.438204245693245, 1774.038605927004, 
 400.0000000000000, -.3379431523544643E-02, .1803400924312653E-02, -3.379431523544643, 1803.400924312653, 
 400.0000000000000, -.3320658801396040E-02, .1832763657213681E-02, -3.320658801396040, 1832.763657213681, 
 400.0000000000000, -.3261886079247437E-02, .1862126804630939E-02, -3.261886079247438, 1862.126804630939, 
 400.0000000000000, -.3203113357098835E-02, .1891490366564795E-02, -3.203113357098835, 1891.490366564796, 
 400.0000000000000, -.3144340634950232E-02, .1920854343016320E-02, -3.144340634950233, 1920.854343016320, 
 400.0000000000000, -.3085567912801630E-02, .1950218733985943E-02, -3.085567912801630, 1950.218733985943, 
 400.0000000000000, -.3026795190653028E-02, .1979583539474486E-02, -3.026795190653028, 1979.583539474486, 
 400.0000000000000, -.2968022468504425E-02, .2008948759482485E-02, -2.968022468504425, 2008.948759482485, 
 400.0000000000000, -.2909249746355823E-02, .2038314394010489E-02, -2.909249746355822, 2038.314394010489, 
 400.0000000000000, -.2850477024207220E-02, .2067680443059394E-02, -2.850477024207220, 2067.680443059393, 
 400.0000000000000, -.2791704302058618E-02, .2097046906629587E-02, -2.791704302058617, 2097.046906629587, 
 400.0000000000000, -.2732931579910015E-02, .2126413784721783E-02, -2.732931579910015, 2126.413784721783, 
 400.0000000000000, -.2674158857761413E-02, .2155781077336379E-02, -2.674158857761412, 2155.781077336379, 
 400.0000000000000, -.2615386135612810E-02, .2185148784474199E-02, -2.615386135612810, 2185.148784474199, 
 400.0000000000000, -.2556613413464208E-02, .2214516906135853E-02, -2.556613413464208, 2214.516906135853, 
 400.0000000000000, -.2497840691315605E-02, .2243885442321834E-02, -2.497840691315605, 2243.885442321834, 
 400.0000000000000, -.2439067969167003E-02, .2273254393032376E-02, -2.439067969167003, 2273.254393032376, 
 400.0000000000000, -.2380295247018400E-02, .2302623758268282E-02, -2.380295247018400, 2302.623758268282, 
 400.0000000000000, -.2321522524869798E-02, .2331993538030029E-02, -2.321522524869798, 2331.993538030029, 
 400.0000000000000, -.2262749802721196E-02, .2361363732318224E-02, -2.262749802721196, 2361.363732318224, 
 400.0000000000000, -.2203977080572593E-02, .2390734341133385E-02, -2.203977080572593, 2390.734341133385, 
 400.0000000000000, -.2145204358423991E-02, .2420105364475590E-02, -2.145204358423991, 2420.105364475589, 
 400.0000000000000, -.2086431636275388E-02, .2449476802345490E-02, -2.086431636275388, 2449.476802345490, 
 400.0000000000000, -.2027658914126785E-02, .2478848654743791E-02, -2.027658914126786, 2478.848654743791, 
 400.0000000000000, -.1968886191978183E-02, .2508220921670827E-02, -1.968886191978183, 2508.220921670827, 
 400.0000000000000, -.1910113469829580E-02, .2537593603127005E-02, -1.910113469829580, 2537.593603127005, 
 400.0000000000000, -.1851340747680978E-02, .2566966699112403E-02, -1.851340747680978, 2566.966699112403, 
 400.0000000000000, -.1792568025532375E-02, .2596340209628019E-02, -1.792568025532375, 2596.340209628019, 
 400.0000000000000, -.1733795303383773E-02, .2625714134673956E-02, -1.733795303383773, 2625.714134673956, 
 400.0000000000000, -.1675022581235171E-02, .2655088474250503E-02, -1.675022581235171, 2655.088474250503, 
 400.0000000000000, -.1616249859086569E-02, .2684463228357893E-02, -1.616249859086569, 2684.463228357893, 
 400.0000000000000, -.1557477136937966E-02, .2713838396997138E-02, -1.557477136937966, 2713.838396997138, 
 400.0000000000000, -.1498704414789363E-02, .2743213980167833E-02, -1.498704414789364, 2743.213980167833, 
 400.0000000000000, -.1439931692640761E-02, .2772589977870538E-02, -1.439931692640761, 2772.589977870538, 
 400.0000000000000, -.1381158970492158E-02, .2801966390105646E-02, -1.381158970492158, 2801.966390105646, 
 400.0000000000000, -.1322386248343556E-02, .2831343216873613E-02, -1.322386248343556, 2831.343216873614, 
 400.0000000000000, -.1263613526194953E-02, .2860720458174372E-02, -1.263613526194953, 2860.720458174372, 
 400.0000000000000, -.1204840804046351E-02, .2890098114008577E-02, -1.204840804046351, 2890.098114008577, 
 400.0000000000000, -.1146068081897748E-02, .2919476184376379E-02, -1.146068081897748, 2919.476184376379, 
 400.0000000000000, -.1087295359749146E-02, .2948854669277677E-02, -1.087295359749146, 2948.854669277677, 
 400.0000000000000, -.1028522637600543E-02, .2978233568713239E-02, -1.028522637600543, 2978.233568713239, 
 400.0000000000000, -.9697499154519406E-03, .3007612882682809E-02, -.9697499154519406, 3007.612882682809, 
 400.0000000000000, -.9109771933033389E-03, .3036992611187009E-02, -.9109771933033389, 3036.992611187009, 
 400.0000000000000, -.8522044711547364E-03, .3066372754225727E-02, -.8522044711547364, 3066.372754225727, 
 400.0000000000000, -.7934317490061338E-03, .3095753311799239E-02, -.7934317490061339, 3095.753311799239, 
 400.0000000000000, -.7346590268575313E-03, .3125134283908065E-02, -.7346590268575313, 3125.134283908065, 
 400.0000000000000, -.6758863047089288E-03, .3154515670551785E-02, -.6758863047089287, 3154.515670551785, 
 400.0000000000000, -.6171135825603262E-03, .3183897471731009E-02, -.6171135825603262, 3183.897471731008, 
 400.0000000000000, -.5583408604117237E-03, .3213279687445419E-02, -.5583408604117237, 3213.279687445419, 
 400.0000000000000, -.4995681382631212E-03, .3242662317696183E-02, -.4995681382631211, 3242.662317696183, 
 400.0000000000000, -.4407954161145186E-03, .3272045362482253E-02, -.4407954161145186, 3272.045362482253, 
 400.0000000000000, -.3820226939659161E-03, .3301428821804051E-02, -.3820226939659161, 3301.428821804051, 
 400.0000000000000, -.3232499718173135E-03, .3330812695661676E-02, -.3232499718173135, 3330.812695661676, 
 400.0000000000000, -.2644772496687110E-03, .3360196984055179E-02, -.2644772496687110, 3360.196984055179, 
 400.0000000000000, -.2057045275201093E-03, .3389581686985274E-02, -.2057045275201093, 3389.581686985274, 
 400.0000000000000, -.1469318053715068E-03, .3418966804451237E-02, -.1469318053715068, 3418.966804451237, 
 400.0000000000000, -.8815908322290424E-04, .3448352336455833E-02, -.8815908322290425E-01, 3448.352336455833, 
 400.0000000000000, -.2938636107430170E-04, .3477738282991054E-02, -.2938636107430170E-01, 3477.738282991054, 
 400.0000000000000, .2938636107430084E-04, .000000000000000, .2938636107430084E-01, .000000000000000, 
 400.0000000000000, .8815908322290338E-04, .000000000000000, .8815908322290338E-01, .000000000000000, 
 400.0000000000000, .1469318053715059E-03, .000000000000000, .1469318053715059, .000000000000000, 
 400.0000000000000, .2057045275201085E-03, .000000000000000, .2057045275201085, .000000000000000, 
 400.0000000000000, .2644772496687110E-03, .000000000000000, .2644772496687110, .000000000000000, 
 400.0000000000000, .3232499718173135E-03, .000000000000000, .3232499718173135, .000000000000000, 
 400.0000000000000, .3820226939659161E-03, .000000000000000, .3820226939659161, .000000000000000, 
 400.0000000000000, .4407954161145186E-03, .000000000000000, .4407954161145186, .000000000000000, 
 400.0000000000000, .4995681382631212E-03, .000000000000000, .4995681382631211, .000000000000000, 
 400.0000000000000, .5583408604117228E-03, .000000000000000, .5583408604117228, .000000000000000, 
 400.0000000000000, .6171135825603254E-03, .000000000000000, .6171135825603253, .000000000000000, 
 400.0000000000000, .6758863047089279E-03, .000000000000000, .6758863047089279, .000000000000000, 
 400.0000000000000, .7346590268575304E-03, .000000000000000, .7346590268575305, .000000000000000, 
 400.0000000000000, .7934317490061330E-03, .000000000000000, .7934317490061330, .000000000000000, 
 400.0000000000000, .8522044711547355E-03, .000000000000000, .8522044711547355, .000000000000000, 
 400.0000000000000, .9109771933033381E-03, .000000000000000, .9109771933033380, .000000000000000, 
 400.0000000000000, .9697499154519406E-03, .000000000000000, .9697499154519406, .000000000000000, 
 400.0000000000000, .1028522637600543E-02, .000000000000000, 1.028522637600543, .000000000000000, 
 400.0000000000000, .1087295359749146E-02, .000000000000000, 1.087295359749146, .000000000000000, 
 400.0000000000000, .1146068081897748E-02, .000000000000000, 1.146068081897748, .000000000000000, 
 400.0000000000000, .1204840804046351E-02, .000000000000000, 1.204840804046351, .000000000000000, 
 400.0000000000000, .1263613526194953E-02, .000000000000000, 1.263613526194953, .000000000000000, 
 400.0000000000000, .1322386248343555E-02, .000000000000000, 1.322386248343555, .000000000000000, 
 400.0000000000000, .1381158970492158E-02, .000000000000000, 1.381158970492157, .000000000000000, 
 400.0000000000000, .1439931692640760E-02, .000000000000000, 1.439931692640760, .000000000000000, 
 400.0000000000000, .1498704414789363E-02, .000000000000000, 1.498704414789363, .000000000000000, 
 400.0000000000000, .1557477136937965E-02, .000000000000000, 1.557477136937965, .000000000000000, 
 400.0000000000000, .1616249859086568E-02, .000000000000000, 1.616249859086568, .000000000000000, 
 400.0000000000000, .1675022581235170E-02, .000000000000000, 1.675022581235170, .000000000000000, 
 400.0000000000000, .1733795303383773E-02, .000000000000000, 1.733795303383773, .000000000000000, 
 400.0000000000000, .1792568025532375E-02, .000000000000000, 1.792568025532375, .000000000000000, 
 400.0000000000000, .1851340747680978E-02, .000000000000000, 1.851340747680978, .000000000000000, 
 400.0000000000000, .1910113469829580E-02, .000000000000000, 1.910113469829580, .000000000000000, 
 400.0000000000000, .1968886191978182E-02, .000000000000000, 1.968886191978182, .000000000000000, 
 400.0000000000000, .2027658914126785E-02, .000000000000000, 2.027658914126786, .000000000000000, 
 400.0000000000000, .2086431636275387E-02, .000000000000000, 2.086431636275387, .000000000000000, 
 400.0000000000000, .2145204358423991E-02, .000000000000000, 2.145204358423991, .000000000000000, 
 400.0000000000000, .2203977080572592E-02, .000000000000000, 2.203977080572592, .000000000000000, 
 400.0000000000000, .2262749802721196E-02, .000000000000000, 2.262749802721196, .000000000000000, 
 400.0000000000000, .2321522524869797E-02, .000000000000000, 2.321522524869797, .000000000000000, 
 400.0000000000000, .2380295247018401E-02, .000000000000000, 2.380295247018401, .000000000000000, 
 400.0000000000000, .2439067969167002E-02, .000000000000000, 2.439067969167002, .000000000000000, 
 400.0000000000000, .2497840691315604E-02, .000000000000000, 2.497840691315604, .000000000000000, 
 400.0000000000000, .2556613413464207E-02, .000000000000000, 2.556613413464207, .000000000000000, 
 400.0000000000000, .2615386135612809E-02, .000000000000000, 2.615386135612809, .000000000000000, 
 400.0000000000000, .2674158857761413E-02, .000000000000000, 2.674158857761412, .000000000000000, 
 400.0000000000000, .2732931579910014E-02, .000000000000000, 2.732931579910014, .000000000000000, 
 400.0000000000000, .2791704302058618E-02, .000000000000000, 2.791704302058617, .000000000000000, 
 400.0000000000000, .2850477024207219E-02, .000000000000000, 2.850477024207219, .000000000000000, 
 400.0000000000000, .2909249746355823E-02, .000000000000000, 2.909249746355822, .000000000000000, 
 400.0000000000000, .2968022468504424E-02, .000000000000000, 2.968022468504425, .000000000000000, 
 400.0000000000000, .3026795190653028E-02, .000000000000000, 3.026795190653028, .000000000000000, 
 400.0000000000000, .3085567912801629E-02, .000000000000000, 3.085567912801630, .000000000000000, 
 400.0000000000000, .3144340634950233E-02, .000000000000000, 3.144340634950233, .000000000000000, 
 400.0000000000000, .3203113357098834E-02, .000000000000000, 3.203113357098835, .000000000000000, 
 400.0000000000000, .3261886079247436E-02, .000000000000000, 3.261886079247436, .000000000000000, 
 400.0000000000000, .3320658801396040E-02, .000000000000000, 3.320658801396040, .000000000000000, 
 400.0000000000000, .3379431523544641E-02, .000000000000000, 3.379431523544641, .000000000000000, 
 400.0000000000000, .3438204245693245E-02, .000000000000000, 3.438204245693245, .000000000000000, 
 400.0000000000000, .3496976967841846E-02, .000000000000000, 3.496976967841846, .000000000000000, 
 400.0000000000000, .3555749689990450E-02, .000000000000000, 3.555749689990450, .000000000000000, 
 400.0000000000000, .3614522412139051E-02, .000000000000000, 3.614522412139051, .000000000000000, 
 400.0000000000000, .3673295134287655E-02, .000000000000000, 3.673295134287655, .000000000000000, 
 400.0000000000000, .3732067856436256E-02, .000000000000000, 3.732067856436256, .000000000000000, 
 400.0000000000000, .3790840578584860E-02, .000000000000000, 3.790840578584860, .000000000000000, 
 400.0000000000000, .3849613300733462E-02, .000000000000000, 3.849613300733461, .000000000000000, 
 400.0000000000000, .3908386022882065E-02, .000000000000000, 3.908386022882065, .000000000000000, 
 400.0000000000000, .3967158745030667E-02, .000000000000000, 3.967158745030666, .000000000000000, 
 400.0000000000000, .4025931467179268E-02, .000000000000000, 4.025931467179269, .000000000000000, 
 400.0000000000000, .4084704189327872E-02, .000000000000000, 4.084704189327872, .000000000000000, 
 400.0000000000000, .4143476911476473E-02, .000000000000000, 4.143476911476474, .000000000000000, 
 400.0000000000000, .4202249633625077E-02, .000000000000000, 4.202249633625077, .000000000000000, 
 400.0000000000000, .4261022355773678E-02, .000000000000000, 4.261022355773679, .000000000000000, 
 400.0000000000000, .4319795077922282E-02, .000000000000000, 4.319795077922282, .000000000000000, 
 400.0000000000000, .4378567800070884E-02, .000000000000000, 4.378567800070884, .000000000000000, 
 400.0000000000000, .4437340522219487E-02, .000000000000000, 4.437340522219487, .000000000000000, 
 400.0000000000000, .4496113244368089E-02, .000000000000000, 4.496113244368089, .000000000000000, 
 400.0000000000000, .4554885966516692E-02, .000000000000000, 4.554885966516692, .000000000000000, 
 400.0000000000000, .4613658688665294E-02, .000000000000000, 4.613658688665294, .000000000000000, 
 400.0000000000000, .4672431410813897E-02, .000000000000000, 4.672431410813897, .000000000000000, 
 400.0000000000000, .4731204132962499E-02, .000000000000000, 4.731204132962499, .000000000000000, 
 400.0000000000000, .4789976855111100E-02, .000000000000000, 4.789976855111100, .000000000000000, 
 400.0000000000000, .4848749577259704E-02, .000000000000000, 4.848749577259704, .000000000000000, 
 400.0000000000000, .4907522299408306E-02, .000000000000000, 4.907522299408305, .000000000000000, 
 400.0000000000000, .4966295021556909E-02, .000000000000000, 4.966295021556909, .000000000000000, 
 400.0000000000000, .5025067743705511E-02, .000000000000000, 5.025067743705510, .000000000000000, 
 400.0000000000000, .5083840465854114E-02, .000000000000000, 5.083840465854114, .000000000000000, 
 400.0000000000000, .5142613188002716E-02, .000000000000000, 5.142613188002715, .000000000000000, 
 400.0000000000000, .5201385910151319E-02, .000000000000000, 5.201385910151319, .000000000000000, 
 400.0000000000000, .5260158632299921E-02, .000000000000000, 5.260158632299921, .000000000000000, 
 400.0000000000000, .5318931354448524E-02, .000000000000000, 5.318931354448524, .000000000000000, 
 400.0000000000000, .5377704076597126E-02, .000000000000000, 5.377704076597126, .000000000000000, 
 400.0000000000000, .5436476798745728E-02, .000000000000000, 5.436476798745727, .000000000000000, 
 400.0000000000000, .5495249520894331E-02, .000000000000000, 5.495249520894331, .000000000000000, 
 400.0000000000000, .5554022243042933E-02, .000000000000000, 5.554022243042932, .000000000000000, 
 400.0000000000000, .5612794965191536E-02, .000000000000000, 5.612794965191536, .000000000000000, 
 400.0000000000000, .5671567687340138E-02, .000000000000000, 5.671567687340137, .000000000000000, 
 400.0000000000000, .5730340409488741E-02, .000000000000000, 5.730340409488741, .000000000000000, 
 400.0000000000000, .5789113131637343E-02, .000000000000000, 5.789113131637343, .000000000000000, 
 400.0000000000000, .5847885853785946E-02, .000000000000000, 5.847885853785947, .000000000000000, 
 450.0000000000000, -.5847885853785946E-02, .1368558776069053E-02, -5.847885853785947, 1368.558776069053, 
 450.0000000000000, -.5789113131637344E-02, .1397901169604196E-02, -5.789113131637343, 1397.901169604196, 
 450.0000000000000, -.5730340409488741E-02, .1427244007344070E-02, -5.730340409488741, 1427.244007344070, 
 450.0000000000000, -.5671567687340139E-02, .1456587289286406E-02, -5.671567687340138, 1456.587289286406, 
 450.0000000000000, -.5612794965191536E-02, .1485931015428116E-02, -5.612794965191536, 1485.931015428116, 
 450.0000000000000, -.5554022243042933E-02, .1515275185766899E-02, -5.554022243042933, 1515.275185766899, 
 450.0000000000000, -.5495249520894332E-02, .1544619800299903E-02, -5.495249520894331, 1544.619800299903, 
 450.0000000000000, -.5436476798745729E-02, .1573964859024650E-02, -5.436476798745729, 1573.964859024650, 
 450.0000000000000, -.5377704076597127E-02, .1603310361938644E-02, -5.377704076597126, 1603.310361938644, 
 450.0000000000000, -.5318931354448524E-02, .1632656309039308E-02, -5.318931354448524, 1632.656309039308, 
 450.0000000000000, -.5260158632299922E-02, .1662002700323899E-02, -5.260158632299921, 1662.002700323899, 
 450.0000000000000, -.5201385910151319E-02, .1691349535790375E-02, -5.201385910151319, 1691.349535790375, 
 450.0000000000000, -.5142613188002717E-02, .1720696815435991E-02, -5.142613188002716, 1720.696815435991, 
 450.0000000000000, -.5083840465854114E-02, .1750044539258400E-02, -5.083840465854114, 1750.044539258399, 
 450.0000000000000, -.5025067743705511E-02, .1779392707255316E-02, -5.025067743705511, 1779.392707255317, 
 450.0000000000000, -.4966295021556909E-02, .1808741319424173E-02, -4.966295021556909, 1808.741319424173, 
 450.0000000000000, -.4907522299408306E-02, .1838090375762802E-02, -4.907522299408306, 1838.090375762802, 
 450.0000000000000, -.4848749577259704E-02, .1867439876268604E-02, -4.848749577259704, 1867.439876268604, 
 450.0000000000000, -.4789976855111101E-02, .1896789820939791E-02, -4.789976855111101, 1896.789820939792, 
 450.0000000000000, -.4731204132962500E-02, .1926140209773800E-02, -4.731204132962500, 1926.140209773800, 
 450.0000000000000, -.4672431410813896E-02, .1955491042768259E-02, -4.672431410813896, 1955.491042768259, 
 450.0000000000000, -.4613658688665295E-02, .1984842319921428E-02, -4.613658688665295, 1984.842319921428, 
 450.0000000000000, -.4554885966516692E-02, .2014194041230687E-02, -4.554885966516692, 2014.194041230687, 
 450.0000000000000, -.4496113244368089E-02, .2043546206694160E-02, -4.496113244368090, 2043.546206694160, 
 450.0000000000000, -.4437340522219487E-02, .2072898816309447E-02, -4.437340522219487, 2072.898816309447, 
 450.0000000000000, -.4378567800070884E-02, .2102251870075109E-02, -4.378567800070885, 2102.251870075108, 
 450.0000000000000, -.4319795077922282E-02, .2131605367988185E-02, -4.319795077922282, 2131.605367988186, 
 450.0000000000000, -.4261022355773679E-02, .2160959310047329E-02, -4.261022355773679, 2160.959310047328, 
 450.0000000000000, -.4202249633625077E-02, .2190313696250101E-02, -4.202249633625077, 2190.313696250101, 
 450.0000000000000, -.4143476911476474E-02, .2219668526594856E-02, -4.143476911476474, 2219.668526594855, 
 450.0000000000000, -.4084704189327872E-02, .2249023801079618E-02, -4.084704189327872, 2249.023801079618, 
 450.0000000000000, -.4025931467179269E-02, .2278379519702318E-02, -4.025931467179269, 2278.379519702318, 
 450.0000000000000, -.3967158745030668E-02, .2307735682460925E-02, -3.967158745030667, 2307.735682460925, 
 450.0000000000000, -.3908386022882064E-02, .2337092289354072E-02, -3.908386022882064, 2337.092289354072, 
 450.0000000000000, -.3849613300733462E-02, .2366449340379345E-02, -3.849613300733462, 2366.449340379344, 
 450.0000000000000, -.3790840578584859E-02, .2395806835535197E-02, -3.790840578584859, 2395.806835535197, 
 450.0000000000000, -.3732067856436257E-02, .2425164774819989E-02, -3.732067856436257, 2425.164774819989, 
 450.0000000000000, -.3673295134287655E-02, .2454523158231620E-02, -3.673295134287655, 2454.523158231620, 
 450.0000000000000, -.3614522412139052E-02, .2483881985768534E-02, -3.614522412139052, 2483.881985768534, 
 450.0000000000000, -.3555749689990450E-02, .2513241257429203E-02, -3.555749689990450, 2513.241257429203, 
 450.0000000000000, -.3496976967841847E-02, .2542600973211757E-02, -3.496976967841847, 2542.600973211757, 
 450.0000000000000, -.3438204245693245E-02, .2571961133114617E-02, -3.438204245693245, 2571.961133114617, 
 450.0000000000000, -.3379431523544643E-02, .2601321737136026E-02, -3.379431523544643, 2601.321737136027, 
 450.0000000000000, -.3320658801396040E-02, .2630682785274719E-02, -3.320658801396040, 2630.682785274719, 
 450.0000000000000, -.3261886079247437E-02, .2660044277528732E-02, -3.261886079247438, 2660.044277528732, 
 450.0000000000000, -.3203113357098835E-02, .2689406213896677E-02, -3.203113357098835, 2689.406213896677, 
 450.0000000000000, -.3144340634950232E-02, .2718768594377213E-02, -3.144340634950233, 2718.768594377213, 
 450.0000000000000, -.3085567912801630E-02, .2748131418968645E-02, -3.085567912801630, 2748.131418968645, 
 450.0000000000000, -.3026795190653028E-02, .2777494687669655E-02, -3.026795190653028, 2777.494687669655, 
 450.0000000000000, -.2968022468504425E-02, .2806858400478741E-02, -2.968022468504425, 2806.858400478742, 
 450.0000000000000, -.2909249746355823E-02, .2836222557394543E-02, -2.909249746355822, 2836.222557394543, 
 450.0000000000000, -.2850477024207220E-02, .2865587158415560E-02, -2.850477024207220, 2865.587158415560, 
 450.0000000000000, -.2791704302058618E-02, .2894952203540718E-02, -2.791704302058617, 2894.952203540718, 
 450.0000000000000, -.2732931579910015E-02, .2924317692768431E-02, -2.732931579910015, 2924.317692768431, 
 450.0000000000000, -.2674158857761413E-02, .2953683626097666E-02, -2.674158857761412, 2953.683626097666, 
 450.0000000000000, -.2615386135612810E-02, .2983050003526849E-02, -2.615386135612810, 2983.050003526849, 
 450.0000000000000, -.2556613413464208E-02, .3012416825055119E-02, -2.556613413464208, 3012.416825055119, 
 450.0000000000000, -.2497840691315605E-02, .3041784090680780E-02, -2.497840691315605, 3041.784090680780, 
 450.0000000000000, -.2439067969167003E-02, .3071151800403250E-02, -2.439067969167003, 3071.151800403250, 
 450.0000000000000, -.2380295247018400E-02, .3100519954220857E-02, -2.380295247018400, 3100.519954220857, 
 450.0000000000000, -.2321522524869798E-02, .3129888552132787E-02, -2.321522524869798, 3129.888552132787, 
 450.0000000000000, -.2262749802721196E-02, .3159257594137907E-02, -2.262749802721196, 3159.257594137907, 
 450.0000000000000, -.2203977080572593E-02, .3188627080235121E-02, -2.203977080572593, 3188.627080235121, 
 450.0000000000000, -.2145204358423991E-02, .3217997010423219E-02, -2.145204358423991, 3217.997010423219, 
 450.0000000000000, -.2086431636275388E-02, .3247367384701293E-02, -2.086431636275388, 3247.367384701293, 
 450.0000000000000, -.2027658914126785E-02, .3276738203068355E-02, -2.027658914126786, 3276.738203068355, 
 450.0000000000000, -.1968886191978183E-02, .3306109465523871E-02, -1.968886191978183, 3306.109465523871, 
 450.0000000000000, -.1910113469829580E-02, .3335481172065985E-02, -1.910113469829580, 3335.481172065985, 
 450.0000000000000, -.1851340747680978E-02, .3364853322694432E-02, -1.851340747680978, 3364.853322694431, 
 450.0000000000000, -.1792568025532375E-02, .3394225917408478E-02, -1.792568025532375, 3394.225917408478, 
 450.0000000000000, -.1733795303383773E-02, .3423598956206940E-02, -1.733795303383773, 3423.598956206939, 
 450.0000000000000, -.1675022581235171E-02, .3452972439089133E-02, -1.675022581235171, 3452.972439089133, 
 450.0000000000000, -.1616249859086569E-02, .3482346366053989E-02, -1.616249859086569, 3482.346366053989, 
 450.0000000000000, -.1557477136937966E-02, .3511720737100898E-02, -1.557477136937966, 3511.720737100899, 
 450.0000000000000, -.1498704414789363E-02, .3541095552229490E-02, -1.498704414789364, 3541.095552229490, 
 450.0000000000000, -.1439931692640761E-02, .3570470811438540E-02, -1.439931692640761, 3570.470811438540, 
 450.0000000000000, -.1381158970492158E-02, .3599846514727903E-02, -1.381158970492158, 3599.846514727903, 
 450.0000000000000, -.1322386248343556E-02, .3629222662096038E-02, -1.322386248343556, 3629.222662096038, 
 450.0000000000000, -.1263613526194953E-02, .3658599253543285E-02, -1.263613526194953, 3658.599253543285, 
 450.0000000000000, -.1204840804046351E-02, .3687976289068333E-02, -1.204840804046351, 3687.976289068333, 
 450.0000000000000, -.1146068081897748E-02, .3717353768670983E-02, -1.146068081897748, 3717.353768670983, 
 450.0000000000000, -.1087295359749146E-02, .3746731692350939E-02, -1.087295359749146, 3746.731692350939, 
 450.0000000000000, -.1028522637600543E-02, .3776110060106813E-02, -1.028522637600543, 3776.110060106813, 
 450.0000000000000, -.9697499154519406E-03, .3805488871939004E-02, -.9697499154519406, 3805.488871939004, 
 450.0000000000000, -.9109771933033389E-03, .3834868127846581E-02, -.9109771933033389, 3834.868127846582, 
 450.0000000000000, -.8522044711547364E-03, .3864247827828874E-02, -.8522044711547364, 3864.247827828874, 
 450.0000000000000, -.7934317490061338E-03, .3893627971886228E-02, -.7934317490061339, 3893.627971886227, 
 450.0000000000000, -.7346590268575313E-03, .3923008560017772E-02, -.7346590268575313, 3923.008560017772, 
 450.0000000000000, -.6758863047089288E-03, .3952389592223261E-02, -.6758863047089287, 3952.389592223260, 
 450.0000000000000, -.6171135825603262E-03, .3981771068502159E-02, -.6171135825603262, 3981.771068502159, 
 450.0000000000000, -.5583408604117237E-03, .4011152988854145E-02, -.5583408604117237, 4011.152988854145, 
 450.0000000000000, -.4995681382631212E-03, .4040535353279611E-02, -.4995681382631211, 4040.535353279611, 
 450.0000000000000, -.4407954161145186E-03, .4069918161776934E-02, -.4407954161145186, 4069.918161776935, 
 450.0000000000000, -.3820226939659161E-03, .4099301414347756E-02, -.3820226939659161, 4099.301414347757, 
 450.0000000000000, -.3232499718173135E-03, .4128685110990638E-02, -.3232499718173135, 4128.685110990637, 
 450.0000000000000, -.2644772496687110E-03, .4158069251705831E-02, -.2644772496687110, 4158.069251705831, 
 450.0000000000000, -.2057045275201093E-03, .4187453836492417E-02, -.2057045275201093, 4187.453836492416, 
 450.0000000000000, -.1469318053715068E-03, .4216838865350769E-02, -.1469318053715068, 4216.838865350769, 
 450.0000000000000, -.8815908322290424E-04, .4246224338279498E-02, -.8815908322290425E-01, 4246.224338279498, 
 450.0000000000000, -.2938636107430170E-04, .4275610255283593E-02, -.2938636107430170E-01, 4275.610255283593, 
 450.0000000000000, .2938636107430084E-04, .000000000000000, .2938636107430084E-01, .000000000000000, 
 450.0000000000000, .8815908322290338E-04, .000000000000000, .8815908322290338E-01, .000000000000000, 
 450.0000000000000, .1469318053715059E-03, .000000000000000, .1469318053715059, .000000000000000, 
 450.0000000000000, .2057045275201085E-03, .000000000000000, .2057045275201085, .000000000000000, 
 450.0000000000000, .2644772496687110E-03, .000000000000000, .2644772496687110, .000000000000000, 
 450.0000000000000, .3232499718173135E-03, .000000000000000, .3232499718173135, .000000000000000, 
 450.0000000000000, .3820226939659161E-03, .000000000000000, .3820226939659161, .000000000000000, 
 450.0000000000000, .4407954161145186E-03, .000000000000000, .4407954161145186, .000000000000000, 
 450.0000000000000, .4995681382631212E-03, .000000000000000, .4995681382631211, .000000000000000, 
 450.0000000000000, .5583408604117228E-03, .000000000000000, .5583408604117228, .000000000000000, 
 450.0000000000000, .6171135825603254E-03, .000000000000000, .6171135825603253, .000000000000000, 
 450.0000000000000, .6758863047089279E-03, .000000000000000, .6758863047089279, .000000000000000, 
 450.0000000000000, .7346590268575304E-03, .000000000000000, .7346590268575305, .000000000000000, 
 450.0000000000000, .7934317490061330E-03, .000000000000000, .7934317490061330, .000000000000000, 
 450.0000000000000, .8522044711547355E-03, .000000000000000, .8522044711547355, .000000000000000, 
 450.0000000000000, .9109771933033381E-03, .000000000000000, .9109771933033380, .000000000000000, 
 450.0000000000000, .9697499154519406E-03, .000000000000000, .9697499154519406, .000000000000000, 
 450.0000000000000, .1028522637600543E-02, .000000000000000, 1.028522637600543, .000000000000000, 
 450.0000000000000, .1087295359749146E-02, .000000000000000, 1.087295359749146, .000000000000000, 
 450.0000000000000, .1146068081897748E-02, .000000000000000, 1.146068081897748, .000000000000000, 
 450.0000000000000, .1204840804046351E-02, .000000000000000, 1.204840804046351, .000000000000000, 
 450.0000000000000, .1263613526194953E-02, .000000000000000, 1.263613526194953, .000000000000000, 
 450.0000000000000, .1322386248343555E-02, .000000000000000, 1.322386248343555, .000000000000000, 
 450.0000000000000, .1381158970492158E-02, .000000000000000, 1.381158970492157, .000000000000000, 
 450.0000000000000, .1439931692640760E-02, .000000000000000, 1.439931692640760, .000000000000000, 
 450.0000000000000, .1498704414789363E-02, .000000000000000, 1.498704414789363, .000000000000000, 
 450.0000000000000, .1557477136937965E-02, .000000000000000, 1.557477136937965, .000000000000000, 
 450.0000000000000, .1616249859086568E-02, .000000000000000, 1.616249859086568, .000000000000000, 
 450.0000000000000, .1675022581235170E-02, .000000000000000, 1.675022581235170, .000000000000000, 
 450.0000000000000, .1733795303383773E-02, .000000000000000, 1.733795303383773, .000000000000000, 
 450.0000000000000, .1792568025532375E-02, .000000000000000, 1.792568025532375, .000000000000000, 
 450.0000000000000, .1851340747680978E-02, .000000000000000, 1.851340747680978, .000000000000000, 
 450.0000000000000, .1910113469829580E-02, .000000000000000, 1.910113469829580, .000000000000000, 
 450.0000000000000, .1968886191978182E-02, .000000000000000, 1.968886191978182, .000000000000000, 
 450.0000000000000, .2027658914126785E-02, .000000000000000, 2.027658914126786, .000000000000000, 
 450.0000000000000, .2086431636275387E-02, .000000000000000, 2.086431636275387, .000000000000000, 
 450.0000000000000, .2145204358423991E-02, .000000000000000, 2.145204358423991, .000000000000000, 
 450.0000000000000, .2203977080572592E-02, .000000000000000, 2.203977080572592, .000000000000000, 
 450.0000000000000, .2262749802721196E-02, .000000000000000, 2.262749802721196, .000000000000000, 
 450.0000000000000, .2321522524869797E-02, .000000000000000, 2.321522524869797, .000000000000000, 
 450.0000000000000, .2380295247018401E-02, .000000000000000, 2.380295247018401, .000000000000000, 
 450.0000000000000, .2439067969167002E-02, .000000000000000, 2.439067969167002, .000000000000000, 
 450.0000000000000, .2497840691315604E-02, .000000000000000, 2.497840691315604, .000000000000000, 
 450.0000000000000, .2556613413464207E-02, .000000000000000, 2.556613413464207, .000000000000000, 
 450.0000000000000, .2615386135612809E-02, .000000000000000, 2.615386135612809, .000000000000000, 
 450.0000000000000, .2674158857761413E-02, .000000000000000, 2.674158857761412, .000000000000000, 
 450.0000000000000, .2732931579910014E-02, .000000000000000, 2.732931579910014, .000000000000000, 
 450.0000000000000, .2791704302058618E-02, .000000000000000, 2.791704302058617, .000000000000000, 
 450.0000000000000, .2850477024207219E-02, .000000000000000, 2.850477024207219, .000000000000000, 
 450.0000000000000, .2909249746355823E-02, .000000000000000, 2.909249746355822, .000000000000000, 
 450.0000000000000, .2968022468504424E-02, .000000000000000, 2.968022468504425, .000000000000000, 
 450.0000000000000, .3026795190653028E-02, .000000000000000, 3.026795190653028, .000000000000000, 
 450.0000000000000, .3085567912801629E-02, .000000000000000, 3.085567912801630, .000000000000000, 
 450.0000000000000, .3144340634950233E-02, .000000000000000, 3.144340634950233, .000000000000000, 
 450.0000000000000, .3203113357098834E-02, .000000000000000, 3.203113357098835, .000000000000000, 
 450.0000000000000, .3261886079247436E-02, .000000000000000, 3.261886079247436, .000000000000000, 
 450.0000000000000, .3320658801396040E-02, .000000000000000, 3.320658801396040, .000000000000000, 
 450.0000000000000, .3379431523544641E-02, .000000000000000, 3.379431523544641, .000000000000000, 
 450.0000000000000, .3438204245693245E-02, .000000000000000, 3.438204245693245, .000000000000000, 
 450.0000000000000, .3496976967841846E-02, .000000000000000, 3.496976967841846, .000000000000000, 
 450.0000000000000, .3555749689990450E-02, .000000000000000, 3.555749689990450, .000000000000000, 
 450.0000000000000, .3614522412139051E-02, .000000000000000, 3.614522412139051, .000000000000000, 
 450.0000000000000, .3673295134287655E-02, .000000000000000, 3.673295134287655, .000000000000000, 
 450.0000000000000, .3732067856436256E-02, .000000000000000, 3.732067856436256, .000000000000000, 
 450.0000000000000, .3790840578584860E-02, .000000000000000, 3.790840578584860, .000000000000000, 
 450.0000000000000, .3849613300733462E-02, .000000000000000, 3.849613300733461, .000000000000000, 
 450.0000000000000, .3908386022882065E-02, .000000000000000, 3.908386022882065, .000000000000000, 
 450.0000000000000, .3967158745030667E-02, .000000000000000, 3.967158745030666, .000000000000000, 
 450.0000000000000, .4025931467179268E-02, .000000000000000, 4.025931467179269, .000000000000000, 
 450.0000000000000, .4084704189327872E-02, .000000000000000, 4.084704189327872, .000000000000000, 
 450.0000000000000, .4143476911476473E-02, .000000000000000, 4.143476911476474, .000000000000000, 
 450.0000000000000, .4202249633625077E-02, .000000000000000, 4.202249633625077, .000000000000000, 
 450.0000000000000, .4261022355773678E-02, .000000000000000, 4.261022355773679, .000000000000000, 
 450.0000000000000, .4319795077922282E-02, .000000000000000, 4.319795077922282, .000000000000000, 
 450.0000000000000, .4378567800070884E-02, .000000000000000, 4.378567800070884, .000000000000000, 
 450.0000000000000, .4437340522219487E-02, .000000000000000, 4.437340522219487, .000000000000000, 
 450.0000000000000, .4496113244368089E-02, .000000000000000, 4.496113244368089, .000000000000000, 
 450.0000000000000, .4554885966516692E-02, .000000000000000, 4.554885966516692, .000000000000000, 
 450.0000000000000, .4613658688665294E-02, .000000000000000, 4.613658688665294, .000000000000000, 
 450.0000000000000, .4672431410813897E-02, .000000000000000, 4.672431410813897, .000000000000000, 
 450.0000000000000, .4731204132962499E-02, .000000000000000, 4.731204132962499, .000000000000000, 
 450.0000000000000, .4789976855111100E-02, .000000000000000, 4.789976855111100, .000000000000000, 
 450.0000000000000, .4848749577259704E-02, .000000000000000, 4.848749577259704, .000000000000000, 
 450.0000000000000, .4907522299408306E-02, .000000000000000, 4.907522299408305, .000000000000000, 
 450.0000000000000, .4966295021556909E-02, .000000000000000, 4.966295021556909, .000000000000000, 
 450.0000000000000, .5025067743705511E-02, .000000000000000, 5.025067743705510, .000000000000000, 
 450.0000000000000, .5083840465854114E-02, .000000000000000, 5.083840465854114, .000000000000000, 
 450.0000000000000, .5142613188002716E-02, .000000000000000, 5.142613188002715, .000000000000000, 
 450.0000000000000, .5201385910151319E-02, .000000000000000, 5.201385910151319, .000000000000000, 
 450.0000000000000, .5260158632299921E-02, .000000000000000, 5.260158632299921, .000000000000000, 
 450.0000000000000, .5318931354448524E-02, .000000000000000, 5.318931354448524, .000000000000000, 
 450.0000000000000, .5377704076597126E-02, .000000000000000, 5.377704076597126, .000000000000000, 
 450.0000000000000, .5436476798745728E-02, .000000000000000, 5.436476798745727, .000000000000000, 
 450.0000000000000, .5495249520894331E-02, .000000000000000, 5.495249520894331, .000000000000000, 
 450.0000000000000, .5554022243042933E-02, .000000000000000, 5.554022243042932, .000000000000000, 
 450.0000000000000, .5612794965191536E-02, .000000000000000, 5.612794965191536, .000000000000000, 
 450.0000000000000, .5671567687340138E-02, .000000000000000, 5.671567687340137, .000000000000000, 
 450.0000000000000, .5730340409488741E-02, .000000000000000, 5.730340409488741, .000000000000000, 
 450.0000000000000, .5789113131637343E-02, .000000000000000, 5.789113131637343, .000000000000000, 
 450.0000000000000, .5847885853785946E-02, .000000000000000, 5.847885853785947, .000000000000000, 
 500.0000000000000, -.5847885853785946E-02, .2365583978597850E-02, -5.847885853785947, 2365.583978597851, 
 500.0000000000000, -.5789113131637344E-02, .2394921824774418E-02, -5.789113131637343, 2394.921824774417, 
 500.0000000000000, -.5730340409488741E-02, .2424260161165360E-02, -5.730340409488741, 2424.260161165360, 
 500.0000000000000, -.5671567687340139E-02, .2453598987765919E-02, -5.671567687340138, 2453.598987765919, 
 500.0000000000000, -.5612794965191536E-02, .2482938304571253E-02, -5.612794965191536, 2482.938304571253, 
 500.0000000000000, -.5554022243042933E-02, .2512278111575767E-02, -5.554022243042933, 2512.278111575768, 
 500.0000000000000, -.5495249520894332E-02, .2541618408775152E-02, -5.495249520894331, 2541.618408775153, 
 500.0000000000000, -.5436476798745729E-02, .2570959196164659E-02, -5.436476798745729, 2570.959196164659, 
 500.0000000000000, -.5377704076597127E-02, .2600300473739040E-02, -5.377704076597126, 2600.300473739040, 
 500.0000000000000, -.5318931354448524E-02, .2629642241494045E-02, -5.318931354448524, 2629.642241494044, 
 500.0000000000000, -.5260158632299922E-02, .2658984499424642E-02, -5.260158632299921, 2658.984499424642, 
 500.0000000000000, -.5201385910151319E-02, .2688327247526396E-02, -5.201385910151319, 2688.327247526396, 
 500.0000000000000, -.5142613188002717E-02, .2717670485794676E-02, -5.142613188002716, 2717.670485794677, 
 500.0000000000000, -.5083840465854114E-02, .2747014214225105E-02, -5.083840465854114, 2747.014214225105, 
 500.0000000000000, -.5025067743705511E-02, .2776358432813067E-02, -5.025067743705511, 2776.358432813067, 
 500.0000000000000, -.4966295021556909E-02, .2805703141554262E-02, -4.966295021556909, 2805.703141554262, 
 500.0000000000000, -.4907522299408306E-02, .2835048340444031E-02, -4.907522299408306, 2835.048340444031, 
 500.0000000000000, -.4848749577259704E-02, .2864394029478366E-02, -4.848749577259704, 2864.394029478366, 
 500.0000000000000, -.4789976855111101E-02, .2893740208652961E-02, -4.789976855111101, 2893.740208652961, 
 500.0000000000000, -.4731204132962500E-02, .2923086877963775E-02, -4.731204132962500, 2923.086877963775, 
 500.0000000000000, -.4672431410813896E-02, .2952434037406190E-02, -4.672431410813896, 2952.434037406190, 
 500.0000000000000, -.4613658688665295E-02, .2981781686976533E-02, -4.613658688665295, 2981.781686976533, 
 500.0000000000000, -.4554885966516692E-02, .3011129826670329E-02, -4.554885966516692, 3011.129826670329, 
 500.0000000000000, -.4496113244368089E-02, .3040478456484156E-02, -4.496113244368090, 3040.478456484156, 
 500.0000000000000, -.4437340522219487E-02, .3069827576413453E-02, -4.437340522219487, 3069.827576413453, 
 500.0000000000000, -.4378567800070884E-02, .3099177186454784E-02, -4.378567800070885, 3099.177186454784, 
 500.0000000000000, -.4319795077922282E-02, .3128527286604284E-02, -4.319795077922282, 3128.527286604285, 
 500.0000000000000, -.4261022355773679E-02, .3157877876857776E-02, -4.261022355773679, 3157.877876857776, 
 500.0000000000000, -.4202249633625077E-02, .3187228957211807E-02, -4.202249633625077, 3187.228957211807, 
 500.0000000000000, -.4143476911476474E-02, .3216580527662628E-02, -4.143476911476474, 3216.580527662628, 
 500.0000000000000, -.4084704189327872E-02, .3245932588206392E-02, -4.084704189327872, 3245.932588206392, 
 500.0000000000000, -.4025931467179269E-02, .3275285138839948E-02, -4.025931467179269, 3275.285138839948, 
 500.0000000000000, -.3967158745030668E-02, .3304638179559223E-02, -3.967158745030667, 3304.638179559223, 
 500.0000000000000, -.3908386022882064E-02, .3333991710361353E-02, -3.908386022882064, 3333.991710361353, 
 500.0000000000000, -.3849613300733462E-02, .3363345731242264E-02, -3.849613300733462, 3363.345731242264, 
 500.0000000000000, -.3790840578584859E-02, .3392700242199096E-02, -3.790840578584859, 3392.700242199096, 
 500.0000000000000, -.3732067856436257E-02, .3422055243228301E-02, -3.732067856436257, 3422.055243228302, 
 500.0000000000000, -.3673295134287655E-02, .3451410734326265E-02, -3.673295134287655, 3451.410734326265, 
 500.0000000000000, -.3614522412139052E-02, .3480766715490205E-02, -3.614522412139052, 3480.766715490205, 
 500.0000000000000, -.3555749689990450E-02, .3510123186717085E-02, -3.555749689990450, 3510.123186717085, 
 500.0000000000000, -.3496976967841847E-02, .3539480148003104E-02, -3.496976967841847, 3539.480148003104, 
 500.0000000000000, -.3438204245693245E-02, .3568837599345942E-02, -3.438204245693245, 3568.837599345942, 
 500.0000000000000, -.3379431523544643E-02, .3598195540742095E-02, -3.379431523544643, 3598.195540742095, 
 500.0000000000000, -.3320658801396040E-02, .3627553972188897E-02, -3.320658801396040, 3627.553972188897, 
 500.0000000000000, -.3261886079247437E-02, .3656912893682973E-02, -3.261886079247438, 3656.912893682973, 
 500.0000000000000, -.3203113357098835E-02, .3686272305221616E-02, -3.203113357098835, 3686.272305221616, 
 500.0000000000000, -.3144340634950232E-02, .3715632206802287E-02, -3.144340634950233, 3715.632206802287, 
 500.0000000000000, -.3085567912801630E-02, .3744992598422110E-02, -3.085567912801630, 3744.992598422109, 
 500.0000000000000, -.3026795190653028E-02, .3774353480078137E-02, -3.026795190653028, 3774.353480078137, 
 500.0000000000000, -.2968022468504425E-02, .3803714851767830E-02, -2.968022468504425, 3803.714851767830, 
 500.0000000000000, -.2909249746355823E-02, .3833076713488795E-02, -2.909249746355822, 3833.076713488795, 
 500.0000000000000, -.2850477024207220E-02, .3862439065238228E-02, -2.850477024207220, 3862.439065238228, 
 500.0000000000000, -.2791704302058618E-02, .3891801907013593E-02, -2.791704302058617, 3891.801907013593, 
 500.0000000000000, -.2732931579910015E-02, .3921165238812525E-02, -2.732931579910015, 3921.165238812525, 
 500.0000000000000, -.2674158857761413E-02, .3950529060632739E-02, -2.674158857761412, 3950.529060632739, 
 500.0000000000000, -.2615386135612810E-02, .3979893372471462E-02, -2.615386135612810, 3979.893372471462, 
 500.0000000000000, -.2556613413464208E-02, .4009258174326747E-02, -2.556613413464208, 4009.258174326746, 
 500.0000000000000, -.2497840691315605E-02, .4038623466196232E-02, -2.497840691315605, 4038.623466196232, 
 500.0000000000000, -.2439067969167003E-02, .4067989248077634E-02, -2.439067969167003, 4067.989248077634, 
 500.0000000000000, -.2380295247018400E-02, .4097355519969058E-02, -2.380295247018400, 4097.355519969058, 
 500.0000000000000, -.2321522524869798E-02, .4126722281868283E-02, -2.321522524869798, 4126.722281868283, 
 500.0000000000000, -.2262749802721196E-02, .4156089533773129E-02, -2.262749802721196, 4156.089533773129, 
 500.0000000000000, -.2203977080572593E-02, .4185457275681600E-02, -2.203977080572593, 4185.457275681600, 
 500.0000000000000, -.2145204358423991E-02, .4214825507591920E-02, -2.145204358423991, 4214.825507591920, 
 500.0000000000000, -.2086431636275388E-02, .4244194229502100E-02, -2.086431636275388, 4244.194229502100, 
 500.0000000000000, -.2027658914126785E-02, .4273563441410212E-02, -2.027658914126786, 4273.563441410211, 
 500.0000000000000, -.1968886191978183E-02, .4302933143314592E-02, -1.968886191978183, 4302.933143314592, 
 500.0000000000000, -.1910113469829580E-02, .4332303335213200E-02, -1.910113469829580, 4332.303335213200, 
 500.0000000000000, -.1851340747680978E-02, .4361674017105077E-02, -1.851340747680978, 4361.674017105077, 
 500.0000000000000, -.1792568025532375E-02, .4391045188987703E-02, -1.792568025532375, 4391.045188987703, 
 500.0000000000000, -.1733795303383773E-02, .4420416850860230E-02, -1.733795303383773, 4420.416850860231, 
 500.0000000000000, -.1675022581235171E-02, .4449789002720580E-02, -1.675022581235171, 4449.789002720579, 
 500.0000000000000, -.1616249859086569E-02, .4479161644567470E-02, -1.616249859086569, 4479.161644567470, 
 500.0000000000000, -.1557477136937966E-02, .4508534776399415E-02, -1.557477136937966, 4508.534776399415, 
 500.0000000000000, -.1498704414789363E-02, .4537908398215152E-02, -1.498704414789364, 4537.908398215152, 
 500.0000000000000, -.1439931692640761E-02, .4567282510013116E-02, -1.439931692640761, 4567.282510013116, 
 500.0000000000000, -.1381158970492158E-02, .4596657111792303E-02, -1.381158970492158, 4596.657111792303, 
 500.0000000000000, -.1322386248343556E-02, .4626032203551201E-02, -1.322386248343556, 4626.032203551201, 
 500.0000000000000, -.1263613526194953E-02, .4655407785288948E-02, -1.263613526194953, 4655.407785288948, 
 500.0000000000000, -.1204840804046351E-02, .4684783857004386E-02, -1.204840804046351, 4684.783857004386, 
 500.0000000000000, -.1146068081897748E-02, .4714160418695826E-02, -1.146068081897748, 4714.160418695827, 
 500.0000000000000, -.1087295359749146E-02, .4743537470363171E-02, -1.087295359749146, 4743.537470363171, 
 500.0000000000000, -.1028522637600543E-02, .4772915012004973E-02, -1.028522637600543, 4772.915012004973, 
 500.0000000000000, -.9697499154519406E-03, .4802293043620168E-02, -.9697499154519406, 4802.293043620169, 
 500.0000000000000, -.9109771933033389E-03, .4831671565207965E-02, -.9109771933033389, 4831.671565207965, 
 500.0000000000000, -.8522044711547364E-03, .4861050576767902E-02, -.8522044711547364, 4861.050576767902, 
 500.0000000000000, -.7934317490061338E-03, .4890430078298701E-02, -.7934317490061339, 4890.430078298701, 
 500.0000000000000, -.7346590268575313E-03, .4919810069800190E-02, -.7346590268575313, 4919.810069800190, 
 500.0000000000000, -.6758863047089288E-03, .4949190551271166E-02, -.6758863047089287, 4949.190551271166, 
 500.0000000000000, -.6171135825603262E-03, .4978571522711141E-02, -.6171135825603262, 4978.571522711141, 
 500.0000000000000, -.5583408604117237E-03, .5007952984120019E-02, -.5583408604117237, 5007.952984120018, 
 500.0000000000000, -.4995681382631212E-03, .5037334935496382E-02, -.4995681382631211, 5037.334935496382, 
 500.0000000000000, -.4407954161145186E-03, .5066717376840936E-02, -.4407954161145186, 5066.717376840937, 
 500.0000000000000, -.3820226939659161E-03, .5096100308151977E-02, -.3820226939659161, 5096.100308151978, 
 500.0000000000000, -.3232499718173135E-03, .5125483729430578E-02, -.3232499718173135, 5125.483729430578, 
 500.0000000000000, -.2644772496687110E-03, .5154867640674669E-02, -.2644772496687110, 5154.867640674669, 
 500.0000000000000, -.2057045275201093E-03, .5184252041885711E-02, -.2057045275201093, 5184.252041885711, 
 500.0000000000000, -.1469318053715068E-03, .5213636933063119E-02, -.1469318053715068, 5213.636933063119, 
 500.0000000000000, -.8815908322290424E-04, .5243022314208189E-02, -.8815908322290425E-01, 5243.022314208189, 
 500.0000000000000, -.2938636107430170E-04, .5272408185309016E-02, -.2938636107430170E-01, 5272.408185309016, 
 500.0000000000000, .2938636107430084E-04, .000000000000000, .2938636107430084E-01, .000000000000000, 
 500.0000000000000, .8815908322290338E-04, .000000000000000, .8815908322290338E-01, .000000000000000, 
 500.0000000000000, .1469318053715059E-03, .000000000000000, .1469318053715059, .000000000000000, 
 500.0000000000000, .2057045275201085E-03, .000000000000000, .2057045275201085, .000000000000000, 
 500.0000000000000, .2644772496687110E-03, .000000000000000, .2644772496687110, .000000000000000, 
 500.0000000000000, .3232499718173135E-03, .000000000000000, .3232499718173135, .000000000000000, 
 500.0000000000000, .3820226939659161E-03, .000000000000000, .3820226939659161, .000000000000000, 
 500.0000000000000, .4407954161145186E-03, .000000000000000, .4407954161145186, .000000000000000, 
 500.0000000000000, .4995681382631212E-03, .000000000000000, .4995681382631211, .000000000000000, 
 500.0000000000000, .5583408604117228E-03, .000000000000000, .5583408604117228, .000000000000000, 
 500.0000000000000, .6171135825603254E-03, .000000000000000, .6171135825603253, .000000000000000, 
 500.0000000000000, .6758863047089279E-03, .000000000000000, .6758863047089279, .000000000000000, 
 500.0000000000000, .7346590268575304E-03, .000000000000000, .7346590268575305, .000000000000000, 
 500.0000000000000, .7934317490061330E-03, .000000000000000, .7934317490061330, .000000000000000, 
 500.0000000000000, .8522044711547355E-03, .000000000000000, .8522044711547355, .000000000000000, 
 500.0000000000000, .9109771933033381E-03, .000000000000000, .9109771933033380, .000000000000000, 
 500.0000000000000, .9697499154519406E-03, .000000000000000, .9697499154519406, .000000000000000, 
 500.0000000000000, .1028522637600543E-02, .000000000000000, 1.028522637600543, .000000000000000, 
 500.0000000000000, .1087295359749146E-02, .000000000000000, 1.087295359749146, .000000000000000, 
 500.0000000000000, .1146068081897748E-02, .000000000000000, 1.146068081897748, .000000000000000, 
 500.0000000000000, .1204840804046351E-02, .000000000000000, 1.204840804046351, .000000000000000, 
 500.0000000000000, .1263613526194953E-02, .000000000000000, 1.263613526194953, .000000000000000, 
 500.0000000000000, .1322386248343555E-02, .000000000000000, 1.322386248343555, .000000000000000, 
 500.0000000000000, .1381158970492158E-02, .000000000000000, 1.381158970492157, .000000000000000, 
 500.0000000000000, .1439931692640760E-02, .000000000000000, 1.439931692640760, .000000000000000, 
 500.0000000000000, .1498704414789363E-02, .000000000000000, 1.498704414789363, .000000000000000, 
 500.0000000000000, .1557477136937965E-02, .000000000000000, 1.557477136937965, .000000000000000, 
 500.0000000000000, .1616249859086568E-02, .000000000000000, 1.616249859086568, .000000000000000, 
 500.0000000000000, .1675022581235170E-02, .000000000000000, 1.675022581235170, .000000000000000, 
 500.0000000000000, .1733795303383773E-02, .000000000000000, 1.733795303383773, .000000000000000, 
 500.0000000000000, .1792568025532375E-02, .000000000000000, 1.792568025532375, .000000000000000, 
 500.0000000000000, .1851340747680978E-02, .000000000000000, 1.851340747680978, .000000000000000, 
 500.0000000000000, .1910113469829580E-02, .000000000000000, 1.910113469829580, .000000000000000, 
 500.0000000000000, .1968886191978182E-02, .000000000000000, 1.968886191978182, .000000000000000, 
 500.0000000000000, .2027658914126785E-02, .000000000000000, 2.027658914126786, .000000000000000, 
 500.0000000000000, .2086431636275387E-02, .000000000000000, 2.086431636275387, .000000000000000, 
 500.0000000000000, .2145204358423991E-02, .000000000000000, 2.145204358423991, .000000000000000, 
 500.0000000000000, .2203977080572592E-02, .000000000000000, 2.203977080572592, .000000000000000, 
 500.0000000000000, .2262749802721196E-02, .000000000000000, 2.262749802721196, .000000000000000, 
 500.0000000000000, .2321522524869797E-02, .000000000000000, 2.321522524869797, .000000000000000, 
 500.0000000000000, .2380295247018401E-02, .000000000000000, 2.380295247018401, .000000000000000, 
 500.0000000000000, .2439067969167002E-02, .000000000000000, 2.439067969167002, .000000000000000, 
 500.0000000000000, .2497840691315604E-02, .000000000000000, 2.497840691315604, .000000000000000, 
 500.0000000000000, .2556613413464207E-02, .000000000000000, 2.556613413464207, .000000000000000, 
 500.0000000000000, .2615386135612809E-02, .000000000000000, 2.615386135612809, .000000000000000, 
 500.0000000000000, .2674158857761413E-02, .000000000000000, 2.674158857761412, .000000000000000, 
 500.0000000000000, .2732931579910014E-02, .000000000000000, 2.732931579910014, .000000000000000, 
 500.0000000000000, .2791704302058618E-02, .000000000000000, 2.791704302058617, .000000000000000, 
 500.0000000000000, .2850477024207219E-02, .000000000000000, 2.850477024207219, .000000000000000, 
 500.0000000000000, .2909249746355823E-02, .000000000000000, 2.909249746355822, .000000000000000, 
 500.0000000000000, .2968022468504424E-02, .000000000000000, 2.968022468504425, .000000000000000, 
 500.0000000000000, .3026795190653028E-02, .000000000000000, 3.026795190653028, .000000000000000, 
 500.0000000000000, .3085567912801629E-02, .000000000000000, 3.085567912801630, .000000000000000, 
 500.0000000000000, .3144340634950233E-02, .000000000000000, 3.144340634950233, .000000000000000, 
 500.0000000000000, .3203113357098834E-02, .000000000000000, 3.203113357098835, .000000000000000, 
 500.0000000000000, .3261886079247436E-02, .000000000000000, 3.261886079247436, .000000000000000, 
 500.0000000000000, .3320658801396040E-02, .000000000000000, 3.320658801396040, .000000000000000, 
 500.0000000000000, .3379431523544641E-02, .000000000000000, 3.379431523544641, .000000000000000, 
 500.0000000000000, .3438204245693245E-02, .000000000000000, 3.438204245693245, .000000000000000, 
 500.0000000000000, .3496976967841846E-02, .000000000000000, 3.496976967841846, .000000000000000, 
 500.0000000000000, .3555749689990450E-02, .000000000000000, 3.555749689990450, .000000000000000, 
 500.0000000000000, .3614522412139051E-02, .000000000000000, 3.614522412139051, .000000000000000, 
 500.0000000000000, .3673295134287655E-02, .000000000000000, 3.673295134287655, .000000000000000, 
 500.0000000000000, .3732067856436256E-02, .000000000000000, 3.732067856436256, .000000000000000, 
 500.0000000000000, .3790840578584860E-02, .000000000000000, 3.790840578584860, .000000000000000, 
 500.0000000000000, .3849613300733462E-02, .000000000000000, 3.849613300733461, .000000000000000, 
 500.0000000000000, .3908386022882065E-02, .000000000000000, 3.908386022882065, .000000000000000, 
 500.0000000000000, .3967158745030667E-02, .000000000000000, 3.967158745030666, .000000000000000, 
 500.0000000000000, .4025931467179268E-02, .000000000000000, 4.025931467179269, .000000000000000, 
 500.0000000000000, .4084704189327872E-02, .000000000000000, 4.084704189327872, .000000000000000, 
 500.0000000000000, .4143476911476473E-02, .000000000000000, 4.143476911476474, .000000000000000, 
 500.0000000000000, .4202249633625077E-02, .000000000000000, 4.202249633625077, .000000000000000, 
 500.0000000000000, .4261022355773678E-02, .000000000000000, 4.261022355773679, .000000000000000, 
 500.0000000000000, .4319795077922282E-02, .000000000000000, 4.319795077922282, .000000000000000, 
 500.0000000000000, .4378567800070884E-02, .000000000000000, 4.378567800070884, .000000000000000, 
 500.0000000000000, .4437340522219487E-02, .000000000000000, 4.437340522219487, .000000000000000, 
 500.0000000000000, .4496113244368089E-02, .000000000000000, 4.496113244368089, .000000000000000, 
 500.0000000000000, .4554885966516692E-02, .000000000000000, 4.554885966516692, .000000000000000, 
 500.0000000000000, .4613658688665294E-02, .000000000000000, 4.613658688665294, .000000000000000, 
 500.0000000000000, .4672431410813897E-02, .000000000000000, 4.672431410813897, .000000000000000, 
 500.0000000000000, .4731204132962499E-02, .000000000000000, 4.731204132962499, .000000000000000, 
 500.0000000000000, .4789976855111100E-02, .000000000000000, 4.789976855111100, .000000000000000, 
 500.0000000000000, .4848749577259704E-02, .000000000000000, 4.848749577259704, .000000000000000, 
 500.0000000000000, .4907522299408306E-02, .000000000000000, 4.907522299408305, .000000000000000, 
 500.0000000000000, .4966295021556909E-02, .000000000000000, 4.966295021556909, .000000000000000, 
 500.0000000000000, .5025067743705511E-02, .000000000000000, 5.025067743705510, .000000000000000, 
 500.0000000000000, .5083840465854114E-02, .000000000000000, 5.083840465854114, .000000000000000, 
 500.0000000000000, .5142613188002716E-02, .000000000000000, 5.142613188002715, .000000000000000, 
 500.0000000000000, .5201385910151319E-02, .000000000000000, 5.201385910151319, .000000000000000, 
 500.0000000000000, .5260158632299921E-02, .000000000000000, 5.260158632299921, .000000000000000, 
 500.0000000000000, .5318931354448524E-02, .000000000000000, 5.318931354448524, .000000000000000, 
 500.0000000000000, .5377704076597126E-02, .000000000000000, 5.377704076597126, .000000000000000, 
 500.0000000000000, .5436476798745728E-02, .000000000000000, 5.436476798745727, .000000000000000, 
 500.0000000000000, .5495249520894331E-02, .000000000000000, 5.495249520894331, .000000000000000, 
 500.0000000000000, .5554022243042933E-02, .000000000000000, 5.554022243042932, .000000000000000, 
 500.0000000000000, .5612794965191536E-02, .000000000000000, 5.612794965191536, .000000000000000, 
 500.0000000000000, .5671567687340138E-02, .000000000000000, 5.671567687340137, .000000000000000, 
 500.0000000000000, .5730340409488741E-02, .000000000000000, 5.730340409488741, .000000000000000, 
 500.0000000000000, .5789113131637343E-02, .000000000000000, 5.789113131637343, .000000000000000, 
 500.0000000000000, .5847885853785946E-02, .000000000000000, 5.847885853785947, .000000000000000, 
